ps_mean,ps_std,ps_max,ps_min,ps_range,ps_trend,ps_instability,flow_mean,flow_std,flow_max,flow_min,flow_drop,flow_imbalance,temp_mean,temp_max,temp_min,temp_std,temp_gradient,vibration_mean,vibration_std,vibration_max,vibration_spikes,power_mean,power_std,power_max,system_efficiency,cooling_efficiency,system_health_score,anomaly_indicator,cooler_condition,valve_condition,pump_leak,accumulator_pressure,stable_flag
48.617024583331634,66.1161508132749,191.51,0.0,191.51,-141.855,142.89297541666835,8.507203333333349,2.789286219926067,18.71,0.0,0.0,18.71,36.70425416666671,41.25,30.363,3.4895745502601843,-2.0150000000000006,0.5769500000000001,0.02707830766061112,0.624,0.047049999999999925,2538.929166666707,185.61612099536987,2951.6,59.15718333333337,39.60135,31.2761606944439,68.93251534086158,3,100,0,130,1
48.51651244444339,66.11884549599812,191.47,0.0,191.47,-141.59300000000002,142.9534875555566,8.559206666666679,2.813885339326146,18.712,0.0,0.0,18.712,37.92064166666665,42.105,33.648,2.657144800402649,-1.0349999999999966,0.5658500000000001,0.02724081247699449,0.626,0.060149999999999926,2531.498900000043,189.94008895356612,2947.4,59.33561666666665,25.786433333333324,31.66545359259224,68.95997164780125,3,100,0,130,1
48.406214222219674,66.033557573353,191.41,0.0,191.41,-141.387,143.0037857777803,8.54238583333334,2.8051131150614137,18.698,0.0,0.0,18.698,38.90033749999998,43.039,35.098,2.520979803595416,-1.3669999999999973,0.5765333333333332,0.03672918142787259,0.662,0.0854666666666668,2519.9280000000276,190.73684957806262,2939.8,59.543150000000004,22.21823333333334,31.949645851851,68.87539986984228,3,100,0,130,1
48.329287861110345,65.99384544808892,191.34,0.0,191.34,-141.155,143.01071213888966,8.511621666666677,2.787085098506889,18.896,0.0,0.0,18.896,39.81647083333332,43.988,36.105,2.512110504621615,-1.6450000000000031,0.5692666666666667,0.033463801169331675,0.645,0.07573333333333332,2511.541633333386,191.27060661313834,2929.6,59.79489999999999,20.45981666666667,32.21912678703678,68.81439434776514,3,100,0,130,1
48.24566852777799,65.92881543914886,191.41,0.0,191.41,-141.179,143.16433147222202,8.46402916666667,2.7712939222173345,18.876,0.0,0.0,18.876,40.71877916666668,44.887,36.992,2.5369659697721074,-1.7070000000000007,0.5773666666666666,0.0334835991558461,0.66,0.08263333333333345,2503.4495000000343,191.25836911634178,2923.8,59.455266666666674,19.787016666666677,32.47615895370378,68.73359296052205,3,100,0,130,1
48.20486880555465,65.90785217435518,191.28,0.0,191.28,-141.09400000000002,143.07513119444536,8.438871666666682,2.746027594815852,18.96,0.0,0.0,18.96,41.54156249999999,45.687,37.824,2.548850151011572,-1.8510000000000062,0.5726833333333334,0.03073147322091283,0.643,0.07031666666666658,2501.007066666737,191.5185712942411,2920.6,59.56333333333331,19.149683333333336,32.72843432407378,68.68461124239195,3,100,0,130,1
48.10241702777625,65.81824920167281,191.19,0.0,191.19,-140.82999999999998,143.08758297222374,8.419691666666665,2.738378113136675,19.208,0.0,0.0,19.208,42.30777083333333,46.457,38.562,2.5616488727503035,-1.9960000000000022,0.5730333333333333,0.03288808277629701,0.649,0.07596666666666674,2494.4169000000775,193.34185518544888,2921.6,59.789899999999975,18.666383333333332,32.94329317592541,68.58951539758579,3,100,0,130,1
48.073384638888236,65.8098905236042,191.17,0.0,191.17,-140.661,143.09661536111176,8.3870025,2.7264631008005784,19.333,0.0,0.0,19.333,42.989837500000014,47.117,39.227,2.581527568813865,-2.246000000000002,0.5720000000000002,0.03794911847751326,0.669,0.09699999999999986,2489.421533333364,192.12302669352226,2913.0,59.59061666666667,18.178433333333334,33.150074879629415,68.57430274288228,3,100,0,130,1
48.010881138888294,65.76074008234798,191.14,0.0,191.14,-140.792,143.1291188611117,8.35568083333333,2.7159371005685147,19.577,0.0,0.0,19.577,43.62830000000001,47.789,39.789,2.631911453916189,-2.370999999999995,0.5670666666666666,0.032561736235444595,0.65,0.08293333333333341,2484.4190666666937,193.52966557706847,2909.4,59.608883333333324,18.334866666666663,33.33162065740721,68.50923891915194,3,100,0,130,1
47.98567355555598,65.754177493454,191.16,0.0,191.16,-140.673,143.17432644444403,8.328875833333322,2.7047811155097783,19.432,0.0,0.0,19.432,44.230983333333356,48.422,40.375,2.6667877845053902,-2.503999999999998,0.5716833333333334,0.03181434047543662,0.653,0.08131666666666659,2480.434866666682,192.79525118407025,2905.4,59.47373333333334,18.205733333333335,33.515177574074215,68.4907729494392,3,100,0,130,1
47.9406778888882,65.71083894164038,191.16,0.0,191.16,-140.873,143.2193221111118,8.311811666666658,2.69284156935171,19.415,0.0,0.0,19.415,44.789416666666654,48.984,40.875,2.7042852251196723,-2.6799999999999997,0.5686999999999998,0.03566857801520994,0.657,0.08830000000000027,2478.794900000022,192.9801941302382,2905.4,59.584349999999986,18.11201666666667,33.68063540740717,68.4393490890073,3,100,0,130,1
47.89016730555446,65.67755483263588,191.06,0.0,191.06,-140.63600000000002,143.16983269444555,8.297380000000002,2.680345409680625,19.707,0.0,0.0,19.707,45.31051250000003,49.508,41.297,2.7250849189965947,-2.7890000000000015,0.5781499999999998,0.034495307959002776,0.662,0.0838500000000002,2472.2732000000046,193.74692157562143,2899.4,59.758183333333314,18.06883333333333,33.8326866018515,68.39239555027551,3,100,0,130,1
47.845809999999865,65.64378183883844,191.08,0.0,191.08,-140.60399999999998,143.23419000000015,8.28502999999999,2.6788975974670555,19.628,0.0,0.0,19.628,45.79779166666663,49.969,41.793,2.726814274993226,-2.8830000000000027,0.5842333333333335,0.03512465292266748,0.681,0.09676666666666656,2467.2288333333895,192.6308516726788,2891.4,59.73681666666666,17.742283333333333,33.9762105555555,68.35780408922815,3,100,0,130,1
47.82130077777837,65.6312359460978,191.0,0.0,191.0,-140.59199999999998,143.17869922222164,8.278319999999988,2.6712875082488665,20.121,0.0,0.0,20.121,46.2502208333333,50.41,42.195,2.7483046286359394,-2.969000000000001,0.5885666666666669,0.03840743513235853,0.671,0.08243333333333314,2465.307166666711,192.51347156695644,2887.6,59.91648333333331,17.678150000000002,34.11661387037055,68.34093088947903,3,100,0,130,1
47.77886549999971,65.5931132841989,190.94,0.0,190.94,-140.602,143.1611345000003,8.263032499999968,2.6666377213746086,20.479,0.0,0.0,20.479,46.671366666666664,50.836,42.605,2.7783027070387116,-3.0549999999999997,0.5824666666666666,0.03346765028828897,0.671,0.08853333333333346,2461.772333333357,193.85837497035453,2888.6,60.047316666666674,17.77883333333333,34.23775488888878,68.2932186558618,3,100,0,130,1
47.735334749999005,65.54399790988597,190.98,0.0,190.98,-140.491,143.244665250001,8.242644999999982,2.6649905915442145,20.479,0.0,0.0,20.479,47.059520833333366,51.227,42.914,2.7950385659840578,-3.1370000000000005,0.5823666666666666,0.03514857890256811,0.675,0.09263333333333346,2459.5113666667007,193.27550053567776,2885.6,59.811099999999996,17.692366666666665,34.34583352777745,68.24413708033275,3,100,0,130,1
47.71628883333242,65.52282247586287,190.9,0.0,190.9,-140.518,143.1837111666676,8.22449666666666,2.640731111641663,19.561,0.0,0.0,19.561,47.4116541666667,51.594,43.273,2.8257672296889993,-3.2150000000000034,0.5848999999999999,0.031460332839512065,0.666,0.08110000000000017,2458.1661000000317,193.32443154818512,2885.4,59.86661666666667,17.721516666666673,34.45081322222193,68.19501392034404,3,100,0,130,1
47.69860280555449,65.51511929100396,190.89,0.0,190.89,-140.339,143.1913971944455,8.209609166666663,2.6437629461013747,19.757,0.0,0.0,19.757,47.745437499999994,51.945,43.531,2.8527252396872247,-3.351000000000006,0.5930833333333333,0.04309008760396658,0.696,0.10291666666666666,2455.5882333333693,193.932853998978,2885.8,59.76801666666668,17.820150000000005,34.55121649074038,68.2019723247093,3,100,0,130,1
47.64677688888724,65.46049463421933,190.9,0.0,190.9,-140.369,143.25322311111276,8.21037916666665,2.637761576067124,20.343,0.0,0.0,20.343,48.062587499999985,52.289,43.852,2.8619405683171513,-3.2850000000000037,0.6039000000000001,0.030539055294902064,0.688,0.08409999999999984,2452.2997666667193,193.96646268032956,2881.4,60.096300000000035,17.555983333333337,34.63991451851796,68.12879526558135,3,100,0,130,1
47.61971547222129,65.43122155074497,190.8,0.0,190.8,-140.142,143.18028452777872,8.19490749999998,2.62653464806609,19.874,0.0,0.0,19.874,48.363675000000036,52.598,44.16,2.8849309228295064,-3.352000000000004,0.60335,0.03705690767967102,0.715,0.11164999999999992,2448.326333333376,195.1657002864923,2881.4,60.01890000000001,17.66436666666666,34.726099324073765,68.09481310649072,3,100,0,130,1
47.630388666665056,65.44170200528633,190.82,0.0,190.82,-140.321,143.18961133333494,8.167053333333326,2.626631633595467,20.479,0.0,0.0,20.479,48.614149999999995,52.848,44.391,2.9111929233254337,-3.4450000000000003,0.6186666666666666,0.03752995037488383,0.706,0.08733333333333337,2444.7216333333554,193.28400743445005,2875.6,59.94155000000003,17.734166666666667,34.80386399999946,68.10586358925669,3,100,0,130,1
47.61628069444306,65.41523576235561,190.89,0.0,190.89,-140.22899999999998,143.27371930555694,8.150519166666658,2.6010192249975095,19.801,0.0,0.0,19.801,48.851387500000016,53.09,44.566,2.942413651422486,-3.5700000000000003,0.6307000000000004,0.029548753164208512,0.712,0.0812999999999996,2441.7758000000345,193.21885360541665,2869.4,60.1872,17.942616666666666,34.87272912036991,68.04580374051733,3,100,0,130,1
47.608552527776936,65.400230791536,190.85,0.0,190.85,-140.151,143.24144747222306,8.134498333333333,2.609970612317603,20.479,0.0,0.0,20.479,49.06825833333332,53.309,44.762,2.954925576577214,-3.5899999999999963,0.6217333333333335,0.04110254504333701,0.723,0.1012666666666665,2438.77120000002,193.9906329478443,2867.4,60.08256666666666,17.955650000000002,34.93710306481453,68.05130394889693,3,100,0,130,1
47.601899027776774,65.39588576291467,190.8,0.0,190.8,-140.05800000000002,143.19810097222324,8.124816666666657,2.600354036598081,19.905,0.0,0.0,19.905,49.27452499999995,53.484,44.937,2.9535095709990964,-3.6640000000000015,0.6250333333333333,0.026882649351546297,0.691,0.06596666666666662,2437.650633333358,193.01604175558754,2865.4,59.9592,17.929516666666675,35.00041356481446,68.0231224488643,3,100,0,130,1
47.58448547222082,65.36871411124,190.78,0.0,190.78,-140.043,143.19551452777918,8.120693333333335,2.603691237007622,20.479,0.0,0.0,20.479,49.464787499999986,53.687,45.094,2.9715915140212203,-3.6799999999999997,0.6333000000000002,0.03195457581089503,0.722,0.08869999999999978,2437.126766666705,192.90347189321648,2867.8,60.04371666666667,17.960766666666668,35.056655435184716,68.00435992405852,3,100,0,130,1
47.532931777776675,65.32314998465968,190.7,0.0,190.7,-139.718,143.16706822222332,8.121374166666657,2.5939622316478164,20.318,0.0,0.0,20.318,49.65708750000003,53.887,45.266,3.0101653029871183,-3.6950000000000003,0.6361166666666666,0.032077285731292884,0.714,0.07788333333333342,2434.6056000000435,193.75465917829922,2867.8,60.35078333333334,18.28901666666666,35.10379781481445,67.94918950203879,3,100,0,130,1
47.506092833332296,65.2931799164999,190.79,0.0,190.79,-139.66899999999998,143.2839071666677,8.104510833333334,2.5834578359647775,20.479,0.0,0.0,20.479,49.851712499999984,54.117,45.355,3.018582143240702,-3.8119999999999976,0.6377333333333333,0.042575900984392206,0.762,0.12426666666666675,2432.505433333377,193.71330903725206,2863.8,60.21648333333334,18.268216666666675,35.15410538888854,67.91921365344906,3,100,0,130,1
47.498464722220945,65.2857245312099,190.76,0.0,190.76,-139.63000000000002,143.26153527777905,8.10049166666666,2.589098236129231,20.463,0.0,0.0,20.463,50.00087499999997,54.273,45.344,3.071891148978353,-3.9029999999999987,0.6266999999999999,0.03138730176145136,0.723,0.09630000000000005,2432.6523666667113,193.6267687209763,2865.4,60.43135,18.6461,35.199943796295855,67.90621006910058,3,100,0,130,1
47.44589269444395,65.21241626150548,190.8,0.0,190.8,-139.596,143.35410730555606,8.089695,2.5770336012801174,20.479,0.0,0.0,20.479,50.17634166666666,54.418,45.602,3.0405306324927754,-3.953000000000003,0.63505,0.033062050035386086,0.72,0.08494999999999997,2428.3547000000476,194.18855577447303,2861.6,60.35935000000001,18.258216666666662,35.23730978703687,67.82251191282099,3,100,0,130,1
47.40183327777672,65.15326078114325,190.69,0.0,190.69,-139.192,143.28816672222328,8.08774583333334,2.5765155390892973,20.479,0.0,0.0,20.479,50.29271666666668,54.625,45.699,3.0899737624194685,-4.0120000000000005,0.6339666666666663,0.03262159348624652,0.726,0.09203333333333363,2425.8440333333606,195.5066973426994,2861.6,60.39046666666666,18.431566666666665,35.26076525925891,67.76239791371879,3,100,0,130,1
47.39852149999913,65.15471252198432,190.69,0.0,190.69,-139.415,143.29147850000086,8.075500833333336,2.5685373136493426,20.46,0.0,0.0,20.46,50.42431666666664,54.691,45.77,3.083966479484331,-4.0660000000000025,0.6377833333333331,0.04868372214878282,0.804,0.1662166666666669,2425.4720666666794,195.44520431835633,2863.8,60.146883333333335,18.57785,35.29944633333304,67.77193355778245,3,100,0,130,1
47.37921336110929,65.13240529578442,190.72,0.0,190.72,-139.481,143.3407866388907,8.06500833333334,2.5658397403010147,20.253,0.0,0.0,20.253,50.551095833333314,54.809,45.93,3.0776368690751217,-3.9650000000000034,0.6265999999999999,0.03414932314389907,0.712,0.08540000000000003,2424.278466666699,195.8682243666261,2861.4,60.064700000000016,18.483833333333333,35.33177250925865,67.73239435922933,3,100,0,130,1
47.40003744444287,65.16538433284678,190.63,0.0,190.63,-139.09300000000002,143.2299625555571,8.068388333333333,2.5678809018596773,20.479,0.0,0.0,20.479,50.638762500000055,54.937,45.957,3.1144958889204704,-4.097000000000001,0.6342499999999999,0.03503926369089397,0.734,0.09975000000000012,2424.3659666666954,195.82091541393413,2861.6,60.37018333333334,18.74293333333333,35.36906275925875,67.76830449839736,3,100,0,130,1
47.36384763888744,65.12104915406219,190.58,0.0,190.58,-139.242,143.21615236111256,8.060358333333328,2.562598611689786,20.479,0.0,0.0,20.479,50.77251666666668,55.102,45.93,3.1238728376803704,-4.042999999999999,0.6351833333333337,0.0420102859344445,0.752,0.11681666666666635,2423.3834000000693,195.49750403382112,2857.6,60.2071166666667,18.70531666666668,35.39890754629582,67.72565805168641,3,100,0,130,1
47.34624572222126,65.10148889575345,190.7,0.0,190.7,-139.22,143.35375427777873,8.05474916666666,2.5660092190681865,20.479,0.0,0.0,20.479,50.901808333333335,55.223,46.184,3.1131121166730074,-4.088999999999999,0.6517333333333332,0.06755107713870202,0.965,0.3132666666666668,2421.670400000036,196.2070525535511,2861.4,60.33853333333333,18.63385,35.43426774074042,67.73504919196034,3,100,0,130,1
47.33782216666589,65.09037182638117,190.58,0.0,190.58,-139.24699999999999,143.24217783333413,8.045274166666667,2.55441496573683,20.479,0.0,0.0,20.479,50.975037500000035,55.305,46.195,3.151634892638393,-4.183,0.6418499999999997,0.05187266841809432,0.841,0.19915000000000027,2421.08556666672,195.49404097914413,2855.6,60.19851666666667,18.90718333333333,35.45271127777753,67.6966594605361,3,100,0,130,1
47.32194191666534,65.07368042576296,190.56,0.0,190.56,-139.228,143.23805808333466,8.041958333333339,2.5509200044274314,20.423,0.0,0.0,20.423,51.08833333333333,55.449,46.281,3.148930651547701,-4.192,0.6413,0.05475439770280203,0.808,0.16670000000000007,2421.49443333333,195.3724904825441,2855.6,60.00498333333332,18.781366666666667,35.48407786111067,67.67935482789319,3,100,0,130,1
47.318254777777085,65.07005779460374,190.56,0.0,190.56,-139.135,143.2417452222229,8.041260000000012,2.554433810549231,20.479,0.0,0.0,20.479,51.17193750000003,55.477,46.391,3.148016275193118,-4.192,0.6397333333333332,0.04941380671214587,0.826,0.1862666666666668,2422.784233333408,195.42376663592697,2856.6,60.197849999999974,18.718599999999988,35.51048409259237,67.67390541186512,3,100,0,130,1
47.33988822222157,65.10591106665909,190.56,0.0,190.56,-139.28099999999998,143.22011177777844,8.039080000000007,2.554360724824727,20.479,0.0,0.0,20.479,51.25533333333331,55.52,46.547,3.144917723367393,-4.149000000000001,0.6484666666666669,0.05597471180436681,0.897,0.24853333333333316,2424.23563333339,196.14140835702594,2859.4,60.25461666666668,18.847166666666666,35.54476718518496,67.71624650328819,3,100,0,130,1
47.311014777777025,65.06090842748678,190.6,0.0,190.6,-139.44899999999998,143.28898522222298,8.037115833333333,2.548947931738681,20.479,0.0,0.0,20.479,51.294808333333314,55.645,46.441,3.204256113896782,-4.437999999999995,0.630733333333333,0.03980966012851683,0.734,0.10326666666666695,2420.9752000000203,196.71375141295835,2861.6,60.2739,19.20806666666667,35.54764631481456,67.64966601935397,3,100,0,130,1
47.330361888887964,65.08485569927939,190.93,0.0,190.93,-139.33499999999998,143.59963811111203,8.031373333333333,2.5505496479931447,20.479,0.0,0.0,20.479,51.34578333333332,55.723,46.406,3.2661141567735665,-4.352000000000004,0.6316500000000002,0.04486772461206839,0.781,0.14934999999999987,2424.3420666666616,194.59312229436478,2859.8,59.956750000000014,19.655400000000004,35.56917285185154,67.68027307188461,3,100,0,130,1
47.29872399999911,65.04163102423749,190.59,0.0,190.59,-139.042,143.2912760000009,8.025784166666677,2.5454696270566384,20.479,0.0,0.0,20.479,51.45789583333333,55.773,46.566,3.194569672237177,-4.277999999999999,0.6349833333333331,0.03417725066878312,0.733,0.09801666666666686,2421.636500000038,196.60932761621697,2859.8,60.021016666666654,19.02315,35.59413466666637,67.6212779019629,3,100,0,130,1
47.282295333332826,65.02473946962611,190.59,0.0,190.59,-139.09099999999998,143.30770466666718,8.020796666666676,2.5352293591655966,20.347,0.0,0.0,20.347,51.52358749999996,55.891,46.672,3.2045867677665325,-4.312999999999995,0.6306666666666667,0.043722416647689145,0.75,0.11933333333333329,2421.6704333333437,196.28590720011746,2859.8,59.99605,18.979666666666674,35.60889316666649,67.60369124543939,3,100,0,130,1
47.280077694443655,65.01957612905339,190.6,0.0,190.6,-139.012,143.31992230555633,8.021055833333355,2.53675606312849,20.479,0.0,0.0,20.479,51.57412916666661,55.941,46.68,3.2282417880052865,-4.382999999999996,0.63965,0.06311593448916587,0.908,0.26835,2420.5835333333716,197.13083931782612,2861.0,60.064283333333314,19.269750000000002,35.62508756481454,67.61944812667105,3,100,0,130,1
47.26795652777703,65.00413006209685,190.55,0.0,190.55,-139.014,143.282043472223,8.020456666666679,2.53446139549608,20.479,0.0,0.0,20.479,51.652537499999994,55.977,46.777,3.213191868197644,-4.511000000000003,0.6396,0.05781243781490014,0.846,0.20640000000000003,2418.8604000000146,196.35190294503988,2857.8,60.249083333333346,19.124633333333335,35.64698356481457,67.59640389540783,3,100,0,130,1
47.26276608333289,64.99964451096032,190.55,0.0,190.55,-138.92200000000003,143.2872339166671,8.012685000000026,2.531911249679817,20.479,0.0,0.0,20.479,51.69472916666665,56.047,46.766,3.2269094139242496,-4.445,0.6409500000000001,0.056350424479173634,0.839,0.19804999999999984,2419.733266666679,195.82994888799774,2853.6,60.06354999999999,19.306649999999998,35.656726749999855,67.58790618511932,3,100,0,130,1
47.26099280555497,65.0010967688256,190.58,0.0,190.58,-139.0,143.31900719444505,8.023826666666686,2.5388316036217353,20.479,0.0,0.0,20.479,51.75185416666667,56.141,46.812,3.2365319899144964,-4.449000000000005,0.6575333333333332,0.07195631128999927,0.875,0.2174666666666668,2422.4907333333667,196.13585969944123,2861.0,60.36428333333333,19.371349999999996,35.678891212962775,67.61188468373733,3,100,0,130,1
47.24866027777722,64.99080392358637,190.56,0.0,190.56,-139.062,143.31133972222278,8.021678333333355,2.5406893507165713,20.479,0.0,0.0,20.479,51.78403749999997,56.215,46.812,3.277923314844643,-4.506999999999998,0.6304666666666668,0.05134214466896607,0.777,0.14653333333333318,2417.8548333333783,198.06617869244914,2862.2,60.4761333333333,19.592466666666667,35.68479203703685,67.58283541897191,3,100,0,130,1
47.25025108333277,64.9978403827692,190.55,0.0,190.55,-139.01,143.29974891666723,8.014449166666687,2.527819740992574,20.479,0.0,0.0,20.479,51.83511249999995,56.234,46.828,3.274301024111225,-4.3870000000000005,0.6288333333333337,0.041771438894831404,0.747,0.11816666666666631,2417.662566666704,196.12087331941703,2853.4,60.34396666666665,19.549250000000004,35.69993758333314,67.5674315626566,3,100,0,130,1
47.256804305554766,65.00308619758191,190.78,0.0,190.78,-138.941,143.52319569444523,8.00802500000001,2.5284225556444433,20.479,0.0,0.0,20.479,51.88986250000001,56.289,46.852,3.282629262074539,-4.472000000000001,0.6278166666666667,0.04211666269822621,0.746,0.1181833333333333,2417.009200000045,197.1200547416647,2855.6,60.250750000000004,19.6313,35.718230601851594,67.57362541592457,3,100,0,130,1
47.26582972222138,65.0201791002413,190.56,0.0,190.56,-139.089,143.29417027777862,8.00666500000001,2.5271208867184027,20.479,0.0,0.0,20.479,51.92582916666665,56.379,46.918,3.315709954455398,-4.515999999999998,0.6350666666666668,0.04087511640647569,0.756,0.12093333333333323,2417.6376333333606,196.664303450764,2855.8,60.23301666666668,19.808566666666664,35.73277462962935,67.58817510336618,3,100,0,130,1
47.245281972221214,64.98784189183613,190.63,0.0,190.63,-138.895,143.38471802777877,8.001180833333347,2.5253529471585563,20.479,0.0,0.0,20.479,52.01308333333332,56.398,46.988,3.272259769852434,-4.3940000000000055,0.6599,0.09344946971401448,1.028,0.3681,2415.6082333333397,196.21373473118987,2851.4,60.22478333333331,19.529083333333332,35.75318204629596,67.6066443087087,3,100,0,130,1
47.237744777777074,64.98334255805206,190.58,0.0,190.58,-138.857,143.34225522222295,8.003728333333363,2.5210203954733386,20.479,0.0,0.0,20.479,52.05059999999999,56.484,47.094,3.2858331369964757,-4.601000000000006,0.6257000000000001,0.04123611219735128,0.74,0.11429999999999985,2416.2641333333722,196.3212186793186,2853.4,60.287916666666696,19.51226666666666,35.764024370370144,67.54559906572275,3,100,0,130,1
47.23623227777759,64.98166070686575,190.54,0.0,190.54,-138.867,143.3037677222224,7.998850000000016,2.5242465687375217,20.479,0.0,0.0,20.479,52.055437500000004,56.488,46.949,3.3302861029434334,-4.582000000000001,0.6337166666666668,0.06616289391398662,0.873,0.23928333333333318,2416.1488666666874,196.54634234576113,2851.8,60.20833333333335,19.745649999999998,35.763506592592535,67.57207016951726,3,100,0,130,1
47.27135349999866,65.0273073612664,190.5,0.0,190.5,-139.005,143.22864650000133,8.000886666666682,2.5199571515259596,20.479,0.0,0.0,20.479,52.11145833333334,56.551,47.066,3.3352788894218657,-4.463999999999999,0.6483833333333338,0.09061898100019733,0.995,0.34661666666666624,2416.865166666687,195.8892419859409,2851.8,60.380666666666684,19.879166666666666,35.79456616666622,67.63788349379254,3,100,0,130,1
47.24289799999915,64.98515715797261,190.56,0.0,190.56,-138.871,143.31710200000086,8.000368333333341,2.5220453729826855,20.479,0.0,0.0,20.479,52.1767041666667,56.578,47.168,3.288118185984726,-4.527000000000001,0.6352000000000001,0.05369872011857342,0.793,0.15779999999999994,2415.1581333333625,196.5994240821688,2855.8,60.53701666666666,19.571283333333337,35.806656833333065,67.56090125107387,3,100,0,130,1
47.22805527777654,64.96989988332649,190.54,0.0,190.54,-138.88500000000002,143.31194472222344,7.997328333333339,2.5248697130916073,20.479,0.0,0.0,20.479,52.22693333333333,56.602,47.25,3.2696496843390523,-4.531000000000006,0.6404833333333336,0.05413526425684273,0.805,0.16451666666666642,2413.122133333363,196.2650961364309,2851.6,60.63811666666667,19.413766666666664,35.81743898148107,67.54890486067494,3,100,0,130,1
47.233047111110054,64.97370520243294,190.55,0.0,190.55,-138.701,143.31695288888994,7.986042500000012,2.516728995751986,20.479,0.0,0.0,20.479,52.23658333333332,56.672,47.117,3.3074633432715586,-4.703000000000003,0.6380499999999999,0.04495663635707607,0.777,0.13895000000000013,2412.401966666668,196.3427505208156,2849.6,60.2944,19.57806666666667,35.818557648147795,67.535390834542,3,100,0,130,1
47.21932216666589,64.95431915013422,190.55,0.0,190.55,-138.975,143.3306778333341,7.996299166666685,2.5227359470519493,20.479,0.0,0.0,20.479,52.2307833333334,56.746,47.0,3.3849824179152743,-4.625,0.6441999999999998,0.04337100492029912,0.753,0.10880000000000023,2411.0018666666897,197.42002961840348,2849.6,60.669249999999984,20.157249999999998,35.815468222221995,67.52042610210648,3,100,0,130,1
47.22592691666575,64.96422575182099,190.58,0.0,190.58,-138.852,143.35407308333427,7.993240000000001,2.519321182398823,20.479,0.0,0.0,20.479,52.29436250000004,56.754,47.172,3.3367814331296977,-4.457000000000001,0.6434500000000002,0.06276737385249588,0.891,0.24754999999999983,2412.434200000015,196.940321651193,2853.0,60.63083333333334,19.66058333333333,35.837843138888594,67.54631430807231,3,100,0,130,1
47.21302691666619,64.95291878247772,190.55,0.0,190.55,-138.986,143.33697308333382,7.986692499999996,2.511233108331589,20.479,0.0,0.0,20.479,52.33443750000002,56.758,47.266,3.3359097553229757,-4.625,0.6322666666666666,0.04595128838188112,0.76,0.12773333333333337,2411.981166666717,197.0722592126995,2849.6,60.530033333333314,19.66935,35.84471897222207,67.5101031791912,3,100,0,130,1
47.213152472221324,64.95037582175708,190.84,0.0,190.84,-138.843,143.6268475277787,7.979991666666659,2.509171922443246,20.479,0.0,0.0,20.479,52.32001250000004,56.797,47.117,3.3901124485876624,-4.702999999999996,0.6377333333333332,0.052710873244446364,0.78,0.14226666666666687,2411.3482333333823,196.33166924264535,2848.6,60.36666666666666,20.116116666666667,35.83771887962934,67.51225861744477,3,100,0,130,1
47.21700294444357,64.95876072520393,190.54,0.0,190.54,-138.849,143.3229970555564,7.983128333333337,2.511112816364685,20.479,0.0,0.0,20.479,52.34487916666664,56.82,47.09,3.378547402389342,-4.561999999999998,0.6336833333333334,0.050359215293447064,0.844,0.2103166666666666,2411.7633666666766,196.7025060778716,2847.6,60.539116666666665,20.124383333333334,35.84833681481451,67.52023275686206,3,100,0,130,1
47.205459777776504,64.94646700488501,190.58,0.0,190.58,-138.894,143.37454022222352,7.9808358333333365,2.5111898356904514,20.479,0.0,0.0,20.479,52.374437500000006,56.84,47.207,3.3821144540328354,-4.795999999999999,0.6446666666666665,0.05730284302902466,0.831,0.18633333333333346,2409.7647333333516,197.3914250046671,2849.4,60.45483333333335,20.065866666666672,35.85357770370328,67.51495968360447,3,100,0,130,1
47.21403624999864,64.9500423587485,190.5,0.0,190.5,-138.87099999999998,143.28596375000137,7.978313333333339,2.506259198047039,20.479,0.0,0.0,20.479,52.38082916666668,56.895,47.035,3.4171563356944485,-4.979999999999997,0.6407500000000003,0.06426840566018187,0.914,0.27324999999999977,2409.6334000000275,197.0721992055787,2847.6,60.51806666666664,20.343816666666672,35.85772624999955,67.52056996245572,3,100,0,130,1
47.21034011111027,64.94815270161591,190.48,0.0,190.48,-138.75,143.26965988888972,7.980065833333351,2.5084459805884958,20.479,0.0,0.0,20.479,52.371137500000025,56.891,47.023,3.435104376470816,-4.625,0.6413666666666668,0.06111172504399716,0.885,0.24363333333333326,2409.8076999999944,196.8885107406057,2845.6,60.59560000000001,20.48168333333334,35.85384781481455,67.5177104072484,3,100,0,130,1
47.20306419444382,64.94247831671599,190.48,0.0,190.48,-138.87099999999998,143.27693580555618,7.985995833333354,2.51475303224,20.479,0.0,0.0,20.479,52.4782833333333,56.895,47.328,3.3135445031893656,-4.625,0.6401500000000001,0.05714353767754571,0.808,0.16784999999999994,2410.0885000000335,196.63164917003033,2845.8,60.68155000000001,19.52975,35.88911445370349,67.51437488663353,3,100,0,130,1
47.19611538888791,64.93070875462807,190.55,0.0,190.55,-138.938,143.3538846111121,7.9855316666666765,2.509883985435883,20.479,0.0,0.0,20.479,52.46191666666667,56.934,47.273,3.3516342871351785,-4.6839999999999975,0.6389000000000001,0.06113743894438143,0.86,0.22109999999999985,2410.5500000000284,197.48698186125443,2851.0,60.6065,19.747400000000003,35.88118790740708,67.50173017900833,3,100,0,130,1
47.20112816666539,64.93843279944541,190.46,0.0,190.46,-138.861,143.2588718333346,7.986460833333352,2.51360881759126,20.479,0.0,0.0,20.479,52.496233333333336,56.984,47.273,3.371316602709441,-4.649000000000001,0.6411166666666666,0.07352621846837962,0.927,0.2858833333333335,2410.0348666667132,196.8133345899805,2849.4,60.637316666666685,19.964050000000007,35.89460744444403,67.52556783550504,3,100,0,130,1
47.19426097222099,64.93300151622249,190.44,0.0,190.44,-138.88400000000001,143.245739027779,7.9720891666666756,2.509422662944684,20.479,0.0,0.0,20.479,52.51963750000001,57.0,47.246,3.4054354850649178,-4.707000000000001,0.6367333333333336,0.06293145764704582,0.896,0.2592666666666664,2408.912099999998,196.3898940509352,2847.4,60.355883333333345,20.21498333333334,35.89532921296256,67.50535563681422,3,100,0,130,1
47.19024374999847,64.92640052163526,190.44,0.0,190.44,-138.765,143.24975625000152,7.973465000000018,2.5054927503473983,20.479,0.0,0.0,20.479,52.58665416666669,57.0,47.445,3.321281082104073,-4.6440000000000055,0.6480833333333335,0.07849091314494745,0.947,0.2989166666666665,2408.173933333383,196.65210301985732,2847.6,60.4398,19.581900000000005,35.916787638888394,67.5103841851276,3,100,0,130,1
47.19072041666548,64.9261462804893,190.46,0.0,190.46,-138.79899999999998,143.26927958333454,7.9747841666666925,2.5068242969866494,20.479,0.0,0.0,20.479,52.64114583333342,57.004,47.66,3.29218499882825,-4.550000000000004,0.6466333333333334,0.056685862484835835,0.821,0.17436666666666656,2406.787800000026,196.87564765929505,2845.6,60.55664999999999,19.517833333333336,35.93555013888853,67.4896564399608,3,100,0,130,1
47.170871444443534,64.90460528254437,190.55,0.0,190.55,-138.891,143.37912855555646,7.975936666666677,2.5064584122753653,20.479,0.0,0.0,20.479,52.721741666666716,57.023,47.742,3.2523089757233143,-4.4140000000000015,0.6458166666666668,0.048825698869104754,0.822,0.17618333333333314,2409.189266666688,196.00602194380474,2845.8,60.401516666666666,19.70911666666667,35.95618325925898,67.45988939368884,3,100,0,130,1
47.16954141666622,64.89666112654015,190.54,0.0,190.54,-138.632,143.37045858333377,7.973195833333356,2.5112135400410915,20.479,0.0,0.0,20.479,52.746524999999956,57.078,47.762,3.255404615829115,-4.57,0.640033333333333,0.0499409708052592,0.806,0.16596666666666704,2409.4196666666826,197.32208577385498,2849.4,60.34053333333335,19.856616666666664,35.96308741666651,67.4578156373865,3,100,0,130,1
47.17372458333173,64.90998454984206,190.47,0.0,190.47,-138.708,143.29627541666827,7.978085000000001,2.51094110188244,20.479,0.0,0.0,20.479,52.74884166666664,57.152,47.488,3.3669430456622833,-4.640999999999998,0.6354833333333335,0.035978096757995466,0.734,0.09851666666666647,2409.1837666666884,196.81252220822202,2849.4,60.70171666666669,21.098683333333337,35.96688374999946,67.4569037484825,3,100,0,130,1
47.16149741666441,64.89424723445872,190.47,0.0,190.47,-138.82899999999998,143.30850258333558,7.972653333333348,2.503886177820747,20.479,0.0,0.0,20.479,52.841595833333336,57.172,47.699,3.281655515078912,-4.4140000000000015,0.64705,0.06286450994137703,0.842,0.19494999999999996,2409.437000000034,197.03955716771225,2849.0,60.443666666666665,20.320100000000007,35.99191552777703,67.46099792222084,3,100,0,130,1
47.161441083331226,64.88911946080565,190.48,0.0,190.48,-138.654,143.31855891666876,7.975930000000017,2.5083027915661384,20.479,0.0,0.0,20.479,52.9076,57.262,47.687,3.2747490750594177,-4.792999999999999,0.6537999999999998,0.08299413906200888,0.952,0.29820000000000013,2409.31076666669,196.8108654102617,2849.4,60.6105,20.200433333333326,36.014990361110414,67.48041639143379,3,100,0,130,1
47.15461505555416,64.88828632253268,190.48,0.0,190.48,-138.752,143.32538494444583,7.96293000000002,2.505182818524134,20.479,0.0,0.0,20.479,52.94598333333337,57.254,47.66,3.3039539048810598,-4.668000000000006,0.6415,0.04985147431646756,0.804,0.1625000000000001,2406.848433333363,197.7679189163508,2849.4,60.356983333333346,20.59059999999999,36.02117612962919,67.44332061537328,3,100,0,130,1
47.14682027777637,64.87659879726209,190.56,0.0,190.56,-138.703,143.41317972222362,7.963941666666677,2.4993814046884295,20.479,0.0,0.0,20.479,52.99038333333338,57.309,47.766,3.2997263565594257,-4.647999999999996,0.6430833333333336,0.0566862586603134,0.859,0.21591666666666642,2407.1385666667,196.7867057515293,2845.6,60.40880000000001,20.64363333333333,36.03371509259214,67.43266646061083,3,100,0,130,1
47.13720391666475,64.86547381501694,190.49,0.0,190.49,-138.62300000000002,143.35279608333525,7.967235833333331,2.5020839681558233,20.479,0.0,0.0,20.479,53.029116666666624,57.391,47.859,3.335448971888571,-4.695,0.6453000000000001,0.05695710547777846,0.833,0.18769999999999987,2406.7525333333556,197.25817572806494,2843.8,60.569600000000015,20.832816666666663,36.0445188055549,67.42451488865055,3,100,0,130,1
47.13014438888756,64.86200140736871,190.54,0.0,190.54,-138.752,143.40985561111245,7.964134166666683,2.4990789378183274,20.479,0.0,0.0,20.479,53.054174999999994,57.41,47.977,3.315132053164145,-4.6640000000000015,0.6501166666666667,0.0863652259875872,0.988,0.3378833333333333,2406.8329000000153,196.6844008977735,2845.4,60.4976,20.70593333333334,36.04948451851808,67.44744557117463,3,100,0,130,1
47.12937516666539,64.8588130366434,190.49,0.0,190.49,-138.852,143.3606248333346,7.953658333333353,2.5065433874278145,20.479,0.0,0.0,20.479,53.13386666666663,57.484,48.008,3.268760348581318,-4.555,0.6490333333333335,0.06592624709853562,0.884,0.23496666666666655,2406.636833333351,196.8955212568857,2851.8,60.25669999999999,20.279900000000005,36.072300055555125,67.43128267116974,3,100,0,130,1
47.13278641666555,64.86718339564067,190.41,0.0,190.41,-138.63299999999998,143.27721358333446,7.952931666666679,2.500708338082903,20.479,0.0,0.0,20.479,53.14686250000004,57.504,47.969,3.3225535162046573,-4.648000000000003,0.6467666666666665,0.05922189433276838,0.807,0.16023333333333356,2406.55210000004,196.4677823728573,2843.4,60.299233333333326,20.903966666666673,36.077526861110755,67.42711362805633,3,100,0,130,1
47.125369888887946,64.85785205628535,190.41,0.0,190.41,-138.55599999999998,143.28463011111205,7.9522900000000165,2.499250683881885,20.479,0.0,0.0,20.479,53.17900833333332,57.512,47.98,3.3269031926833623,-4.667999999999999,0.6439333333333334,0.047306023791961735,0.773,0.12906666666666666,2407.5074666667138,197.03321425291566,2848.2,60.30360000000003,20.961433333333336,36.085556074073764,67.4044087639592,3,100,0,130,1
47.12208894444246,64.85116119679006,190.39,0.0,190.39,-138.708,143.26791105555753,7.949954166666677,2.500278631425227,20.479,0.0,0.0,20.479,53.22139166666668,57.5,48.137,3.292809137092429,-4.640999999999998,0.6489166666666666,0.06323946731265769,0.873,0.2240833333333334,2407.377500000029,197.2493060956342,2845.6,60.25249999999999,20.622616666666662,36.09781159259194,67.41467929552795,3,100,0,130,1
47.1272816666657,64.86085458911595,190.41,0.0,190.41,-138.665,143.2827183333343,7.949728333333363,2.5023211315500102,20.479,0.0,0.0,20.479,53.25076249999998,57.574,48.137,3.2934760003854686,-4.577999999999996,0.6555166666666666,0.08404326804661277,0.99,0.33448333333333335,2407.512100000072,197.11890304393998,2850.0,60.24941666666666,20.420633333333324,36.10925749999968,67.44721898871256,3,100,0,130,1
47.12207594444307,64.85517703815235,190.48,0.0,190.48,-138.628,143.3579240555569,7.947618333333351,2.4998474664387236,20.479,0.0,0.0,20.479,53.26489999999997,57.641,48.18,3.3174246007392476,-4.632999999999996,0.6435999999999998,0.05064037379035744,0.777,0.13340000000000019,2407.1076666666872,196.93878584165103,2847.8,60.256550000000026,20.301949999999987,36.11153142592546,67.40566487838143,3,100,0,130,1
47.12680677777627,64.859118817531,190.38,0.0,190.38,-138.516,143.25319322222373,7.949605000000022,2.4964463160960007,20.479,0.0,0.0,20.479,53.26113333333331,57.625,47.977,3.3403525205024893,-4.800999999999995,0.6436333333333331,0.06176416784332589,0.862,0.21836666666666693,2409.44313333336,197.809518275627,2851.0,60.26849999999998,20.63024999999999,36.11251503703653,67.41732930147032,3,100,0,130,1
47.11855397222046,64.85447883207058,190.49,0.0,190.49,-138.88899999999998,143.37144602777954,7.9558650000000215,2.4963935845967904,20.479,0.0,0.0,20.479,53.264179166666665,57.664,47.98,3.389009305441267,-4.948999999999998,0.6445833333333332,0.05830408063942901,0.836,0.1914166666666668,2406.654733333361,197.0567242945387,2849.8,60.565749999999966,21.124466666666663,36.112866046295714,67.4091764973068,3,100,0,130,1
47.11132766666413,64.84726608972599,190.46,0.0,190.46,-138.644,143.34867233333588,7.9474541666666845,2.5002431243714636,20.479,0.0,0.0,20.479,53.296583333333345,57.676,47.965,3.380023631625772,-4.733999999999995,0.6474666666666666,0.054505937063234165,0.799,0.1515333333333334,2409.0203000000506,196.74185314951873,2850.8,60.20969999999999,20.986749999999997,36.11845505555472,67.4020151511607,3,100,0,130,1
47.11066019444229,64.84484661874947,190.47,0.0,190.47,-138.816,143.3593398055577,7.955810000000015,2.497434467541919,20.479,0.0,0.0,20.479,53.305066666666654,57.703,48.027,3.3854955638887168,-4.9879999999999995,0.6497666666666666,0.05377302161035165,0.801,0.15123333333333344,2411.2560999999996,197.8990918992617,2851.2,60.51765,20.961683333333323,36.12384562036965,67.39605410790175,3,100,0,130,1
47.10737883333144,64.83834307001048,190.49,0.0,190.49,-138.557,143.38262116666857,7.942910000000017,2.4988258354067843,20.479,0.0,0.0,20.479,53.342975,57.742,47.977,3.3814913757184977,-4.823999999999998,0.6480833333333335,0.06712555694726285,0.868,0.21991666666666654,2410.3619666666746,198.73557003700137,2853.0,60.16331666666667,20.987716666666664,36.13108794444382,67.40429446236453,3,100,0,130,1
47.108535527775075,64.83908790207677,190.44,0.0,190.44,-138.768,143.33146447222492,7.946015000000016,2.4957637031230586,20.479,0.0,0.0,20.479,53.380070833333335,57.746,48.121,3.3497874158464622,-4.828000000000003,0.6479999999999999,0.06269836318248438,0.829,0.18100000000000005,2411.2940666667005,197.47509356935518,2851.0,60.18908333333334,20.871366666666667,36.14487378703614,67.39754996838232,3,100,0,130,1
47.10096041666389,64.82725092677319,190.42,0.0,190.42,-138.621,143.3190395833361,7.954448333333345,2.4960320107782232,20.479,0.0,0.0,20.479,53.38603749999996,57.758,48.113,3.36963218797985,-4.753999999999998,0.6501666666666667,0.06370593636140683,0.869,0.21883333333333332,2412.2229333333157,197.49364625420407,2851.2,60.44206666666667,21.10995,36.14714874999907,67.38698887391281,3,100,0,130,1
47.09619233333153,64.82535127225002,190.52,0.0,190.52,-138.743,143.4238076666685,7.959686666666688,2.498775352789571,20.479,0.0,0.0,20.479,53.44378749999998,57.762,48.148,3.3195740389157002,-5.015000000000001,0.6537666666666672,0.08653428176684634,0.975,0.3212333333333328,2413.515133333331,197.13896381188664,2851.2,60.46648333333335,20.843300000000006,36.1665554999994,67.41066090680643,3,100,0,130,1
47.09392636110859,64.81993769884238,190.47,0.0,190.47,-138.67999999999998,143.3760736388914,7.956880833333354,2.49603970891685,20.479,0.0,0.0,20.479,53.40562499999994,57.762,48.105,3.41316996320118,-4.972999999999999,0.634316666666667,0.04116543377462587,0.744,0.10968333333333302,2413.379666666686,197.9583624875915,2853.2,60.453316666666645,21.742616666666663,36.15214406481396,67.35714284153386,3,100,0,130,1
47.0892212222201,64.81931583782978,190.41,0.0,190.41,-138.63,143.3207787777799,7.949400000000016,2.4945371303267496,20.479,0.0,0.0,20.479,53.49826666666664,57.777,48.172,3.316247725158128,-4.659999999999997,0.6355833333333334,0.04703128841947116,0.767,0.13141666666666663,2414.010866666697,198.21090076510063,2855.2,60.19420000000001,20.824583333333326,36.17896262962892,67.360884256576,3,100,0,130,1
47.09439186110896,64.82770072590806,190.48,0.0,190.48,-138.851,143.38560813889103,7.9471275000000166,2.4913419054769266,20.479,0.0,0.0,20.479,53.54444999999996,57.867,48.555,3.275639876421094,-4.477000000000004,0.6425666666666668,0.055557381137613555,0.797,0.1544333333333332,2410.673833333337,199.4276850779955,2855.0,60.33129999999998,19.967350000000003,36.19532312036964,67.3746000125226,3,100,0,130,1
47.091997277775704,64.82411075486858,190.49,0.0,190.49,-138.636,143.3980027222243,7.940050000000016,2.4964011345709727,20.479,0.0,0.0,20.479,53.601679166666706,57.934,48.637,3.269468070752938,-4.5859999999999985,0.6465333333333334,0.0641786348806302,0.878,0.2314666666666666,2409.266366666734,197.88820267748497,2851.0,60.200816666666675,19.724600000000002,36.21124214814748,67.38469052432019,3,100,0,130,1
47.08233536110864,64.80944195018107,190.44,0.0,190.44,-138.67000000000002,143.35766463889135,7.951412500000022,2.495663128853936,20.479,0.0,0.0,20.479,53.60805000000003,57.926,48.57,3.264701126472113,-4.589999999999996,0.6688333333333332,0.10768081626775682,1.074,0.4051666666666669,2406.913466666717,197.55683479903075,2851.0,60.647249999999985,19.833983333333336,36.21393262036957,67.41278589530276,3,100,0,130,1
47.088191333331075,64.81519721367648,190.47,0.0,190.47,-138.684,143.38180866666892,7.936512500000021,2.49660142334861,20.479,0.0,0.0,20.479,53.632354166666666,57.98,48.555,3.2668823729811116,-4.477000000000004,0.6671666666666666,0.09537564743839899,1.003,0.3358333333333333,2405.8691333333772,198.26937944385932,2849.0,60.28436666666667,19.705316666666665,36.21901933333259,67.4071742844635,3,100,0,130,1
47.07478402777514,64.80605340193051,190.5,0.0,190.5,-138.79,143.42521597222486,7.936003333333363,2.484671183288265,20.479,0.0,0.0,20.479,53.65055416666669,57.992,48.641,3.2660587147867455,-4.649000000000001,0.644183333333333,0.04274341724188796,0.786,0.14181666666666704,2404.469333333371,197.93111813829782,2845.4,60.44385000000003,19.660116666666674,36.22044717592507,67.33346800246068,3,100,0,130,1
47.07361958333105,64.80576302436646,190.54,0.0,190.54,-138.70700000000002,143.46638041666893,7.932190833333334,2.4859887404741214,20.479,0.0,0.0,20.479,53.686708333333335,58.016,48.664,3.2685030875621135,-4.5589999999999975,0.6553,0.06720883214759849,0.93,0.27470000000000006,2404.433833333365,197.61392810073417,2843.6,60.380716666666665,19.686716666666662,36.230839583332575,67.35896059698818,3,100,0,130,1
47.07893319444202,64.80869784227747,190.5,0.0,190.5,-138.874,143.42106680555798,7.938210833333339,2.487725016525643,20.479,0.0,0.0,20.479,53.67992916666667,58.008,48.516,3.2934616168614883,-4.856000000000002,0.6538833333333331,0.06339788042937912,0.834,0.1801166666666668,2404.3865000000314,197.5085971599093,2843.6,60.591133333333325,19.920716666666657,36.232357731480676,67.35982073923249,3,100,0,130,1
47.07022419444201,64.79763224654987,190.42,0.0,190.42,-138.82199999999997,143.34977580555798,7.936670000000034,2.48712961816387,20.479,0.0,0.0,20.479,53.68100833333332,58.008,48.48,3.2906933786155395,-4.643999999999998,0.6481499999999999,0.06820130348175298,0.97,0.3218500000000001,2404.583800000056,198.15920941574407,2845.6,60.45986666666668,20.032183333333332,36.22930084259179,67.3529631681955,3,100,0,130,1
47.0720059444424,64.80568424618095,190.46,0.0,190.46,-138.916,143.3879940555576,7.938826666666684,2.4880318356688367,20.479,0.0,0.0,20.479,53.7078,58.031,48.727,3.2793632778254063,-4.609000000000002,0.6643666666666663,0.08035787889538257,0.956,0.29163333333333363,2403.7295333333477,197.80232282323666,2843.6,60.611466666666644,19.700016666666667,36.239544203703026,67.37407396074516,3,100,0,130,1
47.06844088888612,64.80155302404121,190.47,0.0,190.47,-138.791,143.40155911111387,7.9387716666666845,2.489834719475534,20.479,0.0,0.0,20.479,53.74297916666665,58.031,48.773,3.2703975977337834,-4.562999999999995,0.65485,0.06551020751101003,0.896,0.24114999999999998,2403.6278000000184,198.25540756374014,2845.0,60.59814999999998,19.67378333333333,36.250063907406485,67.35689795102776,3,100,0,130,1
47.061150388886546,64.78736373443587,190.42,0.0,190.42,-138.45700000000002,143.35884961111344,7.928647500000005,2.49061895698663,20.479,0.0,0.0,20.479,53.7686666666666,58.031,48.762,3.2627600268831447,-4.5660000000000025,0.6388833333333334,0.04217722562689397,0.76,0.12111666666666665,2402.313700000039,198.6122230583204,2843.4,60.33815000000001,19.77796666666666,36.25282151851771,67.3201599170494,3,100,0,130,1
47.05932441666412,64.78540554041241,190.46,0.0,190.46,-138.60899999999998,143.4006755833359,7.928250833333356,2.4896380176909085,20.479,0.0,0.0,20.479,53.74040833333331,58.074,48.598,3.321243204992448,-4.803999999999995,0.6511666666666668,0.04929818185758251,0.826,0.17483333333333317,2401.597500000029,198.24456351918155,2841.6,60.369500000000016,20.330350000000003,36.2426611944436,67.3243417399609,3,100,0,130,1
47.046105611108615,64.7735866615911,190.57,0.0,190.57,-138.745,143.5238943888914,7.9368766666666835,2.495196945724696,20.479,0.0,0.0,20.479,53.806020833333335,58.113,48.574,3.2808024154319173,-4.648000000000003,0.6629333333333334,0.07345997795794605,0.897,0.23406666666666665,2402.1362666666873,198.05932411116993,2841.8,60.69211666666666,20.033633333333334,36.26300103703621,67.34224358527375,3,100,0,130,1
47.064403805553226,64.79819367580065,190.72,0.0,190.72,-138.823,143.6555961944468,7.928900833333338,2.4825600169712296,20.479,0.0,0.0,20.479,53.810895833333355,58.129,48.758,3.3008609428449582,-4.7180000000000035,0.6524333333333333,0.05314335159932087,0.831,0.17856666666666665,2404.362566666678,197.7933837177556,2843.4,60.41255,20.281350000000007,36.26806682407331,67.3338970443712,3,100,0,130,1
47.060659999996844,64.7850933754436,190.5,0.0,190.5,-138.35999999999999,143.43934000000314,7.923377500000007,2.487429713675842,20.479,0.0,0.0,20.479,53.85887916666669,58.184,48.77,3.285423494412778,-4.561999999999998,0.6663333333333333,0.0806334385502031,0.922,0.2556666666666667,2404.651966666713,199.252977721758,2849.4,60.21348333333336,20.07723333333333,36.28097222222118,67.35315652766964,3,100,0,130,1
47.071771888886815,64.80558324305353,190.5,0.0,190.5,-138.331,143.42822811111319,7.925590833333337,2.4839996729861835,20.479,0.0,0.0,20.479,53.8996041666667,58.238,48.914,3.2714222742129877,-4.629000000000005,0.6494333333333334,0.06185148057821667,0.858,0.20856666666666657,2405.485466666695,197.19658676327893,2842.6,60.29938333333333,19.769550000000002,36.298988962962284,67.35143439661793,3,100,0,130,1
47.067578972219934,64.80646796281373,190.68,0.0,190.68,-138.764,143.61242102778007,7.931261666666669,2.49449840250446,20.479,0.0,0.0,20.479,53.90291666666665,58.266,48.918,3.282776654307167,-4.558,0.6461666666666666,0.056050270011495776,0.827,0.1808333333333334,2406.7544333333803,198.20638018288685,2847.4,60.57373333333335,19.890799999999995,36.30058576851775,67.35701663532969,3,100,0,130,1
47.03363822221942,64.75711396411663,190.44,0.0,190.44,-138.738,143.40636177778057,7.925788333333344,2.487812843138049,20.479,0.0,0.0,20.479,53.93036250000004,58.285,48.914,3.280448336196437,-4.655999999999999,0.6567666666666665,0.07095698545816849,0.877,0.2202333333333335,2405.2600333333685,197.6656051127079,2843.6,60.21838333333335,19.91636666666667,36.29659635185093,67.31588379271284,3,100,0,130,1
47.04283022221968,64.76749586403164,190.39,0.0,190.39,-138.755,143.34716977778032,7.925963333333346,2.481549539182807,20.479,0.0,0.0,20.479,53.91994583333333,58.273,48.801,3.306661006784654,-4.703000000000003,0.6642166666666666,0.09179326286468213,1.028,0.36378333333333346,2406.216333333364,198.13337236677165,2847.6,60.30773333333334,20.277049999999996,36.29624646296212,67.34083866607914,3,100,0,130,1
47.03543827777552,64.75847999294719,190.54,0.0,190.54,-138.85899999999998,143.50456172222448,7.928822500000004,2.4873052836296674,20.479,0.0,0.0,20.479,53.95626666666669,58.273,48.836,3.2914358778193407,-4.633000000000003,0.6643500000000001,0.10505185563749626,1.065,0.40064999999999984,2406.393133333356,198.31928812613268,2849.6,60.48584999999998,20.192716666666666,36.306842481480736,67.35083713221435,3,100,0,130,1
47.041006222219984,64.76804433741954,190.42,0.0,190.42,-138.683,143.37899377778,7.9202741666666645,2.4825073241606757,20.479,0.0,0.0,20.479,53.96461666666666,58.277,48.852,3.2975796644259714,-4.621000000000002,0.6534166666666668,0.05688176606553688,0.851,0.19758333333333322,2405.3337333333757,199.21518808545414,2851.4,60.262533333333344,20.267500000000005,36.3086323518511,67.30743342764575,3,100,0,130,1
47.02248222221994,64.74952291649649,190.42,0.0,190.42,-138.779,143.39751777778005,7.924420000000006,2.4820189857193333,20.479,0.0,0.0,20.479,54.00679166666662,58.285,49.008,3.2751140307742905,-4.648000000000003,0.6673499999999997,0.09896186990409617,1.041,0.37365000000000026,2402.6099666667083,198.52681747530994,2845.6,60.50980000000003,20.045883333333336,36.317897962962185,67.33050377211993,3,100,0,130,1
47.02549374999823,64.75487861730045,190.42,0.0,190.42,-138.602,143.39450625000177,7.916288333333349,2.4818430105746354,20.479,0.0,0.0,20.479,54.02643333333332,58.289,49.051,3.2768106770318886,-4.671999999999997,0.6643833333333333,0.08011053627706452,0.901,0.2366166666666667,2403.0611000000335,198.2668606486266,2845.6,60.308216666666674,19.95868333333333,36.32273847222164,67.31683216415215,3,100,0,130,1
47.04081383333128,64.77000431208984,190.54,0.0,190.54,-138.503,143.49918616666872,7.923767500000011,2.4826674038169907,20.479,0.0,0.0,20.479,54.02883333333326,58.355,49.039,3.2949710402682477,-4.632999999999996,0.6547833333333332,0.07517236502383597,0.925,0.2702166666666669,2401.902933333338,198.28500871769384,2843.8,60.50615,19.80804999999999,36.33113822222152,67.32784408093066,3,100,0,130,1
47.04176155555309,64.77772359663759,190.41,0.0,190.41,-138.864,143.36823844444692,7.9140833333333465,2.4833063225530423,20.479,0.0,0.0,20.479,54.03394999999998,58.348,49.031,3.2992670413353697,-4.715000000000003,0.649433333333333,0.05607119163236543,0.824,0.17456666666666698,2402.359700000046,198.52018674852133,2845.6,60.24118333333334,19.783599999999993,36.32993162962881,67.317101110823,3,100,0,130,1
47.05052666666394,64.7876056123909,190.44,0.0,190.44,-138.584,143.38947333333607,7.918214999999997,2.4818884598992663,20.479,0.0,0.0,20.479,54.03871666666667,58.359,49.023,3.297766509754616,-4.5660000000000025,0.6613666666666668,0.07511775313571481,0.881,0.21963333333333324,2402.15266666666,197.96697217777117,2841.4,60.49828333333335,19.744783333333324,36.33581944444354,67.34461182542589,3,100,0,130,1
47.02999736110764,64.75285040387544,190.41,0.0,190.41,-138.342,143.38000263889236,7.916290833333336,2.480223567954813,20.479,0.0,0.0,20.479,54.049866666666645,58.348,49.078,3.2962107950764925,-4.660000000000004,0.6436499999999998,0.05390601519845694,0.83,0.18635000000000013,2403.070000000003,197.94663015923908,2845.6,60.40871666666667,19.70791666666666,36.33205162036921,67.2869799870287,3,100,0,130,1
47.02038599999735,64.7471934408573,190.56,0.0,190.56,-138.685,143.53961400000264,7.920570000000002,2.48696185760209,20.479,0.0,0.0,20.479,54.05977916666669,58.387,49.023,3.3009485902358517,-4.6640000000000015,0.6490333333333335,0.05923007901300663,0.811,0.1619666666666666,2400.85290000001,199.50290708804076,2843.8,60.61631666666666,19.65325,36.333578388888014,67.2933853774724,3,100,0,130,1
47.02489052777498,64.74752883637636,190.72,0.0,190.72,-138.63,143.69510947222503,7.910845833333329,2.4856547303003538,20.479,0.0,0.0,20.479,54.07089999999997,58.426,49.012,3.3027945829106247,-4.742000000000004,0.6518666666666666,0.06679756076604733,0.851,0.19913333333333338,2400.496633333361,198.02786784037696,2841.6,60.18895000000001,19.60825,36.33554545370276,67.29998112744276,3,100,0,130,1
47.030265999997496,64.75612746489989,190.41,0.0,190.41,-138.54899999999998,143.3797340000025,7.919142500000003,2.4822405777372225,20.479,0.0,0.0,20.479,54.08540833333335,58.449,49.035,3.3136476671268107,-4.734000000000002,0.6482666666666664,0.05379996429545368,0.823,0.17473333333333352,2400.4929000000257,198.3460404651881,2841.8,60.56693333333335,19.648983333333334,36.34493894444362,67.29216800693257,3,100,0,130,1
47.042222666663655,64.77124946681433,190.47,0.0,190.47,-138.417,143.42777733333634,7.922038333333337,2.4820490509738296,20.479,0.0,0.0,20.479,54.07054999999998,58.441,48.785,3.3408563075628424,-4.5660000000000025,0.662333333333333,0.08005541865793456,0.979,0.316666666666667,2402.22976666669,198.29800110814566,2843.6,60.53421666666666,19.914200000000008,36.34493699999899,67.33335393644609,3,100,0,130,1
47.11360997222016,64.88073166565157,190.52,0.0,190.52,-138.646,143.40639002777985,7.919355000000011,2.483627411651807,20.479,0.0,0.0,20.479,54.106237500000034,58.449,49.078,3.3005220288649806,-4.6640000000000015,0.6535499999999999,0.055741055374268704,0.797,0.1434500000000002,2405.6147000000215,197.9736706727015,2847.6,60.60246666666668,19.55645,36.37973415740674,67.42010013267765,3,100,0,130,1
47.05842961110836,64.79349183501934,190.44,0.0,190.44,-138.812,143.38157038889165,7.92025500000001,2.482884272420591,20.479,0.0,0.0,20.479,54.10880833333332,58.441,49.062,3.3046930526624108,-4.621000000000002,0.6564333333333334,0.05810287972870503,0.87,0.21356666666666657,2400.747433333341,197.7156234124383,2843.6,60.591683333333336,19.600533333333335,36.36249764814723,67.33447898716864,3,100,0,130,1
47.058362749996476,64.79249365538546,190.44,0.0,190.44,-138.797,143.3816372500035,7.9205283333333405,2.483059824613118,20.479,0.0,0.0,20.479,54.130504166666675,58.484,49.098,3.3029781236541993,-4.6440000000000055,0.6573499999999998,0.059882037996182726,0.828,0.1706500000000002,2402.05433333337,197.58787876839745,2847.2,60.533116666666686,19.535666666666668,36.369798416665496,67.33543551799477,3,100,0,130,1
47.04325694444163,64.76752548431338,190.41,0.0,190.41,-138.615,143.36674305555837,7.913749166666665,2.482033531863282,20.479,0.0,0.0,20.479,54.13755000000003,58.523,49.164,3.305441009195591,-4.652000000000001,0.6696666666666665,0.08266486693867414,0.942,0.2723333333333334,2401.4576000000243,198.0384261499402,2845.4,60.28358333333331,19.44136666666667,36.36485203703611,67.33222388311533,3,100,0,130,1
47.03453711110771,64.76419126593301,190.44,0.0,190.44,-138.896,143.4054628888923,7.917957500000013,2.4779690173748423,20.479,0.0,0.0,20.479,54.14537916666671,58.535,49.098,3.3173389916223837,-4.656000000000006,0.6613166666666667,0.08389127177618652,0.979,0.3176833333333333,2399.8345666666755,198.0104868871809,2839.6,60.539950000000005,19.553949999999993,36.36595792592481,67.32605155508404,3,100,0,130,1
47.032533583330576,64.76244072267414,190.52,0.0,190.52,-138.44,143.48746641666943,7.918462499999998,2.483166762335625,20.479,0.0,0.0,20.479,54.14189166666664,58.523,49.074,3.3283795868871766,-4.676000000000002,0.64555,0.07361384012281333,0.891,0.24545000000000006,2400.6577666666976,198.18942233176722,2843.4,60.58546666666664,19.64643333333333,36.36429591666573,67.31922132513259,3,100,0,130,1
47.027022333331125,64.75222144654667,190.52,0.0,190.52,-138.553,143.49297766666888,7.919100833333344,2.4801975295300998,20.479,0.0,0.0,20.479,54.14995,58.523,49.074,3.3240791630176876,-4.6839999999999975,0.6470999999999999,0.05103096434552163,0.811,0.16390000000000016,2401.510400000059,198.3592542773496,2841.6,60.46128333333333,19.635766666666672,36.36535772222149,67.2834499404223,3,100,0,130,1
47.02314436110842,64.75116599963944,190.66,0.0,190.66,-138.71300000000002,143.63685563889157,7.917067500000017,2.4793223241979794,20.479,0.0,0.0,20.479,54.155024999999995,58.523,49.152,3.3195121811361528,-4.6440000000000055,0.6687999999999996,0.09876659697471663,0.956,0.28720000000000034,2402.138466666702,198.54842826552422,2845.4,60.37373333333335,19.560033333333333,36.36507895370281,67.32925492081213,3,100,0,130,1
47.028405249996496,64.7602078204595,190.41,0.0,190.41,-138.697,143.3815947500035,7.917696666666669,2.4768777434070857,20.479,0.0,0.0,20.479,54.17060416666668,58.531,49.102,3.3241345854585944,-4.636000000000003,0.6586666666666666,0.0729935373658185,0.914,0.2553333333333334,2402.485433333384,198.28040848222213,2843.6,60.4271,19.737466666666663,36.37223536110995,67.3100791012324,3,100,0,130,1
47.02238030555293,64.74575917206877,190.44,0.0,190.44,-138.429,143.41761969444707,7.912893333333327,2.4778302637527174,20.479,0.0,0.0,20.479,54.17452499999997,58.523,49.145,3.320792598242765,-4.670999999999999,0.6552333333333332,0.07229772874662733,0.955,0.29976666666666674,2401.5688333333333,198.49208536689258,2845.4,60.33999999999998,19.634216666666667,36.36993287962874,67.29588716456813,3,100,0,130,1
47.051820249997185,64.79112158652052,190.42,0.0,190.42,-138.35399999999998,143.3681797500028,7.916301666666673,2.477876395933655,20.479,0.0,0.0,20.479,54.18455416666666,58.543,49.152,3.3268014048049,-4.714999999999996,0.6511333333333336,0.06774540241243387,0.862,0.21086666666666642,2402.0354333333585,198.41368253235015,2845.4,60.543383333333324,19.595999999999997,36.384225361110175,67.3367433848666,3,100,0,130,1
47.05309552777515,64.79669893291184,190.44,0.0,190.44,-138.823,143.38690447222484,7.911794999999988,2.484722057775342,20.479,0.0,0.0,20.479,54.19792916666663,58.547,49.184,3.326052754845605,-4.714000000000006,0.6557666666666664,0.0659705549794284,0.935,0.27923333333333367,2403.1152666666826,198.83086349703206,2843.6,60.296749999999975,19.577333333333325,36.38760656481392,67.34739154566661,3,100,0,130,1
47.036146555552776,64.77139319465834,190.41,0.0,190.41,-138.73399999999998,143.3738534444472,7.918653333333342,2.4795890387972204,20.479,0.0,0.0,20.479,54.19265416666664,58.547,49.098,3.32989257638673,-4.656000000000006,0.6471333333333337,0.05269948916443205,0.787,0.13986666666666636,2402.8444333333414,198.64090478512858,2845.8,60.52923333333332,19.63206666666667,36.38248468518425,67.30368172261998,3,100,0,130,1
47.034581055553,64.767614965754,190.46,0.0,190.46,-138.376,143.42541894444702,7.919285833333338,2.4792351939166513,20.479,0.0,0.0,20.479,54.20568749999993,58.531,49.156,3.322597609827369,-4.745999999999995,0.6547666666666664,0.06698149672823683,0.904,0.24923333333333364,2403.624766666691,198.83434348548485,2845.6,60.472033333333336,19.54908333333333,36.38651812962876,67.31383165639889,3,100,0,130,1
47.0347004999972,64.76446680455548,190.46,0.0,190.46,-138.52,143.4252995000028,7.909767500000001,2.4836491071640294,20.479,0.0,0.0,20.479,54.2093499999999,58.578,49.074,3.330634430498705,-4.811999999999998,0.6643833333333331,0.07463631407385464,0.89,0.2256166666666669,2401.3606666666956,199.84627214012176,2847.4,60.274583333333354,19.583533333333328,36.38460599999903,67.32275222579337,3,100,0,130,1
47.03168086110873,64.76782959788268,190.5,0.0,190.5,-138.71699999999998,143.46831913889127,7.9166958333333435,2.4786818182815518,20.479,0.0,0.0,20.479,54.214237499999946,58.617,49.152,3.336605993256681,-4.704000000000001,0.6655500000000001,0.08380898883872477,0.979,0.3134499999999999,2401.0264333333553,198.7477211040491,2845.8,60.45538333333334,19.59723333333333,36.38753806481401,67.33032040500296,3,100,0,130,1
47.04765444444205,64.79705933126802,190.44,0.0,190.44,-138.75099999999998,143.39234555555794,7.914813333333344,2.4755972016349594,20.479,0.0,0.0,20.479,54.21349166666661,58.617,49.012,3.359789165769779,-4.8359999999999985,0.6550500000000002,0.04680917808018395,0.776,0.12094999999999978,2402.8703333333674,198.1109888771305,2843.4,60.464883333333354,19.725649999999995,36.39198648148067,67.31946571098315,3,100,0,130,1
47.020874833330794,64.74825880279458,190.41,0.0,190.41,-138.35299999999998,143.3891251666692,7.913794166666679,2.4770740949473407,20.479,0.0,0.0,20.479,54.21015833333332,58.668,48.918,3.3761689213817965,-4.734000000000002,0.6627166666666668,0.07995911914511863,0.959,0.2962833333333331,2400.6410000000005,199.8994443638505,2845.6,60.54153333333333,19.8071,36.381609111110265,67.30529201688704,3,100,0,130,1
47.02056413888635,64.7482067996635,190.52,0.0,190.52,-138.404,143.49943586111365,7.912397500000005,2.4760015800373334,20.479,0.0,0.0,20.479,54.22364999999996,58.625,49.152,3.3424963090080166,-4.659999999999997,0.6694166666666664,0.07879952930829626,0.952,0.2825833333333335,2399.5395000000253,198.27828095684075,2841.8,60.406083333333314,19.55993333333333,36.385537212962106,67.30300790900914,3,100,0,130,1
47.020301805553046,64.7493687892585,190.41,0.0,190.41,-138.637,143.38969819444696,7.908123333333338,2.479205758056642,20.479,0.0,0.0,20.479,54.2509624999999,58.617,49.18,3.337591738611933,-4.590000000000003,0.6645166666666669,0.06475730222986745,0.917,0.25248333333333317,2399.447066666738,198.91647677400744,2843.6,60.327916666666646,19.734333333333332,36.393129212962094,67.293331849545,3,100,0,130,1
47.00703619444134,64.73171146983218,190.48,0.0,190.48,-138.76,143.47296380555866,7.908406666666679,2.480079389408808,20.479,0.0,0.0,20.479,54.26930416666663,58.625,49.223,3.3308079955037084,-4.733999999999995,0.6595999999999997,0.06701434200153207,0.876,0.21640000000000026,2398.222666666661,198.47695941038518,2840.0,60.33411666666667,19.636716666666665,36.394915675924885,67.27880520124252,3,100,0,130,1
47.01197016666456,64.7388684839256,190.46,0.0,190.46,-138.646,143.44802983333545,7.9100125000000086,2.474877235700168,20.479,0.0,0.0,20.479,54.26755416666663,58.652,49.18,3.3493277682463005,-4.760999999999996,0.6533333333333331,0.05807816669220616,0.808,0.15466666666666695,2398.9323000000168,198.567490049926,2843.6,60.41671666666666,19.78381666666667,36.39651227777707,67.27182388631797,3,100,0,130,1
47.01634511110836,64.74721445689816,190.41,0.0,190.41,-138.361,143.39365488889163,7.910708333333335,2.4753380210648666,20.479,0.0,0.0,20.479,54.264533333333276,58.625,49.18,3.3369085922241157,-4.647999999999996,0.6743833333333334,0.10051091376219168,1.036,0.3616166666666666,2400.4824666666877,198.56672333630905,2843.4,60.33418333333332,19.742733333333327,36.39719559259166,67.32306339172523,3,100,0,130,1
47.01794516666399,64.74462272540984,190.44,0.0,190.44,-138.409,143.422054833336,7.910209166666664,2.474253799694713,20.479,0.0,0.0,20.479,54.26944583333331,58.625,49.242,3.3209074888281593,-4.695,0.6535499999999997,0.06082467858874168,0.811,0.1574500000000003,2398.537666666695,198.64121145850837,2842.0,60.43008333333334,19.627533333333336,36.39920005555465,67.27970120369329,3,100,0,130,1
47.01602030555325,64.74385802846359,190.47,0.0,190.47,-138.55200000000002,143.45397969444676,7.912489999999992,2.4739804646256722,20.479,0.0,0.0,20.479,54.26147083333327,58.629,49.184,3.34630779345208,-4.784999999999997,0.6673833333333333,0.08655655379952298,1.033,0.3656166666666666,2399.5790000000216,198.091282354939,2839.6,60.482283333333356,19.79355,36.396660379628834,67.30439504688879,3,100,0,130,1
47.014918249997194,64.74141611289929,190.49,0.0,190.49,-138.642,143.4750817500028,7.910663333333326,2.473232654467595,20.479,0.0,0.0,20.479,54.26633749999996,58.633,49.191,3.345134137857779,-4.757999999999996,0.6544999999999997,0.06669065952437876,0.874,0.21950000000000025,2399.4878333333772,198.56806600788534,2841.4,60.47591666666667,19.81839999999999,36.39730636111016,67.28133942689126,3,100,0,130,1
47.00591977777554,64.74022357073612,190.41,0.0,190.41,-138.64100000000002,143.40408022222445,7.9083308333333315,2.4741165969888224,20.479,0.0,0.0,20.479,54.27845416666664,58.652,49.191,3.3374133517944253,-4.565999999999995,0.6579666666666665,0.0697771189408363,0.886,0.22803333333333353,2399.853666666705,198.95806227690224,2843.4,60.415083333333335,19.698116666666674,36.3975682592585,67.28411728666578,3,100,0,130,1
47.00519294444208,64.73559795415036,190.41,0.0,190.41,-138.547,143.4048070555579,7.909970833333338,2.475385530832423,20.479,0.0,0.0,20.479,54.30273333333333,58.687,49.191,3.3266998894599396,-4.784999999999997,0.6593,0.07067214827902772,0.934,0.27470000000000006,2401.126266666703,198.6015118526222,2847.0,60.38635000000001,19.56365,36.40596570370292,67.28165563326182,3,100,0,130,1
47.01129036110898,64.74303457968331,190.44,0.0,190.44,-138.495,143.428709638891,7.911263333333338,2.476092257916423,20.479,0.0,0.0,20.479,54.28567916666661,58.707,49.098,3.361569810549225,-4.768999999999998,0.6678000000000001,0.08883326602429054,1.007,0.33919999999999983,2401.221900000032,199.23256141833733,2849.0,60.42165000000002,19.78561666666667,36.40274428703631,67.30796010362403,3,100,0,130,1
47.00912180555335,64.7439795946286,190.52,0.0,190.52,-138.67700000000002,143.51087819444666,7.906073333333322,2.473620959949228,20.479,0.0,0.0,20.479,54.28193749999996,58.68,49.156,3.348527993628077,-4.832000000000001,0.6549666666666668,0.0784798293564608,0.942,0.28703333333333314,2399.6674000000103,198.15830874108505,2841.8,60.34645000000002,19.747133333333334,36.39904421296222,67.2960803839343,3,100,0,130,1
47.00584808333028,64.73852896080943,190.41,0.0,190.41,-138.784,143.40415191666972,7.9055033333333435,2.4797427427149095,20.479,0.0,0.0,20.479,54.29397916666666,58.695,49.098,3.3548602380929933,-4.792999999999999,0.64985,0.07017963029593828,0.868,0.21814999999999996,2399.9893666666926,198.54018329042543,2840.6,60.278850000000006,19.828000000000007,36.40177686111009,67.28845133382028,3,100,0,130,1
47.00395183333077,64.72731636137178,190.41,0.0,190.41,-138.69299999999998,143.40604816666922,7.909707500000004,2.473979543352745,20.479,0.0,0.0,20.479,54.30074166666663,58.781,49.086,3.364939601056565,-4.758000000000003,0.6611499999999999,0.08546896056662316,0.972,0.31085000000000007,2401.195500000042,199.58472221917992,2847.6,60.3564,19.752750000000002,36.40480033333247,67.28676486529115,3,100,0,130,1
47.002939638886836,64.73393337340158,190.38,0.0,190.38,-138.43099999999998,143.37706036111317,7.914069999999993,2.480262803900764,20.479,0.0,0.0,20.479,54.313333333333304,58.699,49.156,3.3463083883358062,-4.725999999999999,0.6568333333333333,0.06469568048522503,0.859,0.20216666666666672,2400.569666666706,199.6612619658869,2847.4,60.585849999999986,19.713416666666664,36.41011432407338,67.27889185778757,3,100,0,130,1
47.035362555553185,64.77744874964685,190.5,0.0,190.5,-138.649,143.46463744444682,7.903599999999996,2.4799774115170274,20.479,0.0,0.0,20.479,54.314912499999956,58.762,49.156,3.3708651802529004,-4.792999999999999,0.6534833333333334,0.07183608735397332,0.872,0.21851666666666658,2401.157600000026,197.59498385632378,2839.6,60.232,19.8477,36.41795835185105,67.32926224851785,3,100,0,130,1
47.03366113888649,64.77807399494613,190.48,0.0,190.48,-138.934,143.4463388611135,7.9073458333333475,2.4733503636262992,20.479,0.0,0.0,20.479,54.30669999999994,58.781,49.105,3.383482771782,-4.851999999999997,0.65595,0.0670146518257167,0.868,0.21204999999999996,2401.2022666667144,198.6599891609056,2845.6,60.421933333333335,19.911650000000005,36.41590232407326,67.31843901039814,3,100,0,130,1
47.02137097221945,64.75879958058205,190.39,0.0,190.39,-138.493,143.36862902778054,7.912398333333332,2.4794295238287343,20.479,0.0,0.0,20.479,54.30242083333335,58.738,49.074,3.388982700259827,-4.863999999999997,0.6705666666666663,0.09148462252308905,1.032,0.3614333333333337,2400.298300000055,198.177419278859,2839.6,60.55163333333336,20.064766666666667,36.41206337962871,67.32971372693386,3,100,0,130,1
47.05071658333157,64.80405601389579,190.44,0.0,190.44,-138.298,143.38928341666843,7.9100466666666565,2.476623648922909,20.479,0.0,0.0,20.479,54.322949999999956,58.793,49.074,3.382310565130857,-4.867000000000004,0.6568333333333333,0.06019183081760466,0.859,0.20216666666666672,2400.3917333333648,198.54606376078416,2841.8,60.56946666666668,19.890283333333336,36.42790441666606,67.3408714936363,3,100,0,130,1
47.046460055553034,64.7971188533252,190.44,0.0,190.44,-138.947,143.39353994444696,7.898802500000009,2.4778792006346606,20.479,0.0,0.0,20.479,54.33893749999999,58.789,49.039,3.385694703879334,-4.648000000000003,0.6779999999999998,0.09515589350006971,0.969,0.29100000000000015,2400.853400000047,197.07676188933624,2839.4,60.20256666666669,19.94881666666667,36.42806668518435,67.37015394745993,3,100,0,130,1
47.038128916664476,64.7853133841972,190.41,0.0,190.41,-138.77,143.37187108333552,7.903044166666675,2.4747895924344068,20.479,0.0,0.0,20.479,54.36749166666669,58.781,49.25,3.340509744871103,-4.745999999999995,0.6681166666666667,0.08160967283701713,0.915,0.24688333333333334,2400.7804000000506,199.5174586643785,2845.0,60.32485000000002,19.614533333333334,36.43622158333261,67.34171264946862,3,100,0,130,1
47.02171877777521,64.76509677176536,190.49,0.0,190.49,-138.933,143.4682812222248,7.908567499999986,2.478529384945257,20.479,0.0,0.0,20.479,54.33990833333332,58.781,49.09,3.381246942617405,-4.875,0.6633833333333333,0.07895269806075944,0.899,0.2356166666666667,2398.259333333348,199.38394035670873,2843.8,60.607016666666645,19.92631666666666,36.42339820370284,67.32257885477138,3,100,0,130,1
47.05415177777494,64.80467627437804,190.52,0.0,190.52,-138.303,143.46584822222508,7.9069175,2.4732303743142845,20.479,0.0,0.0,20.479,54.35318333333331,58.805,49.07,3.385297774294244,-4.7309999999999945,0.6836833333333333,0.1129377347076873,1.063,0.37931666666666664,2400.199766666716,198.07513320205305,2842.2,60.52685000000003,20.00326666666667,36.43808420370275,67.39084438340001,3,100,0,130,1
47.05015452777538,64.80091972316835,190.41,0.0,190.41,-138.80700000000002,143.3598454722246,7.901889166666663,2.475845152245502,20.479,0.0,0.0,20.479,54.37936249999999,58.793,49.207,3.3611046634135784,-4.859000000000002,0.658483333333333,0.07610596797611816,0.9,0.24151666666666705,2400.453833333361,198.40025431466623,2845.0,60.28086666666664,19.877799999999997,36.443802064814015,67.35287084338997,3,100,0,130,1
47.055113083330525,64.80811043024849,190.8,0.0,190.8,-138.438,143.7448869166695,7.899967500000007,2.482168602032877,20.479,0.0,0.0,20.479,54.37534166666664,58.793,49.156,3.3740325413203154,-4.741999999999997,0.6696000000000001,0.0895336694551368,1.024,0.35439999999999994,2400.6018000000017,198.7626518959857,2845.2,60.24376666666668,19.907849999999993,36.4434740833324,67.3798127017365,3,100,0,130,1
47.07970549999728,64.83932339346065,190.42,0.0,190.42,-138.333,143.3402945000027,7.90845166666667,2.47552579316484,20.479,0.0,0.0,20.479,54.38209583333328,58.863,49.18,3.382472638436764,-4.7379999999999995,0.6619666666666665,0.050456884318606544,0.822,0.16003333333333347,2401.513933333314,197.48716053360235,2843.2,60.501483333333354,19.9682,36.45675099999908,67.36530607094409,3,100,0,130,1
47.04993647222033,64.80436080614466,190.44,0.0,190.44,-138.69299999999998,143.39006352777966,7.90904416666667,2.4741196398334258,20.479,0.0,0.0,20.479,54.3955583333333,58.871,49.18,3.3762868485382396,-4.917999999999999,0.6638499999999997,0.0777420386680925,0.922,0.2581500000000003,2400.176866666725,197.93539394175573,2845.0,60.523266666666686,19.86403333333334,36.4515129907401,67.35622248464618,3,100,0,130,1
47.03404758333077,64.78315453232993,190.41,0.0,190.41,-138.837,143.37595241666924,7.900571666666662,2.4801121950994047,20.479,0.0,0.0,20.479,54.417216666666626,58.859,49.164,3.366420888925611,-4.753999999999998,0.671433333333333,0.09522201829598856,1.051,0.37956666666666694,2400.6163000000183,200.39976465036577,2847.2,60.28441666666671,19.8441,36.45061197222135,67.35848874572532,3,100,0,130,1
47.01876897222001,64.76489781292071,190.47,0.0,190.47,-138.588,143.45123102777998,7.907967499999998,2.4752307011597363,20.479,0.0,0.0,20.479,54.42997083333334,58.871,49.23,3.347784724859008,-4.68,0.6622666666666664,0.06621891446383248,0.883,0.22073333333333356,2398.896600000028,200.026228422965,2845.6,60.552766666666685,19.6416,36.45223576851779,67.30634742854427,3,100,0,130,1
47.045635499997495,64.80361011822939,190.46,0.0,190.46,-138.737,143.4143645000025,7.907293333333335,2.4734997459301438,20.479,0.0,0.0,20.479,54.422166666666676,58.871,49.242,3.374614019356492,-4.738000000000007,0.6565166666666665,0.06495330569650751,0.887,0.23048333333333348,2398.382066666665,199.0759612931448,2843.0,60.63468333333331,19.932266666666656,36.458365166665835,67.34206316985603,3,100,0,130,1
47.03384669444238,64.7869249000335,190.44,0.0,190.44,-138.63299999999998,143.4061533055576,7.897970833333346,2.480121622562401,20.479,0.0,0.0,20.479,54.44527916666666,58.883,49.312,3.3544487891547945,-4.742000000000004,0.6675833333333333,0.06841381852353917,0.881,0.2134166666666667,2398.6621666667,197.77103164720228,2839.4,60.27151666666667,19.701050000000002,36.4590322314808,67.33546034111944,3,100,0,130,1
47.06639847222052,64.83798295353161,190.41,0.0,190.41,-138.962,143.34360152777947,7.905903333333334,2.4744203376403795,20.479,0.0,0.0,20.479,54.437966666666654,58.875,49.184,3.351868199327426,-4.824000000000005,0.6703666666666664,0.08573213440744665,0.976,0.30563333333333353,2401.5426666666904,198.6549430141442,2843.8,60.49563333333334,19.60643333333333,36.47008949074017,67.39813542557944,3,100,0,130,1
47.03218058333121,64.78334803557584,190.46,0.0,190.46,-138.926,143.4278194166688,7.906155833333336,2.472859979581298,20.479,0.0,0.0,20.479,54.45212500000003,58.887,49.23,3.362531472065,-4.828000000000003,0.6678333333333334,0.08587578073889124,0.97,0.3021666666666666,2402.0494666667114,199.08107703208324,2845.6,60.43256666666665,19.73845,36.46348713888819,67.34208379589603,3,100,0,130,1
47.02697180555327,64.77806931054633,190.46,0.0,190.46,-138.698,143.43302819444673,7.909131666666663,2.477306464104674,20.479,0.0,0.0,20.479,54.45482083333332,58.875,49.234,3.3788285269641785,-4.746000000000002,0.6668166666666665,0.07246214480250038,0.923,0.25618333333333354,2397.0057666667003,200.36430108414285,2851.0,60.73705,19.902883333333325,36.46364143518442,67.3278379194535,3,100,0,130,1
47.03366013888679,64.78273646113476,190.39,0.0,190.39,-138.409,143.3563398611132,7.896629999999998,2.4753276548635825,20.479,0.0,0.0,20.479,54.44582083333334,58.887,49.211,3.39001217539922,-4.753999999999998,0.6759333333333334,0.09043882971878811,0.965,0.2890666666666666,2394.5920666666802,199.43081729146863,2839.0,60.421466666666674,19.87395,36.45870365740671,67.34850294571713,3,100,0,130,1
47.0608906944422,64.82924965487152,190.47,0.0,190.47,-138.88400000000001,143.4091093055578,7.895531666666684,2.4694755232904546,20.479,0.0,0.0,20.479,54.48564999999997,58.926,49.328,3.3730541829829703,-4.832000000000001,0.6662999999999999,0.08012835042837763,0.922,0.25570000000000015,2394.8637333333922,198.506269106397,2837.6,60.63205000000001,19.841516666666667,36.48069078703629,67.37885352859035,3,100,0,130,1
47.036444722219834,64.79405332697476,190.46,0.0,190.46,-138.971,143.42355527778017,7.897510000000003,2.468255998938707,20.479,0.0,0.0,20.479,54.48976250000001,58.93,49.324,3.370148642453035,-4.725999999999999,0.6650833333333334,0.07319865972345897,0.909,0.24391666666666667,2392.951833333361,198.0762948371198,2837.6,60.65723333333332,19.810033333333333,36.47457240740662,67.33550798563692,3,100,0,130,1
47.01072647221988,64.75207371608825,190.44,0.0,190.44,-138.584,143.4292735277801,7.901899166666661,2.474191442015436,20.479,0.0,0.0,20.479,54.49849583333334,58.883,49.328,3.3687054017329228,-4.8089999999999975,0.6640333333333331,0.06695684587134872,0.859,0.19496666666666684,2393.108633333348,198.92168128356363,2837.8,60.755300000000005,19.87671666666667,36.47037382407329,67.29322200397503,3,100,0,130,1
47.01590986110915,64.76764153793177,190.46,0.0,190.46,-138.44,143.44409013889086,7.891112500000008,2.4744146725006817,20.479,0.0,0.0,20.479,54.5035916666667,58.891,49.402,3.3654244281398187,-4.734000000000002,0.6620166666666664,0.07113164964993364,0.865,0.20298333333333363,2394.655900000045,198.75874810562365,2837.4,60.375149999999984,19.88585,36.47020467592529,67.31318786008238,3,100,0,130,1
47.01512880555368,64.76587010240378,190.47,0.0,190.47,-138.45999999999998,143.45487119444633,7.896164999999992,2.4685994197833034,20.479,0.0,0.0,20.479,54.50332083333335,58.883,49.344,3.375210322469264,-4.823999999999998,0.6666500000000002,0.08425160562771167,0.954,0.2873499999999998,2395.77426666671,199.13309191554492,2839.4,60.62061666666664,19.972916666666674,36.471538212962336,67.3187211278148,3,100,0,130,1
47.031304694442454,64.78698651280342,190.61,0.0,190.61,-138.76600000000002,143.57869530555757,7.889340000000007,2.4701431261406053,20.479,0.0,0.0,20.479,54.51612499999998,58.914,49.406,3.356248331540846,-4.817,0.6688833333333334,0.09075971100242076,0.975,0.3061166666666666,2395.127200000038,199.79842692589034,2839.8,60.38941666666667,19.830616666666668,36.47892323148081,67.34788934994644,3,100,0,130,1
47.01245166666494,64.75823396914882,190.41,0.0,190.41,-138.388,143.39754833333507,7.8972375000000055,2.467125751893648,20.479,0.0,0.0,20.479,54.51169166666671,58.945,49.34,3.3691180482970955,-4.82,0.6610833333333334,0.10660449503459937,1.089,0.4279166666666666,2395.4101666666684,198.13910233457506,2837.8,60.55696666666665,20.008433333333333,36.47379361111055,67.33196421607707,3,100,0,130,1
47.030178888886425,64.7864046081009,190.37,0.0,190.37,-138.63,143.33982111111357,7.895009166666676,2.4735976839415446,20.479,0.0,0.0,20.479,54.496854166666694,58.91,49.211,3.393169867324377,-4.796999999999997,0.6744666666666663,0.08847550013587822,0.936,0.26153333333333373,2396.835933333358,198.05669107002794,2836.4,60.39488333333334,20.108200000000007,36.47401407407327,67.34847779217831,3,100,0,130,1
47.0153636944427,64.7625971592344,190.41,0.0,190.41,-138.502,143.3946363055573,7.897952500000008,2.470898834996637,20.479,0.0,0.0,20.479,54.521083333333344,58.957,49.262,3.3912274584632134,-4.811999999999998,0.6539000000000001,0.05365258614456529,0.819,0.1650999999999998,2397.552566666686,198.94770408721104,2841.6,60.48216666666665,20.11598333333333,36.47813317592535,67.2871485803756,3,100,0,130,1
47.0057946388869,64.74507630649623,190.41,0.0,190.41,-138.303,143.4042053611131,7.895226666666672,2.4755762972740802,20.479,0.0,0.0,20.479,54.553629166666646,58.957,49.34,3.357591088310272,-4.792999999999999,0.6533333333333332,0.052349758119223856,0.797,0.14366666666666683,2397.6725000000315,199.04190551349166,2840.0,60.286416666666675,19.853083333333334,36.48488349074007,67.27300236188952,3,100,0,130,1
46.9963631388868,64.73435547822666,190.42,0.0,190.42,-138.483,143.42363686111318,7.897981666666674,2.4682745732876175,20.479,0.0,0.0,20.479,54.54675833333335,59.02,49.312,3.3815332265517313,-4.784999999999997,0.6641999999999998,0.07619840293713177,0.894,0.22980000000000023,2397.5472333333737,198.6380247245979,2841.8,60.42793333333336,19.942083333333326,36.48036771296228,67.27882845445141,3,100,0,130,1
46.999180888887494,64.74601985792972,190.54,0.0,190.54,-138.657,143.5408191111125,7.900636666666654,2.4720487722263442,20.479,0.0,0.0,20.479,54.53726666666667,58.996,49.336,3.3864284483367317,-4.765000000000001,0.6567,0.05477822776695259,0.836,0.17930000000000001,2397.1911000000164,198.8121032772525,2839.6,60.59281666666665,19.962150000000005,36.479028074073604,67.27284685792301,3,100,0,130,1
47.00531455555332,64.7548981534166,190.42,0.0,190.42,-138.78900000000002,143.41468544444666,7.891059166666681,2.4741978073018642,20.479,0.0,0.0,20.479,54.54348750000002,58.957,49.277,3.3791731899300226,-4.832000000000001,0.6544833333333332,0.060569470316845904,0.844,0.18951666666666678,2397.807600000057,198.57402086510146,2837.6,60.309383333333315,19.987383333333334,36.47995374074001,67.28966543103532,3,100,0,130,1
46.99877930555419,64.743451819234,190.41,0.0,190.41,-138.59,143.4112206944458,7.893824166666669,2.4686028055208666,20.479,0.0,0.0,20.479,54.53084166666663,58.953,49.191,3.394596207821514,-4.777000000000001,0.6579,0.057773579088351165,0.869,0.21109999999999995,2397.291166666702,198.78197556017705,2841.4,60.43600000000003,20.257733333333338,36.47448171296249,67.26982820384322,3,100,0,130,1
47.00448205555332,64.74974604702614,190.42,0.0,190.42,-138.39800000000002,143.41551794444666,7.8898650000000075,2.468788366474609,20.479,0.0,0.0,20.479,54.55319166666662,58.98,49.336,3.377875553038198,-4.745999999999995,0.6674,0.08887626134412088,0.984,0.3166,2397.7846666666883,199.34461844848724,2841.8,60.339433333333325,20.054649999999995,36.48251290740665,67.30741067484487,3,100,0,130,1
47.013909555553816,64.76647850645331,190.49,0.0,190.49,-138.623,143.47609044444619,7.892381666666683,2.4666110298628543,20.479,0.0,0.0,20.479,54.56840833333331,58.98,49.43,3.3737413459520473,-4.753999999999998,0.6707999999999998,0.0822301029459922,0.932,0.2612000000000002,2399.5989666666865,198.7951853035737,2843.6,60.44351666666664,20.095900000000004,36.491566518517935,67.31531963926216,3,100,0,130,1
47.00605166666468,64.75506505519691,190.41,0.0,190.41,-138.56300000000002,143.4039483333353,7.889485833333347,2.465363203377908,20.479,0.0,0.0,20.479,54.57409583333327,59.0,49.406,3.3753556656208294,-4.757999999999996,0.6827000000000001,0.11815191312996666,1.09,0.4073,2396.1398666666873,198.25612567049862,2835.6,60.44863333333332,20.057433333333332,36.4898777777771,67.33858017170478,3,100,0,130,1
46.99991894444256,64.74387630039227,190.44,0.0,190.44,-138.57000000000002,143.44008105555744,7.886814999999999,2.4647022555369054,20.479,0.0,0.0,20.479,54.58343333333327,59.035,49.418,3.3784117798949223,-4.8089999999999975,0.6519999999999998,0.05591822115936021,0.799,0.14700000000000024,2396.094866666663,198.15270203188243,2837.6,60.39668333333335,20.02055,36.49005575925861,67.26449677708854,3,100,0,130,1
46.99548974999845,64.74026553475085,190.46,0.0,190.46,-138.053,143.46451025000155,7.886715000000009,2.4638723647204266,20.479,0.0,0.0,20.479,54.602987499999976,59.055,49.418,3.376986540701252,-4.746000000000002,0.6720833333333334,0.07790526443051651,0.911,0.23891666666666667,2397.1451000000293,198.44577353396969,2838.4,60.37775000000001,20.01848333333333,36.495064083332814,67.28204316390179,3,100,0,130,1
46.9851837222206,64.73118815071172,190.46,0.0,190.46,-138.525,143.4748162777794,7.894459166666683,2.471544986882589,20.479,0.0,0.0,20.479,54.59945833333331,59.074,49.34,3.3940624771319454,-4.840000000000003,0.6576166666666666,0.060996274314305376,0.886,0.22838333333333338,2397.766300000017,199.89729035705318,2845.6,60.55518333333331,20.10795,36.493033740740195,67.26372941190861,3,100,0,130,1
47.028238944442826,64.7919604777598,190.41,0.0,190.41,-138.61499999999998,143.38176105555718,7.890370833333345,2.4677064643735958,20.479,0.0,0.0,20.479,54.60911666666668,59.051,49.375,3.393036059609905,-4.866999999999997,0.6604166666666664,0.06762365739553002,0.861,0.20058333333333356,2397.698500000013,197.9451639025366,2841.4,60.47503333333332,20.125366666666668,36.509242148147614,67.32729059952892,3,100,0,130,1
47.01033566666488,64.76043781543032,190.5,0.0,190.5,-138.189,143.48966433333513,7.890401666666682,2.4670810960747516,20.479,0.0,0.0,20.479,54.62334999999998,59.039,49.336,3.3678853866196015,-4.75,0.6542499999999999,0.05519445593627765,0.826,0.17175000000000007,2397.1201666666825,198.6266319248014,2840.4,60.43176666666667,19.95626666666666,36.50802911111052,67.28271336744135,3,100,0,130,1
47.016245305552836,64.76718132704028,190.48,0.0,190.48,-138.856,143.46375469444715,7.8982066666666775,2.4748069487302353,20.479,0.0,0.0,20.479,54.6472916666667,59.078,49.441,3.358413293153333,-4.8359999999999985,0.6619833333333334,0.07063477121046548,0.907,0.24501666666666666,2399.012100000076,197.37046534462814,2842.4,60.58986666666667,19.898650000000007,36.52058121296207,67.31262304698097,3,100,0,130,1
47.01808688888725,64.77063028538984,190.47,0.0,190.47,-138.28799999999998,143.45191311111276,7.889636666666678,2.469559727433554,20.479,0.0,0.0,20.479,54.646641666666596,59.094,49.434,3.3715023042225503,-4.655999999999999,0.6543499999999999,0.059737511991905495,0.807,0.15265000000000017,2399.2843666666977,198.08971583145163,2843.0,60.364066666666666,20.0003,36.51812174074018,67.2999275248153,3,100,0,130,1
47.002206777775534,64.74499783343009,190.41,0.0,190.41,-138.373,143.40779322222446,7.895978333333323,2.47001701233647,20.479,0.0,0.0,20.479,54.66066666666668,59.121,49.457,3.3673299178211336,-4.766000000000005,0.6624999999999999,0.07281332062896835,0.873,0.21050000000000013,2399.730166666707,198.26081618710765,2841.8,60.45511666666666,19.912916666666657,36.51961725925852,67.28782816639553,3,100,0,130,1
47.0022011111087,64.74981192454801,190.61,0.0,190.61,-138.602,143.60779888889132,7.8905400000000006,2.474740873382907,20.479,0.0,0.0,20.479,54.65564999999995,59.113,49.461,3.382718326210001,-4.823999999999998,0.6713166666666665,0.10559058953746805,1.064,0.3926833333333336,2399.2735333333703,199.3117214814578,2843.6,60.231649999999995,20.06261666666666,36.51613037036955,67.3301433874684,3,100,0,130,1
46.994212055553305,64.73851947503017,190.39,0.0,190.39,-138.933,143.39578794444668,7.892389166666673,2.4684805494274658,20.479,0.0,0.0,20.479,54.67303333333336,59.117,49.473,3.3746205190242957,-4.851999999999997,0.6689666666666666,0.08947871002659014,0.95,0.28103333333333336,2398.143000000033,198.65527133824497,2843.0,60.33398333333333,20.00725,36.519878185184446,67.29647873448423,3,100,0,130,1
47.01161977777563,64.766616820824,190.5,0.0,190.5,-138.285,143.48838022222438,7.894898333333351,2.4698266550682515,20.479,0.0,0.0,20.479,54.6523541666666,59.129,49.43,3.4146945236639725,-4.891000000000005,0.6602833333333334,0.07435555708927544,0.895,0.23471666666666657,2400.4905666666814,197.6089376007966,2843.6,60.404299999999985,20.270249999999997,36.51962409259186,67.31079903298152,3,100,0,130,1
47.0184387777757,64.77916387329493,190.42,0.0,190.42,-138.513,143.4015612222243,7.897903333333347,2.4697270025000644,20.479,0.0,0.0,20.479,54.686683333333335,59.129,49.422,3.383402657011136,-4.875,0.6596666666666664,0.06680141748893562,0.892,0.2323333333333336,2400.6183000000233,198.24646633760182,2843.4,60.426666666666655,19.979933333333335,36.53434181481413,67.31569229328393,3,100,0,130,1
46.81758766666693,64.5153320131502,190.31,0.0,190.31,-138.875,143.49241233333308,7.750881666666682,2.4825903965202625,20.479,0.0,0.0,20.479,54.67533750000004,59.09,49.402,3.3599651831619735,-4.82,0.6482666666666668,0.039099987718003486,0.725,0.07673333333333321,2427.4003000000375,199.41266228992814,2875.4,56.90963333333334,19.987249999999996,36.41460227777788,67.03702239738847,3,100,2,130,1
52.90827738888745,74.33335355604487,190.06,0.0,190.06,-138.061,137.15172261111255,6.110395000000004,3.8681786423305846,20.479,0.0,0.0,20.479,54.5196625,58.957,49.355,3.2846127986539893,-4.8359999999999985,0.73675,0.07211681319749723,0.873,0.13624999999999998,2676.658633333349,266.53231419076286,2875.0,27.126400000000004,19.96953333333334,37.84611162962915,78.27364901157296,3,73,2,130,0
46.605540194443606,64.40995354519265,189.98,0.0,189.98,-180.23600000000002,143.3744598055564,7.835436666666675,2.5132683490130296,20.479,0.0,0.0,20.479,54.548729166666604,58.883,49.406,3.281275282362584,-4.5859999999999985,0.8063666666666668,0.10149458809428893,1.065,0.25863333333333316,2425.901633333373,216.5400712364205,2875.2,56.28198333333332,19.97983333333333,36.329902009258966,67.02471648229997,3,73,2,130,0
46.71181513888752,64.4934807013343,189.98,0.0,189.98,-137.91299999999998,143.26818486111247,7.798564166666674,2.5099659699269092,20.479,0.0,0.0,20.479,54.57247500000003,58.898,49.469,3.29443371420345,-4.753999999999998,0.7066000000000002,0.03844485374742653,0.765,0.058399999999999785,2427.2844000000246,203.54962904712175,2875.2,56.71773333333332,19.663783333333335,36.360951435184745,67.04189152500864,3,73,2,130,0
50.41763855555491,70.65722233094442,189.95,0.0,189.95,-137.96599999999998,139.5323614444451,6.7499216666666655,3.597394176286525,20.479,0.0,0.0,20.479,54.476079166666636,58.887,49.402,3.292535775132367,-4.729999999999997,0.7347000000000005,0.03202557240917942,0.819,0.08429999999999949,2570.4765000000575,279.66668732096576,2873.0,38.755900000000004,20.090683333333335,37.21454646296274,74.28664207964013,3,73,2,130,0
50.37683916666544,70.59398773171887,189.93,0.0,189.93,-137.686,139.55316083333457,6.733656666666669,3.591532311898604,20.479,0.0,0.0,20.479,54.44948749999997,58.645,49.422,3.2426829985571826,-4.758000000000003,0.7436333333333331,0.04405195956189622,0.836,0.09236666666666682,2568.058000000051,280.35650037743727,2867.4,38.53358333333333,19.990250000000003,37.18666111111069,74.22957200317937,3,73,2,130,0
46.755275249999265,64.5400344522432,189.91,0.0,189.91,-137.894,143.15472475000072,7.718348333333333,2.5182355460821864,20.479,0.0,0.0,20.479,54.52090833333336,58.805,49.441,3.2739613652043555,-4.655999999999999,0.6820500000000002,0.056020100811362834,0.815,0.1329499999999998,2423.7161000000315,199.4090782391916,2863.8,55.51956666666667,19.84676666666667,36.33151063888865,67.11429009913675,3,73,2,130,0
46.833806388887915,64.65205755672712,189.93,0.0,189.93,-137.041,143.09619361111208,7.715488333333329,2.5107919697032837,20.479,0.0,0.0,20.479,54.576787500000016,58.887,49.449,3.30017781831208,-4.75,0.6597666666666664,0.03624603621422538,0.763,0.10323333333333362,2428.288933333356,199.70371238325083,2871.8,55.59476666666664,19.929949999999998,36.37536074074042,67.19909556264462,3,73,2,130,0
46.757321249999244,64.55287837111649,189.92,0.0,189.92,-138.198,143.16267875000074,7.707230000000018,2.5157800831197834,20.479,0.0,0.0,20.479,54.59223750000001,58.875,49.484,3.30272590564111,-4.5660000000000025,0.6572499999999999,0.038251897039475624,0.751,0.09375000000000011,2425.1539000000053,200.6208946712342,2867.6,55.388000000000005,19.868100000000005,36.352262916666426,67.10691035127574,3,73,2,130,0
46.74154999999902,64.53100129578468,189.98,0.0,189.98,-138.381,143.23845000000097,7.712169999999991,2.5178764049807856,20.479,0.0,0.0,20.479,54.602845833333326,58.891,49.512,3.2881220004648135,-4.5859999999999985,0.6567833333333333,0.03583109702652562,0.765,0.10821666666666674,2422.0216333333733,201.2744732306143,2867.4,55.502666666666656,19.69546666666667,36.35218861111078,67.08470879779199,3,73,2,130,0
46.674907111111,64.43842255572171,190.03,0.0,190.03,-137.89399999999998,143.355092888889,7.711863333333331,2.5099268529171757,20.479,0.0,0.0,20.479,54.57164583333333,58.883,49.449,3.3232623665438057,-4.68,0.6617499999999998,0.04083601974329252,0.757,0.09525000000000017,2419.4631666666687,203.34040640459295,2869.6,55.55083333333334,20.04898333333333,36.319472092592555,66.98918542838219,3,73,2,130,0
46.7009889722221,64.41613571382366,190.09,0.0,190.09,-137.939,143.3890110277779,7.730566666666662,2.5204883068517434,20.479,0.0,0.0,20.479,54.58127916666667,58.887,49.457,3.3097571744070673,-4.667999999999999,0.6592833333333333,0.03732954102006026,0.747,0.08771666666666667,2419.257700000008,201.26675071042808,2865.4,56.2613,19.957816666666666,36.33761160185181,66.97395356169547,3,80,2,130,0
46.68429158333366,64.39050189372661,190.03,0.0,190.03,-137.59,143.34570841666635,7.729406666666667,2.5209931846039515,20.479,0.0,0.0,20.479,54.55262083333329,58.887,49.496,3.317925550737028,-4.692,0.6605000000000001,0.03156295833699767,0.74,0.0794999999999999,2420.4732333333636,201.91232128771517,2867.6,56.22541666666668,19.916683333333342,36.3221063611112,66.94305803666755,3,80,2,130,0
46.69676497222162,64.40571161433652,189.94,0.0,189.94,-137.69,143.24323502777838,7.732700000000015,2.5201328697910292,20.479,0.0,0.0,20.479,54.55294583333333,58.883,49.5,3.3048616023129953,-4.698999999999998,0.6599666666666665,0.036250992583332614,0.748,0.08803333333333352,2420.1122333333915,203.09074766134265,2869.6,56.257416666666664,19.74228333333333,36.32747026851832,66.96209547671089,3,80,2,130,0
46.68433313888901,64.39924179290966,189.98,0.0,189.98,-137.66,143.295666861111,7.728300833333331,2.5090955573198963,19.987,0.0,0.0,19.987,54.56442083333339,58.887,49.449,3.3022470722106774,-4.753999999999998,0.6626500000000001,0.040421434572283005,0.751,0.08834999999999993,2416.4331333333903,201.1826055825413,2865.4,56.21623333333335,19.834933333333332,36.325684935185244,66.94875878480184,3,80,2,130,0
46.68680499999931,64.40209792423262,189.99,0.0,189.99,-137.631,143.3031950000007,7.730773333333336,2.5200831341031615,20.479,0.0,0.0,20.479,54.56608333333332,58.887,49.449,3.3031282056283096,-4.684000000000005,0.6543499999999999,0.034456961609953804,0.738,0.08365000000000011,2418.3423666666763,201.4167152297144,2865.4,56.27496666666668,19.911016666666676,36.32788722222199,66.95663801994573,3,80,2,130,0
46.68567825000044,64.39726472635274,190.01,0.0,190.01,-137.884,143.32432174999954,7.729972499999999,2.514547979530626,19.967,0.0,0.0,19.967,54.5532833333333,58.887,49.434,3.3220778424583703,-4.597000000000001,0.6633666666666668,0.03436097839349444,0.74,0.07663333333333322,2417.2251333333666,201.82050016627016,2867.4,56.288650000000004,20.028549999999996,36.322978027777914,66.94617368427686,3,80,2,130,0
46.69932258333333,64.41528166375167,190.03,0.0,190.03,-137.549,143.33067741666667,7.731496666666666,2.5202993113592522,20.479,0.0,0.0,20.479,54.57605416666671,58.883,49.461,3.2853620131917207,-4.68,0.6673333333333332,0.04192069456447927,0.772,0.1046666666666668,2418.295033333352,201.70209596808493,2867.6,56.29225,19.646200000000004,36.335624472222236,66.9775016696754,3,80,2,130,0
46.69554041666672,64.41327600033507,190.09,0.0,190.09,-137.72699999999998,143.3944595833333,7.7392391666666605,2.5231932877352126,20.404,0.0,0.0,20.404,54.547495833333315,58.883,49.434,3.327160362125092,-4.774000000000001,0.6635833333333334,0.03917985112865128,0.76,0.0964166666666666,2419.1021333333606,201.52197542669848,2871.8,56.360783333333345,19.952233333333336,36.3274251388889,66.97564913919894,3,80,2,130,0
46.69437694444434,64.40555818345092,190.07,0.0,190.07,-137.566,143.37562305555565,7.735160833333328,2.5210848317553154,20.348,0.0,0.0,20.348,54.55542916666665,58.887,49.41,3.3279136809366006,-4.687999999999995,0.6621333333333331,0.037113416034063935,0.749,0.08686666666666687,2420.4797666666923,203.4430458451767,2875.0,56.288383333333314,19.990316666666665,36.32832231481478,66.9637564312403,3,80,2,130,0
46.68828391666652,64.40438273627699,190.01,0.0,190.01,-137.95499999999998,143.32171608333346,7.733885833333347,2.5159556982113394,19.96,0.0,0.0,19.96,54.567166666666715,58.887,49.469,3.313233331683917,-4.606000000000002,0.6585833333333332,0.03872733527077665,0.738,0.0794166666666668,2418.6324333333373,203.33858698790692,2873.6,56.33681666666664,19.90481666666666,36.32977880555553,66.9590657697591,3,80,2,130,0
46.709999777777114,64.39063077790553,190.06,0.0,190.06,-137.934,143.3500002222229,7.741637500000012,2.51009474072858,20.479,0.0,0.0,20.479,54.55907083333331,58.887,49.461,3.322886924616921,-4.757999999999996,0.6602333333333331,0.03726195254337369,0.737,0.07676666666666687,2417.6527666666984,201.17406530109818,2865.6,56.684549999999994,19.974916666666665,36.33690270370348,66.93798747117748,3,90,2,130,0
46.70929766666675,64.38889101067474,190.07,0.0,190.07,-137.771,143.36070233333325,7.73694499999999,2.5080920969827756,20.479,0.0,0.0,20.479,54.53856666666663,58.887,49.352,3.350064889731457,-4.844000000000001,0.6585166666666671,0.03668532781421148,0.747,0.08848333333333291,2416.370500000019,202.71419372392137,2870.4,56.66036666666665,20.2314,36.32826977777779,66.93366843547173,3,90,2,130,0
46.70707738888895,64.37788238441073,190.47,0.0,190.47,-137.589,143.76292261111104,7.739531666666668,2.509114113990848,20.479,0.0,0.0,20.479,54.54077500000002,58.887,49.41,3.3372883549711347,-4.741999999999997,0.6581166666666668,0.0386527748764525,0.746,0.0878833333333332,2414.8834000000425,200.90969261968945,2861.6,56.6899,20.082349999999998,36.32912801851854,66.92564927327803,3,90,2,130,0
46.70773816666645,64.38689927387232,190.06,0.0,190.06,-137.798,143.35226183333356,7.74025583333333,2.510663387617087,20.479,0.0,0.0,20.479,54.55404999999997,58.887,49.418,3.3280796449322776,-4.786000000000001,0.6549333333333336,0.03542376233339858,0.734,0.0790666666666664,2416.7225666666923,200.73913005972472,2863.8,56.677966666666705,20.03215,36.33401466666658,66.9329864238228,3,90,2,130,0
46.71377913888887,64.39714732041837,190.01,0.0,190.01,-137.87900000000002,143.29622086111112,7.736787500000011,2.5070937570420555,19.981,0.0,0.0,19.981,54.545879166666644,58.883,49.41,3.332027089488795,-4.796999999999997,0.6561166666666666,0.03705474267623863,0.75,0.09388333333333343,2417.130700000019,200.84390847149191,2865.6,56.61715000000002,20.086850000000005,36.33214860185184,66.94129582013666,3,90,2,130,0
46.7088072500001,64.38916500907459,190.01,0.0,190.01,-137.777,143.3011927499999,7.739968333333337,2.50986310576333,20.176,0.0,0.0,20.176,54.529412500000035,58.887,49.352,3.3507212376435316,-4.934000000000005,0.6526666666666666,0.03879920786657179,0.756,0.10333333333333339,2415.724066666689,201.2851638852922,2863.4,56.681733333333334,20.244566666666664,36.32606269444449,66.93782732270449,3,90,2,130,0
46.71157447222249,64.39545023262923,189.98,0.0,189.98,-137.67600000000002,143.2684255277775,7.738707499999998,2.5031152654183533,19.961,0.0,0.0,19.961,54.53521250000001,58.891,49.328,3.356142141804147,-4.741999999999997,0.6607833333333333,0.03888230466187941,0.758,0.09721666666666673,2416.320299999986,200.84350801979042,2863.6,56.63658333333333,20.205950000000012,36.328498157407495,66.93744780270947,3,90,2,130,0
46.72893674999994,64.41359512338768,189.98,0.0,189.98,-137.39000000000001,143.25106325000004,7.7404633333333415,2.5132408463207883,20.479,0.0,0.0,20.479,54.57140833333329,58.902,49.434,3.327352765594371,-4.875,0.65965,0.03734757723633126,0.749,0.08935000000000004,2415.542233333359,201.28458307475051,2862.6,56.743416666666675,19.972666666666665,36.34693613888886,66.9641835469448,3,90,2,130,0
46.709260083333234,64.39355877237153,189.93,0.0,189.93,-137.83100000000002,143.2207399166668,7.739422500000007,2.5101746821232833,20.479,0.0,0.0,20.479,54.57949166666668,58.891,49.41,3.326241245011244,-4.643999999999998,0.6581333333333333,0.03898042388594157,0.74,0.08186666666666664,2414.678933333381,201.07887588850215,2861.4,56.72746666666667,19.943950000000005,36.342724749999974,66.94271387838076,3,90,2,130,0
46.709204305555474,64.39729037911596,189.94,0.0,189.94,-137.84099999999998,143.2307956944445,7.737789166666671,2.5090180521546013,19.998,0.0,0.0,19.998,54.59105416666662,58.91,49.488,3.316208866778406,-4.652999999999999,0.6481999999999998,0.03225207916041215,0.723,0.0748000000000002,2415.572766666688,201.32841607731115,2863.4,56.696016666666665,19.883416666666673,36.34601587962959,66.93856051043097,3,90,2,130,0
46.727271972222184,64.38511837686315,190.07,0.0,190.07,-137.727,143.3427280277778,7.7316158333333425,2.4817825405807783,20.479,0.0,0.0,20.479,54.60662499999999,58.926,49.484,3.2993524052354664,-4.676000000000002,0.6577833333333335,0.03597225468808749,0.749,0.0912166666666665,2414.5792333333516,200.6131146735977,2863.4,56.51879999999999,19.793850000000003,36.35517093518517,66.90287317213202,3,100,2,130,0
46.72205947222206,64.36958515653977,189.98,0.0,189.98,-137.386,143.25794052777792,7.740498333333352,2.4859950166246896,20.479,0.0,0.0,20.479,54.61122083333336,58.887,49.488,3.2936340381059366,-4.702999999999996,0.65895,0.037035221440118914,0.761,0.10204999999999997,2415.26106666674,200.20597775736832,2867.6,56.743066666666664,19.978116666666665,36.35792621296292,66.89261539460458,3,100,2,130,0
46.72673305555573,64.38005612971604,189.96,0.0,189.96,-137.584,143.23326694444427,7.740200000000004,2.4882808234227722,20.479,0.0,0.0,20.479,54.60630833333332,58.91,49.484,3.3197076604059403,-4.758000000000003,0.6599499999999999,0.03690731634784626,0.747,0.08705000000000007,2415.504433333374,201.15934569574193,2865.4,56.7459,20.18196666666667,36.35774712962968,66.90524426948666,3,100,2,130,0
46.74242908333335,64.40298254903912,189.95,0.0,189.95,-137.78400000000002,143.20757091666664,7.736142500000004,2.4849851374078744,20.479,0.0,0.0,20.479,54.59781666666663,58.953,49.469,3.3279723744712895,-4.741999999999997,0.6632999999999998,0.03913613787965789,0.759,0.09570000000000023,2416.611900000032,201.18604420399973,2865.6,56.69334999999998,20.124233333333333,36.358796083333324,66.92710382432665,3,100,2,130,0
46.74963383333346,64.41764513728711,189.95,0.0,189.95,-137.81199999999998,143.20036616666653,7.730026666666671,2.4808999583064257,20.479,0.0,0.0,20.479,54.62379583333336,58.953,49.457,3.3218733353409964,-4.93,0.6626666666666667,0.03329511933829659,0.757,0.09433333333333327,2414.041200000019,202.2395564067259,2867.4,56.59580000000002,20.11825,36.367818777777835,66.93184021493182,3,100,2,130,0
46.73943013888932,64.40679347172842,189.94,0.0,189.94,-137.91,143.2005698611107,7.737905833333345,2.488022755722597,20.479,0.0,0.0,20.479,54.61266666666662,58.969,49.422,3.338968405652711,-4.773000000000003,0.6582666666666664,0.03877045295839177,0.754,0.09573333333333356,2413.8982666667275,200.63730448661377,2863.4,56.809749999999994,20.158333333333324,36.36333421296309,66.9335866804094,3,100,2,130,0
52.922726277777286,74.23204949974657,189.99,0.0,189.99,-137.903,137.06727372222272,6.114167500000002,3.8449977923005467,20.479,0.0,0.0,20.479,54.58392499999997,58.883,49.562,3.2398641576525775,-4.738999999999997,0.7355999999999997,0.06721233744696538,0.869,0.1334000000000003,2657.6448000000455,268.9466419986197,2865.6,28.191516666666683,19.895616666666662,37.873606259259084,78.14425962949407,3,100,2,130,0
46.87271602777696,64.61039130574909,189.91,0.0,189.91,-180.174,143.03728397222304,7.751830833333324,2.4910211502230073,20.479,0.0,0.0,20.479,54.66632916666665,58.93,49.645,3.2467050519785805,-4.734000000000002,0.7487333333333333,0.09471131277921123,0.878,0.12926666666666675,2419.997700000043,206.03379652117306,2857.4,56.091533333333345,19.86623333333333,36.43029200925898,67.1961237687513,3,100,2,130,0
46.81482430555396,64.4958541236254,189.92,0.0,189.92,-137.79600000000002,143.10517569444602,7.726282500000005,2.479170919494487,20.479,0.0,0.0,20.479,54.74106666666664,58.973,49.68,3.2681276630993477,-4.7890000000000015,0.6626833333333332,0.04205343318847884,0.772,0.10931666666666684,2415.9507000000713,198.0511179562757,2857.8,56.58341666666665,19.75756666666667,36.427391157406866,67.01707847630838,3,100,2,130,0
46.80116555555369,64.48657980695039,189.96,0.0,189.96,-138.011,143.1588344444463,7.720860833333346,2.47951371677843,20.479,0.0,0.0,20.479,54.7345708333333,59.055,49.652,3.3220187067276843,-4.772999999999996,0.6574999999999996,0.03581141755248798,0.743,0.08550000000000035,2416.5707000000043,198.76980069195923,2861.4,56.475149999999985,20.00780000000001,36.41886574074011,67.00190494128131,3,100,2,130,0
46.83301113888794,64.52844723089761,190.07,0.0,190.07,-137.721,143.23698886111205,7.768885000000002,2.4756665727148546,20.479,0.0,0.0,20.479,54.74195833333335,59.094,49.602,3.3371259811634633,-4.8160000000000025,0.6617166666666666,0.04031448058245038,0.749,0.08728333333333338,2403.7806000000346,199.61254120104977,2857.6,57.64861666666669,20.097733333333334,36.44795149074043,67.04442828419492,3,100,1,130,1
46.72143888888836,64.5106072642509,190.19,0.0,190.19,-138.534,143.46856111111163,7.747326666666665,2.5117378298156425,20.479,0.0,0.0,20.479,54.75976250000006,59.105,49.578,3.323073876606243,-4.703000000000003,0.6581499999999998,0.03738069156255559,0.746,0.0878500000000002,2403.5907666666717,201.94862395140223,2849.6,56.65808333333335,20.003899999999998,36.40950935185169,67.0597257856291,3,73,1,130,0
46.808582444443594,64.6318367955549,190.04,0.0,190.04,-138.15200000000002,143.2314175555564,7.757146666666676,2.502521980664435,20.479,0.0,0.0,20.479,54.73792916666666,59.129,49.602,3.345134833386997,-4.8160000000000025,0.6618833333333335,0.03877492273065624,0.746,0.0841166666666665,2407.078066666663,200.8707543063072,2848.6,56.91126666666665,20.041666666666675,36.43455275925898,67.17313369895,3,73,1,130,0
46.753087305554885,64.55426410577746,190.13,0.0,190.13,-138.22299999999998,143.3769126944451,7.75458083333335,2.500202369817493,20.479,0.0,0.0,20.479,54.76753749999999,59.133,49.562,3.3377203089103427,-4.910000000000004,0.6637666666666667,0.04223997892055629,0.767,0.10323333333333329,2404.9846666666876,202.20872618752128,2849.6,56.856433333333335,20.03676666666667,36.425068546296075,67.09670645451551,3,73,1,130,0
46.753240194443975,64.54985043977506,190.15,0.0,190.15,-137.96599999999998,143.39675980555603,7.756075833333351,2.5005293591516353,20.479,0.0,0.0,20.479,54.759995833333306,59.117,49.645,3.343180310713248,-4.7690000000000055,0.6574500000000001,0.0377051113740407,0.75,0.09254999999999991,2405.304066666669,201.95973190799103,2853.4,56.812050000000006,20.122849999999993,36.42310395370354,67.08808491030074,3,73,1,130,0
46.752570527777664,64.54966328250693,190.17,0.0,190.17,-138.21099999999998,143.41742947222232,7.7534275000000115,2.499643268909303,20.479,0.0,0.0,20.479,54.755399999999966,59.141,49.594,3.3494706305030517,-4.890999999999998,0.6561666666666668,0.04040941603085601,0.752,0.09583333333333321,2405.6615000000174,202.0314820955131,2853.4,56.85068333333332,20.074900000000003,36.420466009259215,67.08971596744709,3,73,1,130,0
46.72950172222178,64.51487258480631,190.15,0.0,190.15,-137.951,143.42049827777822,7.752144166666673,2.5071793737304384,20.479,0.0,0.0,20.479,54.75699166666672,59.129,49.566,3.348063124572584,-4.852000000000004,0.6615333333333334,0.042309780360151886,0.772,0.1104666666666666,2406.0709333333784,200.94876951549247,2853.4,56.6454,20.02005,36.412879185185055,67.0643617388969,3,73,1,130,0
46.728980833333196,64.51425704241886,190.15,0.0,190.15,-137.951,143.4210191666668,7.757031666666674,2.5033683584880437,20.479,0.0,0.0,20.479,54.74803749999999,59.133,49.59,3.3512908476985706,-4.801000000000002,0.6579666666666666,0.041460198053058915,0.76,0.10203333333333342,2407.6992666667165,202.3558944635241,2855.4,56.71733333333331,20.081416666666662,36.41134999999995,67.05908559895997,3,73,1,130,0
46.73479844444449,64.51572975581774,190.17,0.0,190.17,-138.084,143.4352015555555,7.759250000000003,2.503765269803041,20.479,0.0,0.0,20.479,54.74858749999997,59.129,49.566,3.3482902751061316,-4.840000000000003,0.6573333333333334,0.04184015858068056,0.75,0.09266666666666656,2407.3794333333326,203.06780589902556,2857.6,56.761300000000006,20.05143333333333,36.414211981481486,67.06133518420147,3,73,1,130,0
46.73192549999981,64.52120406548883,190.06,0.0,190.06,-137.976,143.32807450000018,7.753232500000011,2.5116760245210523,20.479,0.0,0.0,20.479,54.74460416666669,59.141,49.574,3.3554155610639746,-4.825000000000003,0.6504666666666667,0.03657148405968349,0.742,0.09153333333333324,2407.595933333349,201.7352687308391,2855.4,56.636683333333366,20.195549999999994,36.409920722222175,67.06945157406956,3,73,1,130,0
46.7338932777777,64.51649851462341,190.07,0.0,190.07,-137.71699999999998,143.3361067222223,7.768195833333324,2.5155409065500027,20.479,0.0,0.0,20.479,54.74079166666665,59.133,49.578,3.3482358182318843,-4.840000000000003,0.6539499999999998,0.03691787725502307,0.731,0.07705000000000017,2407.4352666666646,202.2155495776987,2855.4,57.10966666666664,20.095633333333335,36.414293592592564,67.06895729842843,3,73,1,130,0
46.75160544444405,64.4903184646897,190.13,0.0,190.13,-138.171,143.37839455555593,7.779435000000003,2.513678328278444,20.322,0.0,0.0,20.322,54.73128333333329,59.129,49.582,3.345573408853957,-4.785000000000004,0.6591999999999999,0.03704911993739654,0.738,0.07880000000000009,2403.9932666666987,202.1925456066866,2852.6,57.608766666666696,19.986699999999995,36.420774592592444,67.04104591290553,3,80,1,130,0
46.75040924999949,64.48171452158898,190.09,0.0,190.09,-137.593,143.33959075000053,7.776512499999993,2.511405565569354,20.294,0.0,0.0,20.294,54.721624999999946,59.105,49.582,3.346652487387795,-4.844000000000001,0.6637500000000001,0.0405465311270974,0.761,0.09724999999999995,2402.7764000000147,201.17033310156188,2853.4,57.604716666666675,19.954949999999997,36.416182249999814,67.03366661828542,3,80,1,130,0
46.75433358333262,64.49035561120228,190.12,0.0,190.12,-137.733,143.36566641666738,7.770770000000022,2.501822230060659,20.178,0.0,0.0,20.178,54.738533333333336,59.117,49.574,3.3378226734985583,-4.859000000000002,0.6520666666666665,0.04812162087336863,0.753,0.10093333333333354,2403.2806333333892,201.73824406422935,2851.6,57.51649999999998,20.04359999999999,36.42121230555532,67.0402994621363,3,80,1,130,0
46.754430916666344,64.49624792566547,190.09,0.0,190.09,-138.041,143.33556908333367,7.7732316666666765,2.4992185904063593,20.294,0.0,0.0,20.294,54.73751249999997,59.129,49.566,3.334557205561973,-4.9339999999999975,0.6595000000000003,0.035841222361116296,0.75,0.09049999999999969,2403.864100000011,201.12258709643578,2849.8,57.49393333333335,19.9312,36.42172502777766,67.03130773843294,3,80,1,130,0
46.764477999999656,64.5070328322328,190.34,0.0,190.34,-137.787,143.57552200000035,7.776397500000006,2.5144090392855967,20.479,0.0,0.0,20.479,54.71401249999998,59.117,49.488,3.3614278713920265,-4.8359999999999985,0.6620500000000001,0.03496701835846682,0.735,0.07294999999999985,2404.470166666706,201.11853345905828,2849.6,57.627266666666664,20.108700000000006,36.418295999999884,67.05640888987686,3,80,1,130,0
46.7625618611113,64.50887399739852,190.2,0.0,190.2,-138.121,143.4374381388887,7.777231666666662,2.5141409918903,20.479,0.0,0.0,20.479,54.7107333333333,59.105,49.512,3.3549497118077225,-4.913999999999994,0.6614166666666665,0.040903065098636275,0.762,0.10058333333333347,2405.021666666693,201.89632604788568,2853.4,57.60453333333332,20.095599999999997,36.41684228703709,67.06391805438746,3,80,1,130,0
46.74800069444449,64.48448776689234,190.19,0.0,190.19,-137.723,143.4419993055555,7.775857500000017,2.507131662179578,20.026,0.0,0.0,20.026,54.71839999999995,59.117,49.496,3.3577783011487337,-4.942,0.6638333333333332,0.040743166908299044,0.756,0.09216666666666684,2405.285333333337,201.4257704839628,2853.8,57.50898333333334,20.134016666666675,36.41408606481482,67.03236259598022,3,80,1,130,0
46.76527344444469,64.50676725017635,190.18,0.0,190.18,-137.612,143.41472655555532,7.77490000000002,2.5055432329956595,20.167,0.0,0.0,20.167,54.72261249999996,59.078,49.484,3.349241454720581,-4.828000000000003,0.6564333333333336,0.03959813669074002,0.755,0.09856666666666636,2407.5037000000593,201.70852419873682,2861.8,57.46774999999999,20.117449999999998,36.42092864814822,67.05190861986276,3,80,1,130,0
46.76105030555537,64.49601934904885,190.2,0.0,190.2,-137.70999999999998,143.4389496944446,7.77575499999999,2.5088026597621607,20.231,0.0,0.0,20.231,54.72652916666663,59.121,49.574,3.3428692457415723,-4.812000000000005,0.6546833333333333,0.03571852848083412,0.744,0.08931666666666671,2403.61260000003,202.47960058406406,2853.8,57.622233333333334,20.034133333333326,36.421111490740664,67.04054053729183,3,80,1,130,0
46.782506027777345,64.53051169945778,190.15,0.0,190.15,-137.97899999999998,143.36749397222266,7.7744441666666715,2.5133568583597232,20.479,0.0,0.0,20.479,54.71923749999991,59.086,49.566,3.344181532643535,-4.792999999999999,0.662583333333333,0.038077214890079744,0.75,0.08741666666666703,2403.915900000041,201.12928486936457,2851.4,57.64625000000001,19.992433333333334,36.425395898147976,67.08194577270758,3,80,1,130,0
46.79746124999969,64.50874276545845,190.26,0.0,190.26,-138.015,143.4625387500003,7.781502500000005,2.5030793515575795,20.378,0.0,0.0,20.378,54.71831666666664,59.074,49.508,3.344101044957261,-4.917999999999999,0.65925,0.04247616480181782,0.754,0.09475,2403.358566666684,200.24368983607303,2850.8,57.967800000000025,20.037216666666662,36.432426805555444,67.05429828181784,3,90,1,130,0
46.812610805555636,64.52588027010012,190.18,0.0,190.18,-137.669,143.36738919444437,7.7845958333333325,2.5036970436845523,20.479,0.0,0.0,20.479,54.70384166666664,59.105,49.488,3.3602490443563306,-4.93,0.6560166666666668,0.04087288756441252,0.755,0.0989833333333332,2404.4339666666892,199.66599003718304,2849.8,57.932800000000015,20.118316666666665,36.43368276851854,67.07045020134909,3,90,1,130,0
46.813528805555514,64.53115017709261,190.16,0.0,190.16,-138.014,143.3464711944445,7.78334750000001,2.5040831320106833,20.479,0.0,0.0,20.479,54.70470416666662,59.129,49.48,3.3733831806755328,-4.825000000000003,0.6532999999999999,0.03871420708872228,0.753,0.09970000000000012,2404.1918333333715,200.39227116756817,2853.0,57.99139999999999,20.21173333333333,36.43386015740739,67.073947516192,3,90,1,130,0
46.81014769444433,64.52900742058877,190.17,0.0,190.17,-138.343,143.35985230555565,7.781777499999993,2.503022578740582,20.479,0.0,0.0,20.479,54.7252083333333,59.121,49.562,3.3495062907183897,-4.768999999999998,0.6561833333333331,0.03851589663743155,0.744,0.08781666666666688,2405.477500000068,199.9539714672711,2849.4,57.91636666666667,20.074416666666664,36.43904450925921,67.07054589596679,3,90,1,130,0
46.81251561111123,64.52886920409303,190.2,0.0,190.2,-137.90599999999998,143.38748438888877,7.780920000000022,2.500953397909571,20.479,0.0,0.0,20.479,54.72905833333325,59.113,49.652,3.3343122098719213,-4.722000000000001,0.6546500000000001,0.038013746398562684,0.754,0.09934999999999994,2405.996233333386,199.80030738953093,2853.2,57.90495000000005,19.971116666666664,36.44083131481484,67.06783634840116,3,90,1,130,0
46.814437249999294,64.53394003453718,190.19,0.0,190.19,-138.354,143.3755627500007,7.783446666666674,2.5043851919810045,20.479,0.0,0.0,20.479,54.73089999999994,59.117,49.641,3.337610661415836,-4.809000000000005,0.6592833333333331,0.04508150497039202,0.768,0.1087166666666669,2405.7734666667325,200.22433380242103,2852.6,57.88298333333333,19.972633333333338,36.44292797222197,67.08340673148858,3,90,1,130,0
46.80682058333327,64.51578562267417,190.28,0.0,190.28,-137.80499999999998,143.47317941666674,7.782800833333338,2.502652970897735,20.479,0.0,0.0,20.479,54.73601249999993,59.133,49.582,3.3407352001718675,-4.75,0.6558333333333334,0.03679497325039353,0.743,0.08716666666666661,2405.6343333333734,200.1469478358594,2853.0,57.88284999999999,19.911049999999996,36.44187797222218,67.05523356682231,3,90,1,130,0
46.80307019444347,64.5188167936374,190.19,0.0,190.19,-138.351,143.38692980555652,7.779785833333344,2.5004533347038955,20.012,0.0,0.0,20.012,54.74362916666663,59.145,49.656,3.344583799961013,-4.765000000000001,0.6556166666666664,0.03695076507391995,0.749,0.0933833333333336,2405.4831333333855,200.53682512667726,2851.8,57.88525000000002,19.968716666666676,36.44216173148115,67.05622089341522,3,90,1,130,0
46.81275533333267,64.52733413140535,190.2,0.0,190.2,-137.81799999999998,143.38724466666733,7.780804166666673,2.505181240953302,20.479,0.0,0.0,20.479,54.743462499999964,59.121,49.602,3.3446951413463717,-4.840000000000003,0.6571833333333333,0.037190527163976354,0.756,0.09881666666666666,2406.156966666671,200.61973312966762,2853.4,57.84868333333335,20.014916666666668,36.44567399999977,67.06970589952263,3,90,1,130,0
46.8082479166668,64.52997244409892,190.12,0.0,190.12,-137.937,143.3117520833332,7.777515000000011,2.503828377750631,20.479,0.0,0.0,20.479,54.72894166666663,59.141,49.512,3.369044564400672,-4.917999999999999,0.6589000000000004,0.03530002160656178,0.742,0.08309999999999962,2405.421333333359,200.8315684133534,2853.6,57.86703333333333,20.226933333333328,36.43823486111115,67.06910084345611,3,90,1,130,0
46.808964472222286,64.50028639163122,190.23,0.0,190.23,-138.377,143.4210355277777,7.784232500000004,2.485979038177709,20.479,0.0,0.0,20.479,54.71499999999994,59.141,49.496,3.3756161514120118,-4.940999999999995,0.6553999999999998,0.041243057967474656,0.755,0.09960000000000024,2405.7598333333763,199.9186337738278,2851.4,58.01943333333332,20.211949999999998,36.436065657407404,67.0275084877764,3,100,1,130,0
46.81886919444459,64.50830186379855,190.13,0.0,190.13,-137.98600000000002,143.31113080555542,7.769201666666688,2.479722742242746,20.479,0.0,0.0,20.479,54.750620833333265,59.141,49.574,3.3413221699020283,-4.792999999999999,0.6511833333333333,0.034549640860880436,0.736,0.08481666666666665,2407.4091333333713,200.60025535125834,2855.4,57.57028333333332,19.974949999999993,36.44623056481485,67.02257424690217,3,100,1,130,0
46.8133308055554,64.50145112174356,190.15,0.0,190.15,-138.046,143.3366691944446,7.775867500000004,2.472909964600666,20.479,0.0,0.0,20.479,54.73861249999996,59.141,49.578,3.356421306583963,-4.7690000000000055,0.6537333333333333,0.03306483957044415,0.734,0.08026666666666671,2405.5084333333457,200.8917112994553,2853.6,57.88909999999999,20.071066666666663,36.44260360185179,67.00742592591466,3,100,1,130,0
46.818868833332914,64.51749782912486,190.13,0.0,190.13,-137.907,143.31113116666708,7.77624416666667,2.4729096856018806,20.479,0.0,0.0,20.479,54.743091666666636,59.133,49.574,3.3457744748787763,-4.917999999999999,0.6548833333333332,0.03593642770446434,0.734,0.07911666666666684,2406.052433333398,200.58034081866725,2853.6,57.838666666666654,20.05505,36.446068222222074,67.02634394243121,3,100,1,130,0
46.81984463888881,64.51252647866639,190.18,0.0,190.18,-137.945,143.3601553611112,7.769394166666682,2.4777350913926557,20.479,0.0,0.0,20.479,54.75029166666665,59.145,49.562,3.362298360651394,-4.867000000000004,0.6551833333333333,0.034748730822654665,0.739,0.08381666666666665,2404.362266666713,199.35708678366743,2851.4,57.651133333333355,20.106000000000005,36.44651015740738,67.0250103008817,3,100,1,130,0
46.81817797222194,64.50766995322672,190.17,0.0,190.17,-137.861,143.35182202777804,7.774553333333344,2.476819911947389,20.479,0.0,0.0,20.479,54.7485583333333,59.145,49.527,3.3616836282831057,-4.926000000000002,0.6418666666666665,0.03669455539286757,0.724,0.0821333333333335,2404.6412000000178,200.2657589094849,2851.6,57.70125,20.151049999999994,36.447096546296194,67.02118442056698,3,100,1,130,0
46.822821666666734,64.51639662920822,190.16,0.0,190.16,-138.039,143.33717833333327,7.785025833333332,2.478945147847703,20.479,0.0,0.0,20.479,54.742716666666624,59.148,49.488,3.364438130821064,-4.797000000000004,0.6546333333333332,0.03438366120982596,0.739,0.08436666666666681,2404.8954000000135,200.15417046408425,2851.8,58.065999999999995,20.14988333333333,36.450188055555564,67.02972543826574,3,100,1,130,0
46.823299666666884,64.51850917019316,190.15,0.0,190.15,-138.036,143.32670033333312,7.774005000000011,2.4775935329947245,20.479,0.0,0.0,20.479,54.74991249999997,59.148,49.578,3.3636326293332135,-4.801000000000002,0.6541666666666666,0.04028086422358476,0.753,0.09883333333333344,2405.5332666667214,199.59575856666356,2855.4,57.73703333333333,20.177250000000008,36.44907238888896,67.03638356741148,3,100,1,130,0
46.82061144444422,64.51990483948332,190.18,0.0,190.18,-138.096,143.3593885555558,7.778875000000009,2.473098851505151,20.479,0.0,0.0,20.479,54.755416666666626,59.145,49.582,3.355744090819254,-4.9140000000000015,0.7252999999999997,0.0588616015377871,0.826,0.10070000000000023,2402.8809333333666,199.6008663327116,2853.6,57.969783333333346,20.192083333333326,36.45163437037028,67.05186529252626,3,100,1,130,0
46.816208999999304,64.51104088288885,190.18,0.0,190.18,-138.19799999999998,143.3637910000007,7.782418333333339,2.4847520011233435,20.479,0.0,0.0,20.479,54.7044583333333,59.148,49.41,3.431694551699579,-4.808,0.6572333333333329,0.04791884617985955,0.791,0.13376666666666714,2402.66873333334,200.14227593764008,2851.8,58.151216666666684,20.74715000000001,36.434361888888645,67.04371173019204,3,100,1,130,0
46.948310194441774,64.67958192240052,190.63,0.0,190.63,-138.054,143.68168980555822,7.897867500000011,2.4709887010893383,20.479,0.0,0.0,20.479,54.77064166666661,59.176,49.562,3.3539840726757935,-4.836000000000006,0.6790666666666664,0.08818525697656382,0.992,0.3129333333333336,2395.166766666688,199.6703368291022,2847.4,60.5313,19.989583333333332,36.538939787036135,67.23875588046641,3,100,0,130,1
46.895521444442174,64.74835524319563,190.57,0.0,190.57,-138.746,143.6744785555578,7.868500000000016,2.5094865704707034,20.479,0.0,0.0,20.479,54.782862499999986,59.23,49.578,3.372598215263778,-4.852000000000004,0.6670666666666665,0.06993916646378992,0.866,0.19893333333333352,2397.7553666666713,201.02161692119205,2843.4,59.087816666666654,20.13974999999999,36.515627981480726,67.32778098013011,3,73,0,130,0
46.899456222219335,64.73823152281417,190.56,0.0,190.56,-138.369,143.66054377778067,7.868442500000019,2.4960531012508467,20.479,0.0,0.0,20.479,54.809474999999985,59.297,49.578,3.402621087801992,-4.917999999999999,0.6734999999999995,0.08411805666815608,0.955,0.2815000000000004,2397.0836666667033,201.2393119232243,2838.4,59.25223333333333,20.310516666666672,36.52579124073978,67.31840268073319,3,73,0,130,0
46.884328611108685,64.7375805858709,190.55,0.0,190.55,-138.649,143.66567138889133,7.860870000000006,2.504386112656697,20.479,0.0,0.0,20.479,54.854266666666696,59.309,49.574,3.3967486157672715,-4.859000000000002,0.6697333333333334,0.07639524048238597,0.957,0.28726666666666656,2395.5444333333658,201.87743460355486,2838.6,59.1228,20.369116666666674,36.53315509259179,67.31836193900999,3,73,0,130,0
46.878644555552995,64.72953250158128,190.57,0.0,190.57,-138.599,143.691355444447,7.859579166666672,2.5035319888273593,20.479,0.0,0.0,20.479,54.911308333333324,59.402,49.719,3.3840213650468347,-4.784999999999997,0.6661833333333333,0.058909724576826146,0.818,0.1518166666666666,2394.9723000000295,202.17399423937076,2841.6,59.111416666666656,20.169849999999997,36.54984401851766,67.29197421498546,3,73,0,130,0
46.88058677777561,64.73705166456136,190.59,0.0,190.59,-138.492,143.70941322222438,7.858935833333343,2.4963135308730062,20.479,0.0,0.0,20.479,54.96010833333332,59.391,49.723,3.387108172267541,-4.851999999999997,0.6848833333333334,0.09672853708707503,1.036,0.35111666666666663,2394.7740333333477,201.82777584097713,2839.4,59.186216666666695,20.197966666666666,36.56654364814742,67.33009373252145,3,73,0,130,0
46.876477138887125,64.73907212045096,190.52,0.0,190.52,-138.888,143.6435228611129,7.854524166666682,2.5014798924755897,20.479,0.0,0.0,20.479,54.97316249999995,59.391,49.711,3.3949465858483836,-5.003999999999998,0.6790499999999997,0.0899422460644532,0.932,0.25295000000000034,2394.215433333361,202.06704310730774,2837.6,59.12466666666669,20.275916666666667,36.56805460185125,67.330494258991,3,73,0,130,0
46.87823041666416,64.73549955367957,190.44,0.0,190.44,-138.57500000000002,143.56176958333583,7.850845000000013,2.5013498379511376,20.479,0.0,0.0,20.479,54.97640833333331,59.441,49.66,3.4353936647390833,-5.0390000000000015,0.6694166666666667,0.07901025285681078,0.957,0.2875833333333333,2394.1983333333656,203.01064002628746,2841.4,59.11026666666667,20.61406666666667,36.568494583332495,67.31585964448752,3,73,0,130,0
46.869241749997464,64.72284149392402,190.42,0.0,190.42,-138.474,143.55075825000253,7.851538333333354,2.4993965570690184,20.479,0.0,0.0,20.479,55.023233333333344,59.496,49.672,3.4186737995658807,-5.024000000000001,0.6811166666666666,0.10033470962135814,1.097,0.4158833333333334,2393.3030666666873,200.8939581993505,2833.4,59.11769999999999,20.411450000000006,36.58133780555472,67.3225727606144,3,73,0,130,0
46.86767508333121,64.71945975690682,190.42,0.0,190.42,-138.249,143.5523249166688,7.859530833333353,2.488927778573557,20.479,0.0,0.0,20.479,55.03894583333336,59.496,49.723,3.4392721852766623,-5.067,0.6796833333333333,0.1112077749486948,1.058,0.37831666666666675,2396.069033333354,200.90413601112502,2838.4,59.326133333333374,20.629716666666674,36.588717249999306,67.31959531042907,3,73,0,130,0
46.87548224999794,64.72554517865443,190.46,0.0,190.46,-137.903,143.58451775000208,7.863365833333353,2.495119128061555,20.479,0.0,0.0,20.479,55.08150833333331,59.57,49.719,3.433777553140141,-4.995999999999995,0.6592166666666669,0.08283761768637968,0.933,0.27378333333333316,2398.8836333333506,201.25792165934072,2843.8,59.35018333333335,20.445650000000004,36.60678547222153,67.30350192440237,3,73,0,130,0
46.88857924999787,64.6999453088797,190.44,0.0,190.44,-138.59,143.55142075000214,7.868272500000017,2.498904406455808,20.419,0.0,0.0,20.419,55.119916666666676,59.578,49.883,3.41116603601233,-4.945,0.6578666666666665,0.0686051010275887,0.87,0.2121333333333335,2397.9287666667337,201.13298263900703,2842.4,59.885066666666674,20.428666666666665,36.62558947222152,67.2674548163631,3,80,0,130,0
46.89561408333152,64.71165606851729,190.56,0.0,190.56,-138.357,143.6643859166685,7.866615000000009,2.489160254132029,20.458,0.0,0.0,20.458,55.13897083333337,59.594,49.828,3.409352371534513,-5.007000000000005,0.6548999999999996,0.06314033334498048,0.834,0.17910000000000037,2395.3455000000245,202.1556740794342,2840.4,59.91610000000002,20.33133333333333,36.63373330555496,67.26395665599429,3,80,0,130,0
46.8959257777758,64.70953810104962,190.44,0.0,190.44,-138.54399999999998,143.5440742222242,7.865080000000015,2.4979444747830666,20.479,0.0,0.0,20.479,55.14074166666669,59.66,49.805,3.437445151777463,-4.844000000000001,0.6838499999999998,0.12500872172962402,1.146,0.46215000000000006,2393.4220333333433,200.00371518769438,2835.6,60.002233333333336,20.481066666666667,36.633915814814166,67.33249129756231,3,80,0,130,0
46.89923741666466,64.71443267027792,190.44,0.0,190.44,-138.561,143.54076258333532,7.861343333333345,2.4948250988831338,20.479,0.0,0.0,20.479,55.16448749999997,59.664,49.816,3.4283067828496088,-5.007000000000005,0.6651166666666667,0.0854600891419977,0.988,0.3228833333333333,2394.792200000029,200.5836842855377,2838.4,59.99238333333332,20.398533333333337,36.64168941666599,67.29471785830306,3,80,0,130,0
46.88483363888675,64.69197256939216,190.46,0.0,190.46,-138.187,143.57516636111325,7.858823333333344,2.4909058071792054,20.283,0.0,0.0,20.283,55.18405416666665,59.648,49.793,3.429521384990636,-4.893999999999998,0.6590833333333331,0.06105604307093792,0.881,0.22191666666666687,2394.847100000034,201.24142524207645,2837.4,59.925050000000006,20.50679999999999,36.642570379628914,67.2439344196423,3,80,0,130,0
46.89431497221981,64.70036513080801,190.41,0.0,190.41,-138.143,143.5156850277802,7.860093333333366,2.487617822331344,20.298,0.0,0.0,20.298,55.20470000000001,59.66,49.883,3.416692621570294,-5.015000000000001,0.6618833333333332,0.07993813109061211,0.872,0.21011666666666684,2392.7280666666884,201.28315071905413,2835.6,59.993999999999986,20.352849999999997,36.653036101851065,67.26792108422997,3,80,0,130,0
46.88589249999778,64.696702231032,190.52,0.0,190.52,-138.476,143.63410750000224,7.858378333333353,2.4955351533519288,20.479,0.0,0.0,20.479,55.226620833333286,59.672,49.879,3.4273072712818924,-5.070999999999998,0.6647166666666666,0.08213529385821385,0.959,0.29428333333333334,2390.4264000000303,201.3282715083124,2837.6,60.08795000000001,20.412866666666662,36.656963888888136,67.27437267824214,3,80,0,130,0
46.88498583333114,64.70173753630426,190.44,0.0,190.44,-138.547,143.55501416666885,7.850505000000009,2.4713696583673155,20.454,0.0,0.0,20.454,55.22535416666665,59.676,49.895,3.454147078110754,-5.105000000000004,0.6648666666666665,0.08029932702646986,0.942,0.27713333333333345,2389.7893666666905,200.26564155673395,2833.6,59.86131666666667,20.701,36.65361499999927,67.25340652169805,3,80,0,130,0
46.87836333333089,64.68864544834474,190.42,0.0,190.42,-138.55599999999998,143.5416366666691,7.855717500000007,2.4902154957700406,20.293,0.0,0.0,20.293,55.24414166666667,59.711,49.91,3.4325994926466024,-5.094000000000001,0.653933333333333,0.06380581416222157,0.851,0.19706666666666695,2391.7572666667143,200.41470856642195,2832.6,59.97618333333333,20.488500000000002,36.65940749999919,67.24266675827701,3,80,0,130,0
46.88900786110839,64.6753425199771,190.38,0.0,190.38,-138.56,143.4909921388916,7.8524325000000195,2.4827493538559513,20.474,0.0,0.0,20.474,55.280587499999996,59.738,49.961,3.426816676778139,-5.0120000000000005,0.6664333333333334,0.08758789612739079,0.964,0.29756666666666653,2390.843166666671,201.14964659847982,2835.6,59.9447,20.41193333333334,36.674009287036135,67.24567976996043,3,80,0,130,0
46.89094719444146,64.65736475438639,190.39,0.0,190.39,-138.503,143.49905280555853,7.862556666666671,2.4801061204639723,20.479,0.0,0.0,20.479,55.28806666666663,59.746,49.977,3.4267309494211915,-5.027000000000001,0.6679666666666666,0.09846344355909013,1.005,0.3370333333333333,2390.0144333333533,199.3123060699064,2831.4,60.392333333333355,20.37668333333334,36.68052350925825,67.23593431840945,3,90,0,130,0
46.89236422221913,64.65686253289981,190.41,0.0,190.41,-138.38500000000002,143.51763577778087,7.862768333333342,2.4790351986059336,20.479,0.0,0.0,20.479,55.30002083333331,59.793,49.973,3.4440091572000737,-5.028000000000006,0.6564499999999999,0.06994269446106989,0.87,0.21355000000000013,2389.8137000000434,199.88985870118222,2831.4,60.422350000000016,20.57388333333334,36.6850511296286,67.20584042596681,3,90,0,130,0
46.893565444441975,64.66617958126683,190.49,0.0,190.49,-138.326,143.59643455555803,7.861573333333356,2.4752435338262533,20.173,0.0,0.0,20.173,55.30347083333333,59.781,49.891,3.4645747514450838,-5.120999999999995,0.6567166666666664,0.06705375826286804,0.882,0.2252833333333336,2390.303166666717,200.72371590072024,2835.8,60.37759999999999,20.744300000000003,36.68620320370289,67.20847687335596,3,90,0,130,0
46.89872811110787,64.67122385727414,190.42,0.0,190.42,-138.424,143.5212718888921,7.8631825000000175,2.4754814709374307,20.283,0.0,0.0,20.283,55.33346666666669,59.793,49.965,3.4388416981340773,-4.883000000000003,0.6558333333333336,0.08137091611073681,0.92,0.26416666666666644,2390.554033333353,200.4182659522,2835.4,60.37821666666668,20.576833333333337,36.69845909259153,67.22807624432231,3,90,0,130,0
46.904357555552714,64.67798456384409,190.46,0.0,190.46,-138.629,143.5556424444473,7.866060833333348,2.479026242241916,20.479,0.0,0.0,20.479,55.35057500000001,59.809,49.988,3.427989275266029,-5.030999999999999,0.6497333333333335,0.09805063836414232,1.003,0.3532666666666664,2392.343799999995,199.23464500145252,2835.6,60.356116666666665,20.501133333333332,36.70699779629536,67.25506144445015,3,90,0,130,0
46.894500361108385,64.65992805319351,190.38,0.0,190.38,-138.314,143.4854996388916,7.864485833333346,2.4764732641377933,20.388,0.0,0.0,20.388,55.318262499999946,59.82,49.91,3.465465225919987,-5.097999999999999,0.6519333333333335,0.07213237987193201,0.932,0.2800666666666666,2392.2225000000153,199.84446219146218,2835.4,60.37530000000001,20.676366666666674,36.69241623148056,67.20853369720324,3,90,0,130,0
46.903581888885924,64.67492152951033,190.48,0.0,190.48,-138.487,143.57641811111407,7.865727500000007,2.4758121936566524,20.231,0.0,0.0,20.231,55.31815833333331,59.82,49.891,3.476020454595612,-4.9879999999999995,0.6582000000000001,0.09259494440202208,1.01,0.3517999999999999,2393.5172999999954,199.295953346307,2837.4,60.32166666666668,20.576633333333337,36.69582257407308,67.243328667569,3,90,0,130,0
46.91001136110825,64.68433787014916,190.56,0.0,190.56,-138.60600000000002,143.64998863889176,7.868767500000003,2.482414331695172,20.479,0.0,0.0,20.479,55.30959166666664,59.793,49.883,3.453119752489749,-4.933,0.6707833333333333,0.10789120252328686,1.031,0.36021666666666663,2394.488600000074,199.60116132087032,2839.4,60.36546666666665,20.342750000000002,36.6961235092583,67.27464340436762,3,90,0,130,0
46.91192566666417,64.68062240138448,190.56,0.0,190.56,-138.297,143.64807433333584,7.868608333333355,2.4835049514682255,20.479,0.0,0.0,20.479,55.3695541666667,59.801,50.156,3.3321555874506195,-4.686999999999998,0.6511500000000001,0.0754077784505515,0.879,0.22784999999999989,2394.218333333343,200.0902877647118,2841.4,60.34448333333334,19.156616666666665,36.71669605555474,67.23953513130326,3,90,0,130,0
46.917143027775275,64.68871965915689,190.52,0.0,190.52,-138.469,143.60285697222474,7.870082500000014,2.483012611805614,20.479,0.0,0.0,20.479,55.27765416666663,59.797,49.895,3.4455523172798106,-5.155999999999999,0.6660166666666665,0.08552242082212615,0.947,0.2809833333333335,2393.8535000000497,199.63952391164418,2837.4,60.34896666666666,20.042833333333338,36.688293231480635,67.25725469178464,3,90,0,130,0
46.933613361108264,64.67691882870163,190.56,0.0,190.56,-138.45,143.62638663889174,7.876999166666686,2.4635843708831424,20.479,0.0,0.0,20.479,55.22457916666667,59.73,49.828,3.4814617250029323,-5.175999999999995,0.6682833333333331,0.09482420696208696,0.997,0.3287166666666669,2393.9943000000308,199.67369838100242,2839.4,60.578450000000004,20.322766666666666,36.67839723148054,67.23532740654686,3,100,0,130,0
46.93083894444194,64.6748190201955,190.41,0.0,190.41,-138.666,143.47916105555805,7.879555833333355,2.464453793568296,20.479,0.0,0.0,20.479,55.189125000000004,59.715,49.762,3.499709260040285,-5.160000000000004,0.6652833333333331,0.08803506459854538,0.934,0.26871666666666694,2393.2474000000625,200.15672330839715,2841.8,60.63631666666667,20.488399999999988,36.666506592591766,67.22730787836234,3,100,0,130,0
46.94274641666444,64.69038338947492,190.5,0.0,190.5,-138.533,143.55725358333555,7.877019166666694,2.459670504957952,20.479,0.0,0.0,20.479,55.131233333333356,59.676,49.687,3.5166204136375416,-5.109999999999999,0.653083333333333,0.0748357051704705,0.871,0.21791666666666698,2390.9788666666996,198.74793395217284,2832.6,60.53986666666666,20.493216666666665,36.6503329722215,67.22488959960334,3,100,0,130,0
46.93968283333057,64.68147418489859,190.46,0.0,190.46,-138.547,143.52031716666943,7.877261666666692,2.458454700170661,20.479,0.0,0.0,20.479,55.11733750000004,59.672,49.672,3.5235852294049526,-5.285000000000004,0.654566666666667,0.07442556665388188,0.883,0.22843333333333304,2392.336866666703,198.9590408706599,2834.2,60.51933333333331,20.561149999999998,36.64476066666577,67.21435445172314,3,100,0,130,0
46.940730222220076,64.68448681194313,190.5,0.0,190.5,-138.54000000000002,143.55926977777992,7.872755833333349,2.456353419464933,20.479,0.0,0.0,20.479,55.078037499999986,59.664,49.672,3.53750435791532,-5.055,0.65615,0.08218103723704108,0.942,0.28584999999999994,2393.9794666666703,199.15630065452936,2838.4,60.32046666666667,20.743183333333334,36.63050785185114,67.2230212686451,3,100,0,130,0
46.94458455555348,64.68939720146203,190.42,0.0,190.42,-138.577,143.4754154444465,7.873788333333355,2.457954906108791,20.479,0.0,0.0,20.479,55.06245833333329,59.633,49.594,3.5209380487345276,-5.223000000000006,0.6549333333333335,0.08441039109193717,0.961,0.3060666666666665,2394.706233333369,199.11354983718965,2837.4,60.327300000000015,20.632166666666663,36.626943740740046,67.23176249866276,3,100,0,130,0
46.954579999997385,64.68788138772122,190.46,0.0,190.46,-138.23299999999998,143.50542000000263,7.8711316666666775,2.45970427055355,20.479,0.0,0.0,20.479,55.05188333333335,59.633,49.613,3.4976322659055357,-5.176000000000002,0.6717333333333334,0.10099150269116312,1.067,0.39526666666666654,2395.6920333333874,199.78909564084918,2839.8,60.22325000000001,20.440933333333327,36.62586499999914,67.24857716096592,3,100,0,130,0
46.945711583331516,64.68319969861219,190.41,0.0,190.41,-138.501,143.46428841666847,7.881181666666673,2.468472332241763,20.479,0.0,0.0,20.479,55.00780416666668,59.566,49.574,3.5269675536739435,-5.160000000000004,0.6560999999999998,0.07912888006927021,0.968,0.3119000000000002,2396.485166666668,199.52134556114035,2841.6,60.51121666666666,20.668116666666666,36.61156580555495,67.23080091092322,3,100,0,130,0
46.951930472219466,64.69085431393187,190.42,0.0,190.42,-138.528,143.46806952778053,7.884459166666682,2.46254756443171,20.479,0.0,0.0,20.479,54.98387916666669,59.57,49.512,3.528595275337961,-5.245999999999995,0.6578500000000002,0.09305198565263562,0.945,0.2871499999999998,2396.262666666674,198.5224440032354,2839.4,60.420449999999995,20.710099999999997,36.606756268517614,67.24645386401622,3,100,0,130,0
46.9508942777755,64.69655768765364,190.47,0.0,190.47,-138.642,143.5191057222245,7.888290000000017,2.4689391874837483,20.479,0.0,0.0,20.479,54.95836250000002,59.508,49.445,3.527039715194991,-5.070999999999998,0.6465500000000001,0.07470403183819034,0.858,0.21144999999999992,2397.5996000000173,199.0460050470599,2839.6,60.527550000000005,20.749049999999997,36.59918225925851,67.24020090697559,3,100,0,130,0
46.960414444441106,64.65768192330157,190.48,0.0,190.48,-138.82399999999998,143.51958555555888,7.897814166666681,2.4751781664011236,20.479,0.0,0.0,20.479,54.909545833333304,59.414,49.566,3.4633635122484905,-5.078000000000003,0.67585,0.11889346106807458,1.081,0.40515,2403.7343333333743,198.76623092714146,2854.0,60.12624999999998,20.352883333333335,36.58925814814703,67.25175355077076,3,100,0,115,1
46.935638749997665,64.66323599128535,190.5,0.0,190.5,-138.198,143.56436125000232,7.891293333333347,2.476152644504769,20.479,0.0,0.0,20.479,54.861299999999964,59.402,49.445,3.492850179759029,-5.143999999999998,0.6491166666666667,0.053564816325855164,0.79,0.14088333333333336,2401.7745000000486,199.53885989747678,2851.8,59.82861666666665,20.512850000000004,36.56274402777699,67.19295345211597,3,100,0,115,1
46.974301027775546,64.64057450101605,190.49,0.0,190.49,-138.238,143.51569897222447,7.884212500000005,2.4864523777595537,20.479,0.0,0.0,20.479,54.825333333333305,59.418,49.363,3.528348510365681,-5.234000000000002,0.6559666666666665,0.07475722665972238,0.945,0.2890333333333335,2397.8182333333693,198.19979519165642,2843.0,59.762249999999995,20.75098333333333,36.561282287036285,67.20178410543532,3,100,0,115,1
46.97676177777499,64.65047005643663,190.46,0.0,190.46,-138.37900000000002,143.48323822222503,7.885455833333352,2.4853076871820003,20.479,0.0,0.0,20.479,54.82845416666662,59.375,49.41,3.4592019295673264,-4.950000000000003,0.6559166666666665,0.07127062096284399,0.893,0.23708333333333353,2397.3553000000447,198.2335672040377,2843.4,59.78513333333333,20.325666666666667,36.56355725925832,67.20704836458148,3,100,0,115,1
46.96602211110876,64.64394147219389,190.47,0.0,190.47,-138.303,143.50397788889126,7.886080000000006,2.4869603418064585,20.479,0.0,0.0,20.479,54.782583333333314,59.309,49.434,3.486530368398202,-5.133000000000003,0.6724166666666669,0.11367352771843936,1.086,0.4135833333333332,2397.4941666667128,198.79562046423,2846.6,59.73890000000003,20.631649999999993,36.54489514814736,67.24457534171877,3,100,0,115,1
46.96712033333133,64.67472189226307,190.48,0.0,190.48,-138.45,143.51287966666865,7.894655000000007,2.480430891091216,20.479,0.0,0.0,20.479,54.76577916666664,59.297,49.324,3.48089722075916,-5.1640000000000015,0.6493333333333331,0.05121197776562303,0.791,0.14166666666666694,2398.69960000003,198.93955657695423,2843.6,59.925900000000006,20.578666666666674,36.54251816666599,67.2063647611199,3,100,0,115,1
46.96195911110845,64.67919698081059,190.5,0.0,190.5,-138.471,143.53804088889154,7.89301416666667,2.4826181616215135,20.479,0.0,0.0,20.479,54.745091666666625,59.23,49.41,3.474527719017817,-5.152000000000001,0.6487999999999998,0.07156004945474886,0.89,0.2412000000000002,2396.4297000000442,198.99697591667234,2844.0,59.95531666666667,20.546983333333337,36.53335498148058,67.23337519188685,3,100,0,115,1
46.952086416664216,64.66537992794723,190.47,0.0,190.47,-138.37800000000001,143.51791358333577,7.894470000000005,2.4798594795468922,20.479,0.0,0.0,20.479,54.72644166666662,59.266,49.328,3.494459195313732,-5.086000000000006,0.6527833333333335,0.07263656726439378,0.875,0.2222166666666665,2397.2687000000524,199.05011055358707,2843.8,59.996600000000036,20.685333333333336,36.524332694443615,67.21787597475851,3,100,0,115,1
46.938763722219825,64.65834807177768,190.68,0.0,190.68,-138.281,143.7412362777802,7.888415,2.487539598777858,20.479,0.0,0.0,20.479,54.721616666666634,59.23,49.262,3.474027406552571,-5.1640000000000015,0.6692500000000001,0.1043455187736186,1.037,0.3677499999999998,2396.954000000042,197.770499381828,2840.4,59.75968333333333,20.49291666666667,36.51626512962882,67.25023318932915,3,100,0,115,1
46.989531861108595,64.6501238406939,190.56,0.0,190.56,-138.38899999999998,143.5704681388914,7.886942500000017,2.4879854921270366,20.479,0.0,0.0,20.479,54.667775000000006,59.227,49.207,3.5224361374577997,-5.209999999999994,0.6491166666666663,0.057762838228622305,0.805,0.1558833333333337,2398.104866666695,198.29399027894337,2841.4,59.76566666666666,20.86483333333334,36.51474978703621,67.19587217104956,3,100,0,115,1
52.45767324999836,73.63189193802162,190.36,0.0,190.36,-138.35600000000002,137.90232675000166,6.229315000000003,3.8978325853172513,20.479,0.0,0.0,20.479,54.57870833333329,59.145,49.195,3.395455312104594,-5.051000000000002,0.7431000000000001,0.06490350072823238,0.853,0.10989999999999989,2652.404466666687,282.92154464937215,2873.6,30.142716666666665,20.587716666666662,37.755232194443884,77.5946280240671,3,100,2,115,1
47.16960780555459,64.1368869364276,189.88,0.0,189.88,-137.576,142.7103921944454,7.724887500000001,2.5398499177144656,20.479,0.0,0.0,20.479,54.535520833333344,58.969,49.184,3.429814137892119,-5.207000000000001,0.6761500000000001,0.056025365018210545,0.798,0.1218499999999999,2424.1909000000232,201.7232569204332,2872.4,55.233800000000016,20.570066666666673,36.47667204629598,66.73276221916028,3,73,2,115,0
52.45299369444331,73.5935359010638,190.03,0.0,190.03,-137.73299999999998,137.5770063055567,6.214181666666661,3.907870675061812,20.479,0.0,0.0,20.479,54.477304166666606,58.902,49.191,3.297749404220545,-4.75,0.7262333333333333,0.06756424856102389,0.842,0.11576666666666668,2652.812200000064,282.2828107330765,2869.6,29.102233333333356,20.238733333333336,37.71482650925886,77.56897082468664,3,73,2,115,0
52.516767583332175,73.55060250334175,189.93,0.0,189.93,-137.691,137.41323241666782,6.209796666666659,3.9092536515404435,20.479,0.0,0.0,20.479,54.43082083333331,58.562,49.344,3.222170006926862,-4.745999999999995,0.7638833333333329,0.051840070773997854,0.848,0.08411666666666706,2651.7234333333467,282.0505501082178,2871.6,28.980616666666666,20.12843333333333,37.71912836111071,77.51169622565618,3,73,2,115,0
52.74534186110966,73.38415585138058,189.91,0.0,189.91,-137.59799999999998,137.16465813889033,6.212366666666668,3.9060022459256905,20.479,0.0,0.0,20.479,54.43605833333329,58.477,49.352,3.2008632146280034,-4.965000000000003,0.7760666666666666,0.038174384288672036,0.835,0.05893333333333339,2648.313233333334,281.1794041315322,2871.6,29.127466666666674,20.210400000000003,37.797922287036535,77.32833248159494,3,73,2,115,0
52.77193758333184,73.36083355333726,189.92,0.0,189.92,-137.622,137.14806241666815,6.206191666666667,3.9040056640735235,20.479,0.0,0.0,20.479,54.46003749999995,58.465,49.324,3.1929773861626427,-4.813000000000002,0.7751333333333333,0.05138042450777212,0.852,0.07686666666666664,2646.4840333333373,280.90129789944456,2863.4,29.047533333333334,20.32721666666667,37.81272224999949,77.31621964191855,3,73,2,115,0
52.70670677777703,73.39412251618477,189.92,0.0,189.92,-137.743,137.21329322222294,6.212469999999998,3.8974052107670425,20.479,0.0,0.0,20.479,54.54824999999997,58.402,49.605,3.0955371634893893,-4.812000000000005,0.7918166666666667,0.047843846164571775,0.879,0.08718333333333328,2646.491966666719,281.11578722969386,2861.4,29.230066666666655,19.77096666666666,37.82247559259233,77.33937157311638,3,73,2,115,0
47.21954722222205,64.08371414278533,189.87,0.0,189.87,-137.788,142.65045277777796,7.712546666666663,2.5376628779036947,20.479,0.0,0.0,20.479,54.71864166666665,58.844,49.656,3.2104692244178965,-4.851999999999997,0.6852500000000001,0.06507170100117593,0.826,0.14074999999999982,2419.166866666676,200.9451098974896,2867.4,55.21911666666669,19.895633333333326,36.55024518518512,66.6864487216902,3,73,2,115,0
52.61088249999892,73.4634244918682,189.92,0.0,189.92,-137.481,137.30911750000107,6.206426666666675,3.892533601801855,20.479,0.0,0.0,20.479,54.683837499999996,58.82,49.672,3.1961055582026137,-4.75,0.74945,0.05788428696948854,0.852,0.10255000000000003,2649.52846666671,281.288478169608,2866.6,29.213516666666674,20.19353333333333,37.833715555555194,77.41384238063954,3,73,2,115,0
52.85633397222135,73.30181322341699,189.9,0.0,189.9,-137.60299999999998,137.04366602777867,6.207306666666667,3.8948670626203827,20.479,0.0,0.0,20.479,54.69957499999999,58.629,49.668,3.149683357034734,-4.727000000000004,0.7768499999999998,0.04939389415364024,0.862,0.08515000000000017,2648.894066666697,281.2553730845754,2865.6,29.245083333333355,20.164933333333327,37.92107187962933,77.246074180191,3,73,2,115,0
52.59298333333215,73.47623413375248,189.88,0.0,189.88,-137.70499999999998,137.28701666666785,6.202953333333338,3.89927841610395,20.479,0.0,0.0,20.479,54.74800833333327,58.551,49.793,3.1054911145729864,-4.820999999999998,0.7827333333333333,0.051335013546498734,0.868,0.08526666666666671,2648.2474666667267,280.747213212414,2865.6,29.071916666666667,20.031650000000006,37.84798166666625,77.42684756340293,3,73,2,115,0
52.458127361110336,73.51157253417269,189.92,0.0,189.92,-137.513,137.46187263888964,6.224026666666676,3.8867441588153993,20.479,0.0,0.0,20.479,54.80751666666666,58.586,49.805,3.1130608637069175,-4.878,0.7702166666666669,0.053851362183695475,0.872,0.10178333333333311,2646.0773333333836,281.351870923406,2867.8,30.081866666666677,20.253583333333335,37.82989023148122,77.45216805517178,3,80,2,115,0
52.47386411111007,73.53302752381562,189.88,0.0,189.88,-137.48499999999999,137.40613588888993,6.210022500000004,3.8816487770040577,20.479,0.0,0.0,20.479,54.903304166666636,58.641,49.891,3.0863007286118864,-4.871000000000002,0.7780000000000001,0.047516990716791614,0.858,0.07999999999999985,2646.287700000026,280.5038585792056,2865.8,29.7717,20.23345,37.862396925925566,77.46219329153647,3,80,2,115,0
52.36718758333281,73.58331650924774,189.91,0.0,189.91,-137.74800000000002,137.54281241666718,6.211431666666667,3.8873038494581604,20.479,0.0,0.0,20.479,54.974195833333305,58.695,49.977,3.0757692767009055,-4.7890000000000015,0.7770666666666667,0.047151349052960555,0.841,0.06393333333333329,2645.586033333379,281.1361705935427,2863.8,29.920983333333343,20.159366666666674,37.85093836111093,77.51777170775887,3,80,2,115,0
52.35444183333208,73.55712592409392,189.8,0.0,189.8,-137.598,137.44555816666792,6.208803333333334,3.8758391281258673,20.479,0.0,0.0,20.479,55.04027916666664,58.809,50.078,3.1025992425408737,-4.933,0.7700000000000004,0.05464833646110467,0.855,0.08499999999999963,2645.300533333401,282.127524268206,2866.8,30.174833333333332,20.385683333333347,37.86784144444402,77.48761338868088,3,80,2,115,0
52.352813444443704,73.555807640886,189.82,0.0,189.82,-137.427,137.46718655555628,6.193866666666669,3.8749687604720653,20.479,0.0,0.0,20.479,55.15038750000003,58.863,50.129,3.083323481959648,-4.866999999999997,0.7626666666666669,0.052183725843771,0.84,0.07733333333333303,2641.794400000055,281.7102744104743,2861.0,29.98443333333332,20.376250000000002,37.89902253703681,77.48296012720185,3,80,2,115,0
52.34205177777706,73.555020907195,189.84,0.0,189.84,-137.401,137.49794822222293,6.191090833333328,3.866458954904035,20.479,0.0,0.0,20.479,55.23629999999999,58.937,50.254,3.0753013380261245,-4.933,0.7567333333333333,0.04898109862588701,0.82,0.0632666666666667,2641.784466666684,281.9269027871138,2861.6,30.035016666666664,20.32545,37.92314753703679,77.47046096072492,3,80,2,115,0
52.33869863888857,73.55033037262675,189.81,0.0,189.81,-137.65,137.47130136111144,6.174873333333333,3.8477589178026945,20.479,0.0,0.0,20.479,55.33152083333339,59.008,50.309,3.0885195868017226,-4.933,0.7606500000000002,0.04691601764711502,0.845,0.08434999999999981,2641.650033333375,281.73791487618183,2857.6,29.757583333333322,20.454583333333336,37.94836426851843,77.44500530807656,3,80,2,115,0
52.327097277777156,73.53479028815244,189.79,0.0,189.79,-137.578,137.46290272222285,6.190835833333333,3.858808667731675,20.479,0.0,0.0,20.479,55.40484999999998,59.117,50.383,3.0771195753775236,-4.933,0.7658500000000001,0.047687480146385,0.851,0.08514999999999984,2643.410600000046,281.76387245518805,2861.8,30.22450000000001,20.368233333333325,37.974261037036825,77.4412864360305,3,80,2,115,0
52.32274444444359,73.53689715512927,189.82,0.0,189.82,-137.17499999999998,137.4972555555564,6.18133499999999,3.855496137961131,20.479,0.0,0.0,20.479,55.478991666666616,59.129,50.465,3.080779961548436,-4.936999999999998,0.7671333333333334,0.05048324664767902,0.856,0.08886666666666654,2642.301366666737,281.7433615279925,2868.0,30.01723333333332,20.5147,37.994357037036735,77.44287653973807,3,80,2,115,0
52.308451722221776,73.51957982938369,189.84,0.0,189.84,-137.032,137.53154827777823,6.182191666666668,3.852549636130112,20.479,0.0,0.0,20.479,55.55395,59.187,50.512,3.0980002170383836,-5.097000000000001,0.7569333333333337,0.047026810480350484,0.837,0.08006666666666629,2638.869466666723,282.14014430991693,2859.6,30.19878333333332,20.601016666666663,38.01486446296281,77.41915627599414,3,80,2,115,0
52.32432066666603,73.49195755288072,189.92,0.0,189.92,-136.90800000000002,137.59567933333395,6.190123333333331,3.8450459589985697,20.479,0.0,0.0,20.479,55.61940416666662,59.281,50.543,3.098068980026669,-5.198999999999998,0.7609833333333336,0.05021124584233644,0.846,0.08501666666666641,2636.839366666711,282.6508109495188,2857.6,30.605083333333322,20.58773333333333,38.04461605555533,77.38721475772162,3,90,2,115,0
50.25456822222188,70.39344418594297,189.79,0.0,189.79,-137.00099999999998,139.53543177777811,6.679128333333333,3.542963570833147,20.479,0.0,0.0,20.479,55.7616541666667,59.508,50.633,3.1515091983332715,-5.18,0.7280333333333332,0.05033075909157802,0.821,0.09296666666666675,2553.1373666667105,283.1346149898191,2857.4,38.997350000000004,20.544766666666664,37.56511690740731,73.9867385158677,3,90,2,115,0
52.312661222221536,73.48848511597524,189.82,0.0,189.82,-137.126,137.50733877777844,6.181056666666668,3.842021999024695,20.479,0.0,0.0,20.479,55.804391666666646,59.527,50.719,3.136077094827253,-5.023999999999994,0.7545333333333332,0.04748361596709685,0.826,0.07146666666666679,2634.6101000000076,282.2292107830558,2855.8,30.565683333333325,20.55053333333334,38.09936985185161,77.37799073096703,3,90,2,115,0
52.31106963888844,73.48394357991987,189.85,0.0,189.85,-137.089,137.53893036111157,6.168595000000003,3.83790787083221,20.479,0.0,0.0,20.479,55.848666666666695,59.551,50.816,3.123803062043501,-5.097999999999999,0.75285,0.05376780745617277,0.836,0.08314999999999995,2634.986766666714,282.96346085359136,2853.8,30.370949999999997,20.48105,38.10944376851838,77.37561925820825,3,90,2,115,0
52.30173636111077,73.47131494614993,189.74,0.0,189.74,-136.899,137.43826363888923,6.1784741666666685,3.835861421945917,20.479,0.0,0.0,20.479,55.912062500000026,59.637,50.805,3.121993375432557,-5.109000000000002,0.7449999999999999,0.06253107701951358,0.82,0.07500000000000007,2635.0318000000298,282.6016722401906,2855.6,30.753099999999993,20.527450000000005,38.13075767592582,77.36970744511537,3,90,2,115,0
52.303238388888005,73.47572787494575,189.77,0.0,189.77,-137.053,137.46676161111202,6.169482500000005,3.840714452757034,20.479,0.0,0.0,20.479,55.95863333333337,59.66,50.824,3.1357111234822423,-5.1910000000000025,0.7444833333333333,0.05354785335445349,0.84,0.0955166666666667,2635.2305666666957,283.1516451680485,2859.4,30.550983333333328,20.751283333333333,38.143784740740465,77.36999018105725,3,90,2,115,0
54.87045388888794,77.01142384588691,189.71,0.0,189.71,-136.895,134.83954611111207,5.557030833333332,4.006481776455522,20.479,0.0,0.0,20.479,55.98867499999997,59.664,50.883,3.1292752343409194,-5.133000000000003,0.7789500000000003,0.053371872551569846,0.848,0.06904999999999972,2736.731299999992,235.63598190069442,2856.4,19.56693333333334,20.824866666666665,38.805386574073744,81.07127749489399,3,90,2,115,0
52.38170488888826,73.62302212072792,189.9,0.0,189.9,-180.111,137.51829511111174,6.150167500000001,3.810614579347715,20.479,0.0,0.0,20.479,56.04529166666664,59.637,50.977,3.0719185067420254,-4.964999999999996,0.7807666666666669,0.05117049158489243,0.86,0.07923333333333304,2645.469866666699,280.9084376631894,2857.8,29.30928333333334,20.844366666666662,38.1923880185183,77.48480719166054,3,90,2,115,0
52.2796444166659,73.45841584097106,189.72,0.0,189.72,-137.018,137.4403555833341,6.1575908333333285,3.830336466677038,20.479,0.0,0.0,20.479,56.13628333333332,59.672,51.137,3.0939733865817063,-5.133000000000003,0.7453166666666665,0.05053795072296498,0.816,0.07068333333333343,2636.3418333333657,282.6796815779922,2855.6,30.41618333333333,20.78493333333333,38.19117286111085,77.33929025837107,3,90,2,115,0
52.278920888887924,73.45210236000091,189.74,0.0,189.74,-137.12,137.4610791111121,6.1581433333333315,3.829140598431675,20.479,0.0,0.0,20.479,56.21309166666667,59.785,51.137,3.054910906111949,-4.983999999999995,0.7588833333333332,0.053265911656825767,0.851,0.09211666666666674,2634.929600000017,282.9421153120832,2857.6,30.453016666666667,20.29933333333333,38.216718629629305,77.33450887008941,3,90,2,115,0
52.29330155555424,73.443266770564,189.69,0.0,189.69,-136.965,137.39669844444575,6.148588333333338,3.808360492858687,20.479,0.0,0.0,20.479,56.261600000000016,59.875,51.137,3.1244775172256456,-5.1370000000000005,0.7541166666666669,0.04758439128312257,0.818,0.06388333333333307,2634.630133333366,283.77141332620596,2865.4,30.43416666666666,20.83093333333334,38.2344966296292,77.2992116547058,3,100,2,115,0
52.29129902777651,73.4385247509737,189.69,0.0,189.69,-136.96200000000002,137.39870097222348,6.144916666666659,3.810355311435979,20.479,0.0,0.0,20.479,56.32897916666665,59.879,51.23,3.0984967977104474,-5.050999999999995,0.7519000000000002,0.05175519297616424,0.831,0.07909999999999973,2634.619533333385,283.4455383913952,2857.4,30.31431666666667,20.531183333333335,38.255064953703275,77.30063525538584,3,100,2,115,0
52.29531686110924,73.444248399389,189.74,0.0,189.74,-136.86200000000002,137.44468313889075,6.143276666666658,3.81223851438115,20.479,0.0,0.0,20.479,56.373670833333335,59.961,51.297,3.1093387294906614,-5.214999999999996,0.7466833333333337,0.056218849503952166,0.842,0.09531666666666627,2633.5622666666673,283.48569600511087,2857.6,30.400350000000007,20.59156666666667,38.27075478703642,77.3127057632741,3,100,2,115,0
52.28914947222037,73.4416945377793,189.94,0.0,189.94,-137.055,137.65085052777962,6.140399166666665,3.810627235741397,20.479,0.0,0.0,20.479,56.45918333333337,60.043,51.312,3.0483347384343022,-4.754000000000005,0.743233333333333,0.05390775758352054,0.823,0.07976666666666699,2632.3863666667103,283.58272451098355,2856.4,30.35623333333334,20.047033333333335,38.29624399074014,77.30622953110421,3,100,2,115,0
52.27938569444264,73.4321400176413,189.71,0.0,189.71,-137.072,137.43061430555736,6.145981666666661,3.8038629646990523,20.479,0.0,0.0,20.479,56.53283750000004,60.066,51.406,3.0224403304100353,-4.734999999999999,0.7483000000000001,0.050295499680742754,0.818,0.06969999999999987,2631.267666666685,283.63370268847166,2852.6,30.642566666666664,19.902666666666665,38.31940162036978,77.2862984820211,3,100,2,115,0
52.28028344444284,73.42814309091264,189.88,0.0,189.88,-137.013,137.59971655555717,6.136859999999995,3.8042645644237347,20.479,0.0,0.0,20.479,56.60739583333331,60.098,51.695,2.9324839895447927,-4.984999999999999,0.7528999999999998,0.0464702200977379,0.84,0.08710000000000018,2631.2611333333634,283.78888160791223,2851.8,30.3692,19.149766666666665,38.341513092592045,77.2788778754341,3,100,2,115,0
50.189004944443134,70.29624034822248,189.75,0.0,189.75,-136.935,139.56099505555687,6.642347499999998,3.4946943663223857,20.479,0.0,0.0,20.479,56.613441666666674,60.309,51.426,3.127246525843952,-4.743000000000002,0.71295,0.04345713843956976,0.789,0.07605000000000006,2547.798600000021,285.0304809557842,2854.4,39.105249999999984,20.237799999999996,37.81493137036994,73.83439185298444,3,100,2,115,0
52.27813666666495,73.42498037873479,189.73,0.0,189.73,-136.901,137.45186333333504,6.139315833333325,3.801847980847455,20.479,0.0,0.0,20.479,56.67766250000002,60.324,51.645,2.9902003624829034,-5.022999999999996,0.7428166666666666,0.05095145302120198,0.81,0.06718333333333348,2632.4201000000417,283.8471578934058,2855.6,30.42461666666666,19.174233333333337,38.36503833333276,77.27777981260344,3,100,2,115,0
52.2750383055534,73.42691464843402,189.71,0.0,189.71,-136.978,137.4349616944466,6.13945083333333,3.8034309022389325,20.479,0.0,0.0,20.479,56.66959999999995,60.301,51.469,3.0604780245759216,-4.742000000000004,0.7431166666666669,0.05292882706487343,0.82,0.07688333333333308,2633.7277666666832,284.18918698291793,2857.4,30.35703333333334,19.841299999999993,38.36136304629556,77.28327437773783,3,100,2,115,0
46.52640436111024,64.14400226988445,189.73,0.0,189.73,-136.914,143.20359563888974,7.62083666666667,2.4515013135962946,20.439,0.0,0.0,20.439,56.86673333333327,60.707,52.039,3.060779854499943,-4.7620000000000005,0.6555666666666664,0.05234707077964383,0.775,0.11943333333333361,2400.803333333374,200.9649123061501,2859.6,56.12503333333333,18.857683333333323,37.00465812037006,66.6478506542604,3,100,2,115,0
52.33425147222008,73.49652940707536,189.94,0.0,189.94,-137.06799999999998,137.60574852777992,6.1750300000000005,3.8023619255155747,20.479,0.0,0.0,20.479,56.79207499999998,60.676,51.75,3.0547339848505364,-4.883000000000003,0.7219500000000001,0.05946040556966019,0.806,0.08404999999999996,2619.7363000000205,282.43283954559115,2849.4,31.434899999999992,19.076783333333328,38.43378549074002,77.3583517381606,3,100,1,115,1
52.275458833331456,73.5511607908983,189.9,0.0,189.9,-137.296,137.62454116666856,6.1535174999999995,3.8168692758487093,20.479,0.0,0.0,20.479,56.775737499999984,60.543,51.879,2.9974106946209482,-4.734999999999999,0.7489833333333333,0.040711257622126365,0.798,0.04901666666666671,2621.4106666667194,281.3423703031181,2841.6,30.16271666666666,18.837000000000003,38.401571277777144,77.40874132436912,3,73,1,115,0
52.284240722219856,73.56439348424477,189.94,0.0,189.94,-137.272,137.65575927778013,6.141096666666667,3.828974772986327,20.479,0.0,0.0,20.479,56.78130833333331,60.48,51.969,2.9953566975465478,-4.921999999999997,0.7420666666666668,0.046653743166142944,0.814,0.07193333333333318,2625.0974333333706,281.7900772111774,2845.2,29.803933333333323,19.023833333333336,38.40221524073994,77.44002200039725,3,73,1,115,0
46.542824083332285,64.2923901631423,189.87,0.0,189.87,-137.338,143.32717591666773,7.652480833333318,2.4766533156669928,20.401,0.0,0.0,20.401,56.91827499999995,60.828,51.961,3.1052353388805556,-4.8160000000000025,0.6590499999999999,0.058060583496311886,0.785,0.12595000000000012,2392.6492333333313,200.99352678394163,2841.4,56.3507,19.01538333333333,37.03785997222185,66.82710406230561,3,73,1,115,0
54.84247183333104,77.08471371415668,189.93,0.0,189.93,-137.215,135.08752816666896,5.5345383333333285,3.964071561073915,20.479,0.0,0.0,20.479,56.77479999999996,60.816,51.574,3.1289294013010838,-5.203000000000003,0.7390833333333331,0.0626121479702328,0.847,0.10791666666666688,2722.540900000045,232.37958719721416,2843.6,19.010266666666674,19.652699999999996,39.05060338888811,81.11139742320081,3,73,1,115,0
46.705702083330365,64.57287783751181,189.91,0.0,189.91,-180.19400000000002,143.20429791666965,7.653543333333317,2.4788408163796403,20.479,0.0,0.0,20.479,56.90898750000006,60.895,51.637,3.1188115742741434,-4.957000000000001,0.6826666666666665,0.07870663544630044,0.844,0.16133333333333344,2404.3174333333795,207.3938211766588,2841.6,55.54719999999998,19.2283,37.08941097222125,67.13042528933775,3,73,1,115,0
52.293284472219725,73.58859693314211,189.91,0.0,189.91,-137.785,137.6167155277803,6.133605833333327,3.8242646989374207,20.479,0.0,0.0,20.479,56.80967083333334,60.832,51.668,3.1513059888130526,-4.667999999999999,0.7218,0.05967050771968867,0.801,0.07920000000000005,2623.308733333402,281.05762243399533,2849.0,29.86621666666667,19.794483333333343,38.412187046295465,77.47253213979923,3,73,1,115,0
52.274404749997636,73.55918960901587,189.88,0.0,189.88,-137.125,137.60559525000235,6.134058333333328,3.8274351028008757,20.479,0.0,0.0,20.479,56.82723333333333,60.574,52.062,3.0160536637549953,-4.715000000000003,0.7359000000000002,0.047523303828539344,0.792,0.05609999999999982,2621.988566666689,281.7275469628979,2843.4,29.77501666666666,18.893916666666666,38.41189880555476,77.43414801564529,3,73,1,115,0
52.26373722221987,73.54839005234305,189.83,0.0,189.83,-137.239,137.56626277778014,6.142160000000007,3.8169318822270464,20.479,0.0,0.0,20.479,56.80776249999997,60.555,52.047,3.000117690482635,-4.8870000000000005,0.7418999999999998,0.04574049868922488,0.813,0.07110000000000016,2622.1855000000237,281.16557809139306,2843.6,29.939316666666652,18.825950000000002,38.40455324073995,77.41106243325933,3,73,1,115,0
46.53281733333273,64.29347326517488,189.93,0.0,189.93,-137.122,143.39718266666728,7.656983333333316,2.4670130463507096,20.479,0.0,0.0,20.479,56.950287499999966,60.91,52.039,3.1220079481473104,-4.871000000000002,0.6556666666666665,0.05251236066488414,0.768,0.11233333333333351,2393.8574333333554,201.074647159624,2845.4,56.489133333333335,18.905266666666666,37.04669605555534,66.81299867219047,3,73,1,115,0
52.27493049999716,73.55813517439614,189.93,0.0,189.93,-137.439,137.65506950000284,6.1405508333333225,3.8174037320488545,20.479,0.0,0.0,20.479,56.871345833333315,60.898,52.039,3.075887719803199,-4.823999999999998,0.7247000000000001,0.05716028608295052,0.81,0.08529999999999993,2623.3894666666984,281.85862168142313,2842.2,29.991083333333336,18.949933333333338,38.42894238888793,77.43269919252795,3,73,1,115,0
54.866813916664256,77.07690672796286,189.88,0.0,189.88,-137.139,135.01318608333574,5.52995333333333,3.9752671988484947,20.063,0.0,0.0,20.063,56.83729999999995,60.641,52.047,3.020020898539456,-4.784999999999997,0.7561166666666665,0.04899086447757262,0.836,0.07988333333333342,2721.9321000000764,234.20175426301427,2841.4,19.329449999999998,18.961183333333334,39.078022416665846,81.10116479128894,3,80,1,115,0
47.14161908333004,64.22826116843959,189.9,0.0,189.9,-180.314,142.75838091666998,7.6599749999999815,2.4427146381388503,20.259,0.0,0.0,20.259,56.96462083333329,60.91,52.039,3.086211753837108,-4.641000000000005,0.6967499999999999,0.07662181505532796,0.847,0.1502500000000001,2403.3004000000533,206.27192364510987,2843.4,56.10144999999999,19.04133333333333,37.25540497222111,66.74759762163377,3,80,1,115,0
47.05530402777522,64.13965390266648,189.93,0.0,189.93,-137.612,142.8746959722248,7.665684999999974,2.467301678707557,19.953,0.0,0.0,19.953,56.994645833333294,60.992,52.113,3.146621302097063,-4.734999999999999,0.6364833333333332,0.04116543377462587,0.72,0.0835166666666668,2396.1548000000435,198.23065004028993,2842.4,57.33976666666668,18.80741666666667,37.238544953702835,66.64812101514866,3,80,1,115,0
52.35040272221929,73.58973812761438,189.99,0.0,189.99,-137.754,137.63959727778072,6.1515675000000005,3.8280542574884757,20.479,0.0,0.0,20.479,56.86932500000002,60.91,52.062,3.0822926590757844,-4.719000000000001,0.7210666666666667,0.05778858800796921,0.801,0.0799333333333333,2623.987066666722,280.1257312891551,2849.6,30.755949999999995,18.794999999999998,38.45709840740644,77.47558097311082,3,80,1,115,0
52.318898805553744,73.55753337593428,189.9,0.0,189.9,-137.42000000000002,137.58110119444626,6.153631666666666,3.8273998407031375,20.479,0.0,0.0,20.479,56.83870416666668,60.691,52.051,3.040885280421722,-4.800999999999995,0.7322999999999997,0.04603657352252571,0.784,0.0517000000000003,2621.5484666667126,281.0040349098001,2843.4,30.692016666666657,18.84643333333334,38.43707821296237,77.43096979015995,3,80,1,115,0
52.28402366666391,73.52319770111338,189.85,0.0,189.85,-137.228,137.5659763333361,6.156490833333332,3.8258094178008593,20.479,0.0,0.0,20.479,56.80325416666663,60.586,52.035,3.0113193187922667,-4.815999999999995,0.7367666666666666,0.04882357261546776,0.803,0.06623333333333348,2619.79950000006,282.4301608404729,2838.6,30.78243333333334,18.80636666666667,38.41458955555462,77.39783069152969,3,80,1,115,0
52.29337099999706,73.51023433770922,189.87,0.0,189.87,-136.845,137.57662900000295,6.154820833333321,3.8204543826802975,20.479,0.0,0.0,20.479,56.79552083333329,60.586,51.723,3.0247633469419535,-4.765999999999998,0.7313500000000001,0.046865051486661764,0.798,0.06664999999999999,2619.0741666666886,282.56230067296514,2839.6,30.714416666666672,19.132683333333333,38.41457088888789,77.37755377187618,3,80,1,115,0
52.35131816666405,73.46417527480894,189.88,0.0,189.88,-137.236,137.52868183333595,6.1563808333333245,3.8180619173611245,20.479,0.0,0.0,20.479,56.81521249999995,60.527,51.867,2.999864312247023,-5.074000000000005,0.7413833333333333,0.05277039863172735,0.833,0.09161666666666668,2619.537466666722,281.86067822579275,2839.8,30.851483333333327,19.028683333333337,38.44097049999911,77.33500759080178,3,80,1,115,0
46.56842319444209,64.21696772950146,189.85,0.0,189.85,-137.10899999999998,143.2815768055579,7.66406916666665,2.4651860990877044,19.801,0.0,0.0,19.801,56.928254166666676,60.914,51.68,3.1669770227025116,-4.723000000000006,0.6538833333333333,0.05252734289312977,0.773,0.11911666666666676,2389.9891333333667,200.4441665715609,2839.8,57.17849999999999,19.38056666666666,37.053582175925136,66.7346811714823,3,80,1,115,0
52.29077855555266,73.52634851993258,189.91,0.0,189.91,-137.137,137.61922144444733,6.145764166666657,3.8248347030476153,20.479,0.0,0.0,20.479,56.89207083333334,60.906,52.047,3.0712665411047873,-4.7379999999999995,0.7151333333333333,0.05080486653143414,0.788,0.07286666666666675,2622.00000000004,283.0793426333053,2843.6,30.637949999999993,19.0028,38.442871185184224,77.40198808951163,3,80,1,115,0
52.29964102777502,73.49056110304673,189.9,0.0,189.9,-137.072,137.600358972225,6.160818333333334,3.8143618147350216,20.479,0.0,0.0,20.479,56.86877500000001,60.648,52.078,3.0245770020307616,-4.707000000000001,0.7367833333333336,0.046245143278361225,0.801,0.06421666666666648,2620.745233333359,282.74188313022336,2842.4,31.076233333333324,18.857016666666663,38.44307812036945,77.35116806106011,3,90,1,115,0
52.30255277777535,73.49449443045893,189.87,0.0,189.87,-137.162,137.56744722222464,6.158263333333332,3.8087146136409795,20.479,0.0,0.0,20.479,56.86358333333338,60.594,52.047,3.0063127225049495,-4.729999999999997,0.7340333333333332,0.04580095723471093,0.797,0.06296666666666684,2620.6446000000765,283.18875731488987,2841.8,31.04611666666666,18.952083333333338,38.44146648148069,77.34901000133462,3,90,1,115,0
52.320235361108686,73.4897709456044,189.83,0.0,189.83,-136.909,137.50976463889134,6.156794999999995,3.825176835933663,20.479,0.0,0.0,20.479,56.86040000000003,60.582,51.887,2.9983607331661193,-5.054000000000002,0.7328833333333334,0.04417188754986042,0.794,0.0611166666666666,2621.4357000000327,282.8869861976746,2847.6,31.032150000000005,18.980900000000002,38.44581012036957,77.35911966908793,3,90,1,115,0
52.315925972219624,73.48294151281549,189.88,0.0,189.88,-137.062,137.56407402778038,6.152437499999998,3.815161140965962,20.479,0.0,0.0,20.479,56.89074583333331,60.582,51.863,3.0056496951475777,-4.832000000000001,0.7229166666666664,0.04895390141017196,0.781,0.0580833333333336,2621.513166666697,282.2979592492153,2845.6,30.928683333333332,19.185049999999986,38.45303643518431,77.34705655519161,3,90,1,115,0
52.32895011110858,73.4774640113809,189.87,0.0,189.87,-137.15,137.54104988889142,6.153622500000001,3.80817183334129,20.479,0.0,0.0,20.479,56.92892499999991,60.574,52.125,2.977450232256595,-4.726000000000006,0.7307833333333332,0.04533270292848486,0.804,0.07321666666666682,2621.099766666706,282.746957001417,2841.4,31.02786666666667,18.906116666666676,38.47049920370283,77.33096854765068,3,90,1,115,0
52.299874944441726,73.48615368424522,189.85,0.0,189.85,-137.12099999999998,137.55012505555828,6.151870833333338,3.808099512100626,20.479,0.0,0.0,20.479,56.966941666666706,60.586,52.195,2.958639755293622,-4.808,0.7271333333333333,0.04571928594526202,0.789,0.061866666666666736,2621.1359333333735,282.591640678487,2843.6,30.9254,18.850399999999997,38.472895814813924,77.33997248229112,3,90,1,115,0
52.30510802777486,73.4820469351053,189.87,0.0,189.87,-137.135,137.56489197222515,6.155140000000002,3.815300524704641,20.479,0.0,0.0,20.479,56.98880000000009,60.582,52.289,2.9591474306492382,-4.8160000000000025,0.7281833333333336,0.04383307769898176,0.779,0.0508166666666664,2619.2470333333918,282.80097759146213,2843.4,31.13961666666666,18.89723333333334,38.483016009258314,77.34118053750892,3,90,1,115,0
52.337670472219536,73.4624308242558,189.87,0.0,189.87,-137.236,137.53232952778046,6.150316666666659,3.8162225903072264,20.479,0.0,0.0,20.479,57.00401250000006,60.582,52.289,2.9680907736872335,-4.82,0.7383000000000002,0.04433741963241678,0.804,0.06569999999999987,2619.0892000000313,282.80813922273956,2839.6,31.065800000000007,18.970366666666674,38.49733321296208,77.32299083419544,3,90,1,115,0
46.540278722220485,64.18501455365846,189.84,0.0,189.84,-137.075,143.29972127777953,7.660771666666658,2.458617291016157,20.386,0.0,0.0,20.386,57.1575708333334,61.07,52.285,3.1047720853670753,-4.828000000000003,0.6484666666666666,0.053537399146247604,0.769,0.12053333333333338,2387.0412000000097,200.1254274374228,2841.4,57.570100000000004,19.057750000000013,37.119540407406845,66.69716924382087,3,90,1,115,0
52.310213166664134,73.4788118325606,189.95,0.0,189.95,-137.253,137.63978683333585,6.151801666666662,3.8122882921349457,20.479,0.0,0.0,20.479,57.081637500000056,61.059,52.285,3.067749876243234,-4.828000000000003,0.71245,0.056457701280678306,0.786,0.07355,2617.318766666698,282.9360794219288,2841.4,31.190316666666664,19.031433333333347,38.514550777776954,77.34755782597622,3,90,1,115,0
52.31857299999742,73.46758896186732,189.99,0.0,189.99,-137.014,137.67142700000258,6.154547500000007,3.7980626984417762,20.479,0.0,0.0,20.479,57.07022083333338,60.883,52.285,3.033468359805443,-4.797000000000004,0.7231833333333332,0.04818765988271013,0.788,0.06481666666666686,2617.9619666667218,283.2307687820358,2837.8,31.23714999999999,18.926849999999998,38.514447111110265,77.31383932019182,3,100,1,115,0
52.30295799999752,73.47498056462211,189.93,0.0,189.93,-137.081,137.6270420000025,6.150872499999999,3.7973036153125994,20.479,0.0,0.0,20.479,57.051775000000056,60.816,52.277,3.0110733402659347,-4.905999999999999,0.7282166666666671,0.04530165996384929,0.789,0.06078333333333297,2617.668466666685,283.13385341355246,2837.6,31.120183333333323,18.88960000000001,38.50186849999919,77.31758583989857,3,100,1,115,0
46.54863105555411,64.17635510109618,189.94,0.0,189.94,-136.986,143.3913689444459,7.6605958333333195,2.4453745878450546,20.479,0.0,0.0,20.479,57.17522083333338,61.145,52.273,3.127824511187594,-4.917999999999999,0.6527499999999998,0.05550954262137186,0.785,0.1322500000000002,2387.986066666705,199.49596752659465,2837.6,57.406733333333335,18.88253333333334,37.12814924074027,66.6772392315626,3,100,1,115,0
52.32038502777551,73.4997717382056,189.94,0.0,189.94,-137.178,137.6196149722245,6.149078333333338,3.800111413870486,20.479,0.0,0.0,20.479,57.11379166666675,61.156,52.285,3.0874698986104563,-4.815999999999995,0.714733333333333,0.057384479879784976,0.799,0.08426666666666704,2620.2184333333526,284.2697318632801,2843.4,31.20268333333333,19.039816666666677,38.527751675925195,77.35726763195586,3,100,1,115,0
50.23059458333083,70.35767679017876,189.91,0.0,189.91,-137.264,139.67940541666917,6.659064999999991,3.4982740518566073,20.479,0.0,0.0,20.479,57.113491666666704,60.926,52.277,3.0844586431445595,-4.800999999999995,0.6974166666666667,0.04652474889654972,0.767,0.06958333333333333,2534.0601000000283,283.62713906405173,2837.6,39.88681666666666,18.888750000000005,38.00105041666584,73.90247559093191,3,100,1,115,0
46.54110761110974,64.16580015393423,189.9,0.0,189.9,-137.31799999999998,143.35889238889027,7.666992499999989,2.4358617926730957,20.479,0.0,0.0,20.479,57.152737500000086,61.156,52.207,3.144764876339431,-4.8870000000000005,0.6436666666666669,0.052144410515630533,0.762,0.11833333333333307,2386.9111000000535,200.2072927662796,2843.4,57.59986666666669,18.680399999999995,37.12027920370327,66.65380635712295,3,100,1,115,0
52.3218505833305,73.49868388361226,189.95,0.0,189.95,-137.34699999999998,137.6281494166695,6.154269166666668,3.8105510016045137,20.479,0.0,0.0,20.479,57.06076249999998,61.156,52.191,3.1032089191798553,-4.733999999999995,0.7123999999999998,0.04967050756770962,0.794,0.08160000000000023,2619.2288666667055,282.9833352243874,2841.4,31.273700000000005,18.941066666666664,38.512294083332385,77.35890539278448,3,100,1,115,0
52.315673249997324,73.49478814940299,189.91,0.0,189.91,-137.028,137.59432675000266,6.145454999999993,3.8078815871110736,20.479,0.0,0.0,20.479,57.03168750000001,60.934,52.23,3.031515089646632,-4.792999999999999,0.7287166666666668,0.05193675804435807,0.821,0.09228333333333316,2617.441500000037,282.82318163432365,2837.4,30.88705,18.75359999999999,38.49760524999911,77.35460649455842,3,100,1,115,0
52.34617322221994,73.52412023075705,189.91,0.0,189.91,-137.09300000000002,137.56382677778006,6.143097499999996,3.8029895570418755,20.479,0.0,0.0,20.479,57.01774583333333,60.828,52.211,3.0214324067709164,-4.808,0.7190999999999997,0.047818760944895726,0.777,0.057900000000000285,2618.514000000069,282.77106107738547,2841.8,30.785400000000006,18.942916666666672,38.502338851851086,77.37492854874381,3,100,1,115,0
52.33113419444181,73.47501367619157,189.84,0.0,189.84,-137.13500000000002,137.5088658055582,6.148579166666668,3.8012552224830527,20.479,0.0,0.0,20.479,57.03290000000003,60.75,52.285,2.9989340920905425,-4.796999999999997,0.7171333333333333,0.0485353153503528,0.783,0.06586666666666674,2616.542033333386,282.5208259628235,2835.6,30.990716666666675,18.924016666666667,38.50420445370284,77.32480421402497,3,100,1,115,0
46.68201280555202,64.34893630065174,190.16,0.0,190.16,-137.237,143.47798719444796,7.777861666666642,2.4373989518691235,20.479,0.0,0.0,20.479,57.166808333333414,61.164,52.285,3.1280950966716916,-4.82,0.7249166666666668,0.22777332559610083,1.457,0.7320833333333333,2378.414000000018,198.7592466872689,2829.4,59.860800000000005,18.83081666666666,37.208894268517355,67.01410857811697,3,100,0,115,1
46.645644305552025,64.43573213567363,190.26,0.0,190.26,-137.512,143.61435569444797,7.742750833333321,2.4673911092800904,20.479,0.0,0.0,20.479,57.22000000000005,61.305,52.277,3.2019898755586222,-4.832000000000001,0.6964500000000003,0.21071898106969586,1.375,0.6785499999999997,2382.595366666703,201.19572011227643,2831.4,58.60093333333334,19.017483333333335,37.20279837962846,67.11384222602341,3,73,0,115,0
46.65383783332927,64.44865442549047,190.28,0.0,190.28,-137.61399999999998,143.62616216667072,7.755089999999987,2.470329759262836,20.479,0.0,0.0,20.479,57.22607083333344,61.402,52.289,3.2262477121884143,-4.742000000000004,0.6643333333333339,0.1155007765278272,1.036,0.37166666666666615,2382.6309666666984,200.69678331803075,2831.2,58.7785,18.904366666666665,37.2116662222209,67.03448496128114,3,73,0,115,0
46.655919361107024,64.44626208203175,190.25,0.0,190.25,-137.679,143.594080638893,7.761805833333307,2.4720604247777667,20.479,0.0,0.0,20.479,57.201516666666734,61.41,52.277,3.2276900518560896,-4.7379999999999995,0.6689166666666668,0.13041710032237788,1.075,0.40608333333333313,2383.7989333333717,201.11511900910025,2827.6,58.778233333333326,18.64228333333333,37.20641395370236,67.04873960713189,3,73,0,115,0
46.65449808332983,64.44981894989279,190.41,0.0,190.41,-137.785,143.75550191667017,7.75913249999999,2.4721202422253725,20.479,0.0,0.0,20.479,57.17957083333333,61.402,52.207,3.2486392740710626,-4.8160000000000025,0.6786666666666668,0.1441111466850155,1.166,0.4873333333333332,2384.4556333333635,200.78389525481828,2829.4,58.7056,18.805399999999995,37.197733805554385,67.06605033880318,3,73,0,115,0
46.6515840555526,64.4358464080049,190.41,0.0,190.41,-137.659,143.7584159444474,7.766999166666667,2.4731429337602613,20.479,0.0,0.0,20.479,57.12684166666661,61.414,52.125,3.2534169883906174,-4.828000000000003,0.6785333333333333,0.1441589831726713,1.144,0.4654666666666666,2385.9097666666867,200.74825117047362,2831.4,58.715316666666666,18.722699999999996,37.18180829629529,67.05314832493784,3,73,0,115,0
46.672895416663835,64.46758518692361,190.28,0.0,190.28,-137.655,143.60710458333617,7.765161666666657,2.465177968736776,20.479,0.0,0.0,20.479,57.094937500000015,61.41,52.105,3.2779413480770296,-4.75,0.6696500000000001,0.13450623134705114,1.167,0.49734999999999996,2388.6259000000637,200.92993394609624,2837.4,58.6747,18.92693333333333,37.177664861110166,67.06726938700744,3,73,0,115,0
46.65250366666411,64.44372504665503,190.35,0.0,190.35,-137.68,143.6974963333359,7.7658158333333205,2.4733113423261885,20.479,0.0,0.0,20.479,57.042654166666644,61.348,52.078,3.2753725242765763,-4.7379999999999995,0.6628000000000002,0.1151773577089419,1.121,0.45819999999999983,2388.0747000000174,201.165193077052,2835.4,58.550316666666646,18.87953333333333,37.15365788888803,67.03221374669016,3,73,0,115,0
46.6621674166635,64.45306842880154,190.34,0.0,190.34,-137.75,143.6778325833365,7.771805833333328,2.468008917423052,20.479,0.0,0.0,20.479,56.99269999999999,61.277,51.895,3.282601801536046,-4.75,0.6765166666666667,0.14694983482400473,1.131,0.45448333333333335,2389.9023333333903,201.4355967329527,2837.4,58.81653333333335,18.987683333333337,37.142224416665606,67.06802718104859,3,73,0,115,0
46.68093163888625,64.47376768396977,190.37,0.0,190.37,-137.793,143.68906836111375,7.77367333333331,2.470118575379716,20.479,0.0,0.0,20.479,56.97671250000006,61.238,52.039,3.262405120159655,-4.655999999999999,0.674616666666667,0.1425401628405092,1.153,0.47838333333333305,2387.0941666666813,202.73520157987406,2837.6,58.702783333333315,18.87018333333334,37.14377249073987,67.08642642218999,3,73,0,115,0
46.67722119444219,64.46637569731068,190.3,0.0,190.3,-137.87599999999998,143.62277880555783,7.776853333333336,2.4698196265406223,20.479,0.0,0.0,20.479,56.92079583333327,61.191,51.969,3.265365921042989,-4.746000000000002,0.6649333333333335,0.12354699464983214,1.152,0.4870666666666664,2386.1889000000397,200.9131430709129,2831.6,58.80401666666666,18.818316666666668,37.12495678703627,67.05974231850114,3,73,0,115,0
46.71160474999767,64.45684140027046,190.33,0.0,190.33,-137.708,143.61839525000235,7.793845833333339,2.4716900858116406,20.071,0.0,0.0,20.071,56.88422083333328,61.168,51.875,3.278737759279449,-4.804000000000002,0.6532000000000003,0.09847959437606645,0.937,0.2837999999999997,2385.8530333333656,199.64942094250944,2829.8,59.491083333333336,18.963050000000006,37.12989047222143,67.02701108045818,3,80,0,115,0
46.70432463888635,64.44420020175778,190.31,0.0,190.31,-137.822,143.60567536111364,7.789172500000001,2.457458988802279,20.033,0.0,0.0,20.033,56.838370833333435,61.164,51.879,3.286235099576669,-4.722000000000001,0.6569666666666668,0.11694413655009099,1.055,0.39803333333333313,2386.8972333333795,199.87048937023965,2833.6,59.33655,18.89015,37.110622657406594,67.01860332711014,3,80,0,115,0
46.714936305552456,64.45773426109955,190.39,0.0,190.39,-137.773,143.67506369444754,7.7972575000000095,2.476407366340159,20.196,0.0,0.0,20.196,56.80906666666677,61.152,51.867,3.2732515297677502,-4.7180000000000035,0.6585166666666671,0.10072457691884452,1.011,0.3524833333333328,2387.0338666667235,200.274841559649,2831.6,59.52628333333332,18.863183333333332,37.10708682407308,67.03486620435855,3,80,0,115,0
46.71126444444166,64.45309167329125,190.31,0.0,190.31,-137.86499999999998,143.59873555555833,7.793175833333324,2.4674880548849956,20.126,0.0,0.0,20.126,56.7908750000001,61.145,51.812,3.2692095805226002,-4.643999999999998,0.6703166666666666,0.1304932612932095,1.178,0.5076833333333334,2385.7582666667276,199.80919204047194,2830.6,59.42878333333331,18.85335,37.098438425925025,67.05107298946946,3,80,0,115,0
46.72286399999732,64.46877854016121,190.47,0.0,190.47,-137.747,143.74713600000268,7.797983333333336,2.4819292332083993,20.479,0.0,0.0,20.479,56.711837500000016,61.098,51.398,3.3659545592331126,-4.715000000000003,0.65195,0.09935101698659751,0.949,0.2970499999999999,2388.122633333394,200.122349060513,2831.6,59.46723333333334,19.70105,37.07756161111022,67.05005879035622,3,80,0,115,0
46.72489019444204,64.46852040278519,190.36,0.0,190.36,-137.911,143.635109805558,7.8030475000000115,2.4802311614220205,20.127,0.0,0.0,20.127,56.70204999999997,61.078,51.547,3.2988805375213004,-4.973000000000006,0.6655000000000001,0.11843649517708006,1.048,0.38249999999999995,2387.9448000000257,199.94957055406277,2835.4,59.47955000000001,19.062250000000006,37.07666256481401,67.06718805938429,3,80,0,115,0
46.7088765833314,64.44637303721304,190.36,0.0,190.36,-137.79,143.6511234166686,7.806826666666669,2.4828241603998276,20.235,0.0,0.0,20.235,56.588362499999974,61.035,51.23,3.4283911346008384,-5.035000000000004,0.6547500000000002,0.11135203376557076,1.057,0.4022499999999998,2387.598733333349,200.03593832400657,2835.4,59.49416666666665,20.134216666666667,37.03468858333268,67.04054923137844,3,80,0,115,0
46.71611005555427,64.46659310202546,190.46,0.0,190.46,-137.76500000000001,143.74388994444575,7.798788333333335,2.4678123939784773,20.192,0.0,0.0,20.192,56.556574999999995,60.965,51.18,3.4350387685776997,-5.007000000000005,0.6578999999999999,0.11825220104018132,1.104,0.44610000000000016,2387.519333333368,201.57999312554222,2839.4,59.485133333333344,20.292833333333345,37.02382446296253,67.05265769704411,3,80,0,115,0
46.71048749999745,64.44968847311372,190.44,0.0,190.44,-137.87,143.72951250000256,7.805338333333345,2.4834661232878714,20.479,0.0,0.0,20.479,56.54153749999996,60.98,51.152,3.4405813338600004,-4.808,0.6540666666666666,0.11265183601784788,1.039,0.38493333333333335,2388.9234333333648,199.91493666356138,2835.2,59.55253333333331,20.342166666666664,37.01912111111025,67.04580643241944,3,80,0,115,0
46.7105449722197,64.45241980877927,190.38,0.0,190.38,-137.874,143.6694550277803,7.800309166666683,2.465225863698601,20.154,0.0,0.0,20.154,56.588400000000014,60.949,51.332,3.3337683288274373,-4.768999999999998,0.6483000000000001,0.09931157953888597,0.959,0.31069999999999987,2387.8633666666997,200.27808982398153,2834.0,59.407450000000004,19.47126666666667,37.033084712962136,67.01695725201677,3,80,0,115,0
46.72947480555307,64.4252951458142,190.44,0.0,190.44,-137.577,143.71052519444692,7.8140816666666755,2.4720108976760358,20.27,0.0,0.0,20.27,56.54990000000002,60.934,51.187,3.350929288206582,-4.702999999999996,0.6341500000000002,0.08156827752444626,0.864,0.22984999999999978,2387.784600000081,199.2502612476946,2833.4,59.852433333333344,19.56553333333333,37.03115215740659,66.97887432101467,3,90,0,115,0
46.73452930555312,64.436043523228,190.42,0.0,190.42,-137.793,143.68547069444688,7.8119416666666694,2.4701721097541083,20.331,0.0,0.0,20.331,56.50607916666666,60.937,51.137,3.398186280634203,-4.707000000000001,0.6417333333333329,0.09001974673514633,0.908,0.2662666666666671,2386.0870000000027,199.88876777910104,2835.8,59.95633333333333,19.9979,37.01751671296215,66.99623537971725,3,90,0,115,0
46.74006836110865,64.44656852486997,190.36,0.0,190.36,-137.948,143.61993163889136,7.812003333333335,2.4725297064504512,20.479,0.0,0.0,20.479,56.480587500000006,60.922,51.152,3.3879804269010845,-5.034999999999997,0.6388833333333335,0.09215960578178008,0.93,0.2911166666666666,2386.620466666695,199.61985761869525,2833.6,59.97161666666666,20.069233333333333,37.01088639814733,67.01125783710219,3,90,0,115,0
46.74312994444244,64.45056540404717,190.44,0.0,190.44,-137.761,143.69687005555755,7.813681666666686,2.4719721156290566,20.479,0.0,0.0,20.479,56.49100416666668,60.914,51.23,3.3443497738759937,-4.975999999999999,0.6501,0.10835561352809946,1.002,0.3519,2386.145399999994,199.8488512502995,2833.4,59.96280000000002,19.68091666666667,37.01593859259194,67.03089313320433,3,90,0,115,0
46.753228333331755,64.46609135783152,190.37,0.0,190.37,-137.826,143.61677166666826,7.8089208333333255,2.470083952725203,20.414,0.0,0.0,20.414,56.449937500000026,60.926,51.168,3.389935992571882,-5.027000000000001,0.6412833333333333,0.09970347420406965,1.06,0.41871666666666674,2386.623633333369,199.67915974367034,2833.6,59.88756666666666,19.97295,37.00402888888837,67.03587878476078,3,90,0,115,0
46.745880166664726,64.44909342848923,190.36,0.0,190.36,-137.66500000000002,143.61411983333528,7.812458333333325,2.47050133082712,20.479,0.0,0.0,20.479,56.39082083333333,60.914,51.004,3.4482403573282494,-4.8359999999999985,0.6517833333333335,0.12637247764978193,1.18,0.5282166666666664,2386.3136000000172,199.90936419793428,2833.6,59.871283333333345,20.460183333333323,36.98305311111046,67.04596723696613,3,90,0,115,0
46.755072333331704,64.46717982034123,190.41,0.0,190.41,-137.89000000000001,143.6549276666683,7.811943333333341,2.4704119557572133,19.991,0.0,0.0,19.991,56.422758333333356,60.844,51.082,3.4051908209565753,-5.027000000000001,0.6350999999999997,0.08380237042074402,0.91,0.27490000000000037,2387.7463000000316,199.82893064626688,2839.4,59.87821666666665,20.320300000000007,36.996591333332795,67.02139414651919,3,90,0,115,0
46.754493527775814,64.4591675230422,190.39,0.0,190.39,-137.82000000000002,143.63550647222417,7.810846666666671,2.4692369244322636,20.106,0.0,0.0,20.106,56.437458333333325,60.84,51.23,3.3252711190206776,-4.633000000000003,0.6354000000000002,0.07948397130815278,0.865,0.2295999999999998,2388.3983999999928,200.40221249253207,2837.6,59.83059999999997,19.527800000000003,37.000932842591936,67.00788841878261,3,90,0,115,0
46.758130611109166,64.46685482511513,190.36,0.0,190.36,-137.934,143.60186938889086,7.814150833333345,2.473614698738296,20.046,0.0,0.0,20.046,56.367287500000025,60.84,51.004,3.4179130405820994,-5.073999999999998,0.6354166666666666,0.08153574482161685,0.896,0.2605833333333334,2389.0294333333804,200.0896941239803,2835.6,59.77518333333335,20.28658333333333,36.97985631481418,67.02200526867506,3,90,0,115,0
46.756450305553486,64.46548052667642,190.38,0.0,190.38,-137.95,143.62354969444652,7.814939999999994,2.475006727934175,20.479,0.0,0.0,20.479,56.32259583333334,60.812,50.988,3.468080998916451,-5.188000000000002,0.6276833333333336,0.06091881000503359,0.803,0.17531666666666645,2387.0913666667093,201.66429108756182,2845.0,59.88113333333333,20.78751666666666,36.96466204629561,67.00140606461562,3,90,0,115,0
46.775318388887236,64.45673226459247,190.42,0.0,190.42,-137.77,143.64468161111276,7.818506666666675,2.4457987856128534,20.479,0.0,0.0,20.479,56.33443333333336,60.801,50.977,3.4302960940140563,-4.643999999999998,0.6458166666666666,0.11189833334616615,1.066,0.42018333333333346,2387.607166666693,198.8641410437565,2833.8,59.94313333333333,20.49481666666667,36.97608612962909,67.01442938355149,3,100,0,115,0
46.77541713888698,64.4567057628005,190.46,0.0,190.46,-138.006,143.68458286111303,7.821627500000005,2.4537759934297236,20.479,0.0,0.0,20.479,56.39529583333332,60.801,51.148,3.3373859060910283,-4.6370000000000005,0.6332666666666668,0.08484999059490109,0.972,0.3387333333333332,2387.738000000032,199.05789621030848,2837.6,60.11763333333332,19.684249999999995,36.997446824073435,66.99533174682513,3,100,0,115,0
46.7852174444417,64.4647328910339,190.41,0.0,190.41,-137.875,143.62478255555828,7.823677499999997,2.447073206143195,20.479,0.0,0.0,20.479,56.38218750000001,60.766,51.016,3.341731394599307,-4.6370000000000005,0.64485,0.11603021596527845,1.041,0.3961499999999999,2389.4982000000346,199.06502099529519,2839.8,59.99695000000002,19.7322,36.997027481480565,67.02783631314239,3,100,0,115,0
46.783940888887074,64.46591098493265,190.36,0.0,190.36,-138.1,143.57605911111295,7.827263333333344,2.4511442836435093,20.479,0.0,0.0,20.479,56.3971375,60.785,51.324,3.29066865460559,-4.726999999999997,0.6369666666666667,0.09478646235791104,0.981,0.3440333333333333,2389.8951666667062,199.48886645110102,2838.8,60.03958333333335,19.172583333333332,37.002780574073476,67.01184173093408,3,100,0,115,0
46.777329555553486,64.45784969844505,190.37,0.0,190.37,-137.924,143.59267044444653,7.822430000000004,2.4488356924547907,20.479,0.0,0.0,20.479,56.390837499999975,60.758,51.187,3.3173296065138205,-4.956999999999994,0.6432000000000003,0.11159472680573872,0.991,0.34779999999999966,2390.829800000056,199.9579344125886,2843.2,59.86401666666669,19.50228333333333,36.99686568518449,67.01828011770557,3,100,0,115,0
46.7862318611089,64.46440618968413,190.39,0.0,190.39,-137.922,143.6037681388911,7.821831666666661,2.4476323665599953,20.479,0.0,0.0,20.479,56.36272916666669,60.766,51.082,3.3470009715786246,-4.7890000000000015,0.6352166666666663,0.08657456699122158,0.948,0.31278333333333364,2390.8684000000326,200.6061324540446,2843.0,59.90245000000002,19.6854,36.99026423148075,66.99861312323534,3,100,0,115,0
46.793974944441864,64.47551580758346,190.44,0.0,190.44,-137.865,143.64602505555814,7.826305000000002,2.4482198012987366,20.479,0.0,0.0,20.479,56.32943750000001,60.766,51.074,3.364242874942357,-4.890000000000001,0.6307833333333334,0.10383005862199216,0.975,0.3442166666666666,2391.13853333337,199.09042572355077,2841.0,59.99481666666666,19.789333333333335,36.9832391481473,67.02756566750419,3,100,0,115,0
55.05295149999809,77.23594966072099,190.41,0.0,190.41,-137.93699999999998,135.3570485000019,5.589925833333328,4.010823953294332,20.479,0.0,0.0,20.479,56.201891666666675,60.613,50.977,3.3265693632931446,-5.113000000000007,0.7334333333333335,0.07431184103165608,0.914,0.18056666666666654,2716.9452000000565,234.44379449900106,2843.0,20.276416666666666,20.556300000000004,38.948256333332694,81.32108545504698,3,100,0,115,0
47.029622972221155,64.5675031696749,190.27,0.0,190.27,-180.295,143.24037702777886,7.821640833333345,2.445828367957141,20.462,0.0,0.0,20.462,56.30441249999996,60.586,50.957,3.3528256366285873,-4.722999999999999,0.7543833333333332,0.277138959923257,1.515,0.7606166666666667,2401.292299999996,204.143225416513,2839.0,58.871516666666665,20.638633333333328,37.051892101851486,67.2904704975553,3,100,0,115,0
46.842983749998595,64.5556334990074,190.36,0.0,190.36,-138.016,143.5170162500014,7.817274166666663,2.445083707008386,20.479,0.0,0.0,20.479,56.42534999999998,60.738,51.16,3.323817887579101,-4.891000000000005,0.6520166666666668,0.1242940051551728,1.071,0.41898333333333315,2395.4269666667196,198.32869072424432,2843.0,59.83613333333334,19.999116666666673,37.028535972221746,67.12501121117096,3,100,0,115,0
46.82661538888744,64.52260301403093,190.41,0.0,190.41,-137.89200000000002,143.58338461111256,7.814483333333326,2.4313914572532793,20.11,0.0,0.0,20.11,56.444779166666635,60.75,51.312,3.2732210124305503,-4.522999999999996,0.66165,0.15132407977134396,1.152,0.49034999999999995,2394.981500000012,196.32498504870875,2843.8,59.80653333333334,19.520249999999994,37.02862596296247,67.10531855105556,3,100,0,100,1
46.847213777776616,64.55815581951491,190.41,0.0,190.41,-138.263,143.5627862222234,7.812484999999991,2.440744356875859,20.462,0.0,0.0,20.462,56.4365125,60.75,51.207,3.293494106690559,-4.703000000000003,0.6491000000000003,0.12774838882529058,1.113,0.46389999999999965,2395.4236666667125,198.12114027599273,2840.0,59.744849999999964,19.470166666666664,37.03207042592553,67.12664856521606,3,100,0,100,1
46.841834833332314,64.5552978835025,190.42,0.0,190.42,-138.135,143.57816516666767,7.803524166666661,2.4395113915031637,20.376,0.0,0.0,20.376,56.400754166666665,60.758,51.074,3.3539818554359306,-4.597999999999999,0.6459500000000001,0.10355599893417203,0.987,0.34104999999999985,2392.2572666667406,199.12802490419557,2847.8,59.649300000000004,19.9319,37.015371055555214,67.09836527393983,3,100,0,100,1
52.526095722220774,73.7564046392514,190.37,0.0,190.37,-138.13400000000001,137.84390427777925,6.218756666666673,3.838942482456407,20.479,0.0,0.0,20.479,56.3057625,60.676,51.086,3.240490710981942,-4.964999999999996,0.7282000000000001,0.10545620024205082,1.136,0.40779999999999983,2617.6969666667114,280.6442132663209,2835.8,31.693450000000016,19.8515,38.350204962962486,77.70080332194985,3,100,0,100,1
46.768470444442904,64.45092884624052,190.31,0.0,190.31,-137.667,143.5415295555571,7.816830833333336,2.433653741323908,20.299,0.0,0.0,20.299,56.407191666666684,60.676,51.152,3.268135031230663,-4.707000000000001,0.6634833333333334,0.14276987429303747,1.151,0.4875166666666666,2387.201833333387,198.03743974619823,2833.8,59.81211666666664,19.5472,36.997497648147636,67.02735246185746,3,100,0,100,1
46.76479436110938,64.44258742520627,190.33,0.0,190.33,-137.755,143.56520563889063,7.80748166666667,2.4410741089395462,20.305,0.0,0.0,20.305,56.44347083333331,60.766,51.148,3.317822713110377,-4.731000000000002,0.6369333333333331,0.10214908789701498,0.969,0.33206666666666684,2387.057733333324,199.26588000797187,2834.0,59.71358333333333,19.744716666666665,37.00524895370312,66.98581062204283,3,100,0,100,1
46.76216858333151,64.4432992274029,190.36,0.0,190.36,-137.904,143.5978314166685,7.810150833333334,2.4449356225160295,20.313,0.0,0.0,20.313,56.42651666666666,60.832,51.148,3.3456435308777777,-5.055,0.6449499999999998,0.10747446287137949,0.949,0.30405000000000015,2387.0367666666994,199.13753903969996,2833.8,59.6895,19.79061666666667,36.99961202777717,66.99570931279031,3,100,0,100,1
46.77564844444286,64.4627521743816,190.35,0.0,190.35,-137.853,143.57435155555714,7.810468333333336,2.437533927703259,20.348,0.0,0.0,20.348,56.377779166666706,60.84,50.996,3.403314276407529,-4.715000000000003,0.6388833333333335,0.11038163254029128,1.052,0.4131166666666666,2388.1526333333627,198.95061645467914,2833.6,59.68586666666666,20.225966666666658,36.987965314814296,67.01066773462516,3,100,0,100,1
46.76216780555323,64.44266551249595,190.34,0.0,190.34,-137.97,143.57783219444678,7.811390000000021,2.44568441779792,20.438,0.0,0.0,20.438,56.40973333333337,60.812,51.129,3.3345578536320177,-4.702999999999996,0.6265166666666667,0.08102761439031334,0.916,0.2894833333333333,2387.5508333333555,199.63590239456687,2837.8,59.64511666666667,19.63971666666667,36.994430379628874,66.96937754468418,3,100,0,100,1
46.760897527775825,64.44363245809329,190.41,0.0,190.41,-137.903,143.64910247222417,7.812281666666662,2.445262690800262,20.351,0.0,0.0,20.351,56.371691666666656,60.793,51.074,3.3923042940398536,-4.714999999999996,0.6229666666666668,0.0698395174102055,0.845,0.2220333333333332,2388.543866666711,199.4845929878349,2837.0,59.648616666666676,20.197999999999997,36.98162362036971,66.95873466630376,3,100,0,100,1
52.35301444444383,73.53300677362583,190.38,0.0,190.38,-138.045,138.02698555555617,6.164630000000005,3.82212584365524,20.479,0.0,0.0,20.479,56.235587500000015,60.711,50.965,3.3069392250745735,-5.206999999999994,0.7138000000000002,0.06181623943291212,0.814,0.10019999999999973,2643.527000000058,284.11040946281344,2871.4,30.278649999999992,20.22605,38.251077314814616,77.41694885671399,3,100,2,100,1
52.278056444444076,73.55589412445322,189.88,0.0,189.88,-136.99800000000002,137.60194355555592,6.144673333333338,3.8351431856365115,20.479,0.0,0.0,20.479,56.11517083333332,60.344,50.965,3.2550921215301787,-5.202999999999996,0.7332833333333334,0.041893768666799905,0.794,0.06071666666666664,2643.4023000000234,282.51799148130095,2861.8,29.12849999999999,20.356533333333328,38.179300203703576,77.43293107875652,3,73,2,100,0
52.280356472222,73.55631303967925,189.82,0.0,189.82,-137.022,137.539643527778,6.149028333333334,3.8280122383919157,20.479,0.0,0.0,20.479,56.10730000000002,60.148,50.969,3.1717697133689184,-5.188000000000002,0.7388333333333333,0.04296240637559681,0.798,0.0591666666666667,2641.689566666752,282.10087971421643,2863.6,29.40755000000001,20.037933333333335,38.17889493518512,77.42728768444677,3,73,2,100,0
52.27975224999968,73.55536736424273,189.93,0.0,189.93,-137.089,137.65024775000032,6.137828333333338,3.832353370645136,20.479,0.0,0.0,20.479,56.109804166666684,60.031,50.969,3.1282010816943893,-5.046999999999997,0.7382166666666667,0.047754347274523816,0.802,0.0637833333333333,2641.5434666666815,282.97990856023154,2859.6,29.11433333333333,20.082333333333324,38.17579491666657,77.43547508216238,3,73,2,100,0
52.26894080555554,73.54470720730446,189.85,0.0,189.85,-136.916,137.58105919444446,6.138170833333329,3.8267560988626896,20.479,0.0,0.0,20.479,56.09141249999998,59.934,50.988,3.1781548199005853,-5.046999999999997,0.7457666666666666,0.04750285153498475,0.811,0.06523333333333348,2640.9174000000226,282.52108434195895,2863.2,29.224466666666654,20.751216666666657,38.16617471296295,77.41896615770213,3,73,2,100,0
52.269566583332896,73.54140068342511,189.83,0.0,189.83,-137.018,137.5604334166671,6.129831666666662,3.8250865008449604,20.479,0.0,0.0,20.479,56.16310833333336,59.922,51.059,3.069601144264105,-4.722999999999999,0.741416666666667,0.04182785207298539,0.807,0.0655833333333331,2641.394433333359,282.48622491528687,2860.6,29.083983333333343,19.97495,38.187502194444306,77.40831503634305,3,73,2,100,0
52.25563916666608,73.53658353661896,189.8,0.0,189.8,-136.963,137.54436083333394,6.126805000000006,3.8229974605398853,20.479,0.0,0.0,20.479,56.170800000000014,59.918,51.137,3.117598613459461,-5.082000000000001,0.7327333333333336,0.044773958331074205,0.801,0.06826666666666648,2640.4734666667246,283.27726465560323,2863.6,29.09825,20.482333333333326,38.18441472222204,77.40435495548992,3,73,2,100,0
54.83599030555454,77.09238786339236,189.88,0.0,189.88,-137.01999999999998,135.04400969444546,5.514510833333327,3.9883798728168913,20.479,0.0,0.0,20.479,56.24504583333336,59.93,51.113,3.05720341517209,-4.993000000000002,0.7573333333333332,0.04550532346085275,0.834,0.07666666666666677,2740.640999999998,234.01541012156102,2859.4,18.27661666666667,20.19358333333333,38.86518232407374,81.12627305967011,3,73,2,100,0
52.31935866666481,73.66996226970923,189.83,0.0,189.83,-180.10500000000002,137.5106413333352,6.117085833333338,3.811264546009066,20.479,0.0,0.0,20.479,56.2748833333333,59.895,51.219,3.0781639073846025,-4.9140000000000015,0.7804000000000001,0.04378034540827421,0.868,0.0875999999999999,2646.839966666715,281.798367695778,2861.6,28.258749999999985,20.80181666666666,38.237109277777144,77.52500716112658,3,73,2,100,0
52.24622105555351,73.53362415934308,189.82,0.0,189.82,-136.842,137.57377894444647,6.117069999999997,3.8057425804859824,20.479,0.0,0.0,20.479,56.425391666666705,59.969,51.297,2.9815542948803375,-4.375,0.7384166666666665,0.04402629863787567,0.813,0.07458333333333345,2635.5107000000385,282.14927401580877,2853.4,29.34221666666667,19.818216666666665,38.262894240740074,77.38339303846693,3,73,2,100,0
52.216091888886496,73.49755425331952,189.72,0.0,189.72,-137.05399999999997,137.5039081111135,6.110280833333331,3.8041731363519844,20.479,0.0,0.0,20.479,56.541887499999994,60.082,51.719,2.9337211836005643,-4.801000000000002,0.7312833333333333,0.044710402106189734,0.8,0.06871666666666676,2633.891266666734,282.4776754776433,2853.8,29.190150000000006,19.36788333333333,38.28942007407327,77.34643779177769,3,73,2,100,0
52.2291370277766,73.46525413516548,189.71,0.0,189.71,-137.044,137.4808629722234,6.128274166666663,3.808326305177235,20.479,0.0,0.0,20.479,56.579479166666644,60.195,51.48,2.9804011972610813,-4.605000000000004,0.7332666666666666,0.04540957364401337,0.808,0.07473333333333343,2633.684200000041,283.5775849007399,2853.6,29.98435,19.57143333333334,38.31229678703664,77.31899001398672,3,80,2,100,0
52.22179977777521,73.46164055208969,189.69,0.0,189.69,-136.836,137.4682002222248,6.124209999999995,3.7964380370343025,20.479,0.0,0.0,20.479,56.70185,60.254,52.035,2.90786636657494,-4.707000000000001,0.7292166666666665,0.04862659231558375,0.804,0.07478333333333353,2633.7407666666877,282.99969063981194,2855.4,29.870199999999993,19.069566666666663,38.34928659259174,77.30670518143958,3,80,2,100,0
52.217779972220534,73.45990321607819,189.77,0.0,189.77,-136.846,137.55222002777947,6.127856666666665,3.7970441819774496,20.479,0.0,0.0,20.479,56.75854999999993,60.324,52.117,2.891822124977686,-4.589999999999996,0.7351666666666663,0.05283430019254687,0.831,0.09583333333333366,2633.9993333333455,283.3858154994588,2853.6,30.022,18.8639,38.36806221296238,77.30978169824819,3,80,2,100,0
52.21930352777598,73.46072068059972,189.75,0.0,189.75,-136.844,137.530696472224,6.124053333333328,3.799194614026978,20.479,0.0,0.0,20.479,56.82232083333326,60.336,52.199,2.902844321704061,-4.589999999999996,0.7264999999999999,0.048706836606408656,0.805,0.07850000000000013,2634.5375333333673,283.39881546332646,2855.6,30.026216666666663,18.99556666666667,38.388559231480855,77.30862213123311,3,80,2,100,0
52.21985416666414,73.46415003216616,189.75,0.0,189.75,-136.969,137.53014583333587,6.123211666666671,3.7990149520240077,20.479,0.0,0.0,20.479,56.874120833333414,60.406,52.285,2.8950704557052163,-4.622,0.7257833333333334,0.04395378607963668,0.78,0.05421666666666658,2634.8617000000213,283.5075587394812,2855.6,29.936266666666665,18.86899999999999,38.40572888888807,77.30711877026981,3,80,2,100,0
52.215233916664545,73.46204141473639,189.74,0.0,189.74,-136.803,137.52476608333546,6.1194583333333235,3.8018493103241964,20.479,0.0,0.0,20.479,56.915095833333375,60.445,52.289,2.9133040300543094,-4.622,0.7267499999999998,0.04142652265953559,0.774,0.047250000000000236,2633.54910000003,283.9018268176549,2855.6,29.987000000000005,19.02155,38.41659602777708,77.30531724772013,3,80,2,100,0
52.221925138886725,73.46986401181765,189.77,0.0,189.77,-136.725,137.5480748611133,6.1147316666666605,3.7860065386793766,20.479,0.0,0.0,20.479,56.94724583333338,60.5,52.289,2.9237532954438117,-4.636000000000003,0.7149166666666671,0.06124175258667086,0.799,0.08408333333333295,2633.7169000000167,283.8377981471099,2853.6,29.84838333333332,19.03706666666667,38.42796754629559,77.31711230308369,3,80,2,100,0
52.24457736110931,73.44851868734543,189.77,0.0,189.77,-136.72899999999998,137.5254226388907,6.114535833333332,3.789977436545488,20.479,0.0,0.0,20.479,57.015604166666684,60.582,52.316,2.921883854822165,-4.707000000000001,0.7303999999999999,0.0477238525445601,0.811,0.08060000000000012,2634.8412666667255,284.5686050244413,2853.6,29.94226666666667,19.053,38.458239120369775,77.28621997643548,3,80,2,100,0
46.41346761110913,64.10106248759892,189.72,0.0,189.72,-136.64700000000002,143.30653238889087,7.60192083333331,2.463949499721999,20.291,0.0,0.0,20.291,57.19577916666665,61.047,52.371,3.0328453914767586,-4.643999999999998,0.6463500000000001,0.053675681770791905,0.771,0.12464999999999993,2401.7621666666905,202.32902019740328,2857.6,55.85748333333337,18.776783333333334,37.07038920370303,66.61868766909173,3,80,2,100,0
52.21334330555379,73.46024955409608,189.77,0.0,189.77,-136.70999999999998,137.55665669444622,6.112065833333333,3.7829002498192716,20.479,0.0,0.0,20.479,57.154883333333345,61.043,52.406,3.0109859911749184,-4.631999999999998,0.7102333333333332,0.054145869105989404,0.786,0.07576666666666687,2633.8482333333714,284.4938717688975,2855.6,29.91185,18.816616666666665,38.49343082407349,77.29729567302135,3,80,2,100,0
52.23014913888644,73.43700356546398,189.73,0.0,189.73,-136.889,137.49985086111354,6.122535833333333,3.7904611245418667,20.479,0.0,0.0,20.479,57.15764999999999,60.914,52.457,2.983435906809771,-4.725999999999999,0.7289666666666667,0.048300951552779525,0.81,0.0810333333333334,2632.9822666667146,285.2816006991661,2853.4,30.316849999999995,18.84235000000001,38.50344499073992,77.27576564155862,3,90,2,100,0
52.240349277775515,73.45198950054075,189.8,0.0,189.8,-136.77700000000002,137.5596507222245,6.12472083333333,3.796223607652574,20.479,0.0,0.0,20.479,57.158520833333334,60.867,52.461,2.971470807709615,-4.7890000000000015,0.7266666666666667,0.04465258231440409,0.792,0.06533333333333335,2633.517200000038,284.9724316934843,2853.8,30.32463333333333,18.875200000000007,38.50786364814739,77.29286569050772,3,90,2,100,0
54.81807786110797,76.99624756108379,189.74,0.0,189.74,-136.78900000000002,134.92192213889203,5.518490000000005,3.957132161766659,19.569,0.0,0.0,19.569,57.15081666666667,60.852,52.461,2.9482012812391454,-4.7890000000000015,0.7409833333333337,0.04077116448063931,0.799,0.05801666666666638,2732.252300000078,236.45130172558711,2854.4,19.580849999999987,18.859083333333338,39.162461509258215,80.9941508873311,3,90,2,100,0
52.293975277775935,73.55322067063283,189.75,0.0,189.75,-180.008,137.45602472222407,6.107532499999996,3.773668327964845,20.479,0.0,0.0,20.479,57.17801249999999,60.652,52.449,2.921008610240361,-4.738999999999997,0.7592,0.05330176325509029,0.846,0.08679999999999999,2637.4494333333546,282.347167443745,2850.4,29.35434999999999,19.317083333333326,38.52650675925864,77.38019076185276,3,90,2,100,0
52.22013116666488,73.40669279398121,189.69,0.0,189.69,-136.666,137.4698688333351,6.1115758333333305,3.7854827138772578,20.479,0.0,0.0,20.479,57.25279166666664,60.73,52.527,2.9151355807789745,-4.625,0.722416666666667,0.048803407656331295,0.795,0.072583333333333,2630.031200000059,284.84457898812667,2851.4,30.398333333333323,19.04706666666667,38.528166222221614,77.2409789155148,3,90,2,100,0
52.20710869444246,73.412862462849,189.71,0.0,189.71,-136.633,137.50289130555754,6.107560833333337,3.7768400270761284,20.479,0.0,0.0,20.479,57.300666666666636,60.812,52.617,2.919393912663086,-4.828000000000003,0.7252,0.04620066768906326,0.786,0.060800000000000076,2631.241066666716,284.9329455926597,2853.2,30.26536666666667,18.896416666666667,38.53844539814748,77.2359031576142,3,90,2,100,0
52.213064055553346,73.42473331741397,189.88,0.0,189.88,-136.60999999999999,137.66693594444666,6.111079999999998,3.789138454467268,20.479,0.0,0.0,20.479,57.34817916666666,60.91,52.605,2.923972027134278,-4.753999999999998,0.7210666666666665,0.04896656301789325,0.786,0.06493333333333351,2631.2227000000407,284.83639746398876,2853.4,30.40651666666667,18.84435,38.55744107407333,77.26283833489913,3,90,2,100,0
52.20693752777549,73.4196184290273,189.92,0.0,189.92,-136.797,137.7130624722245,6.108395000000004,3.775430101902779,20.479,0.0,0.0,20.479,57.37257083333337,60.934,52.684,2.9371156351726895,-4.8089999999999975,0.7206166666666667,0.04640576077135641,0.799,0.07838333333333336,2629.675900000038,283.4895034428678,2849.0,30.31016666666667,18.88831666666667,38.56263445370295,77.24145429170143,3,90,2,100,0
52.205737944441864,73.41543939377827,189.66,0.0,189.66,-136.753,137.45426205555813,6.102366666666672,3.767105024078958,20.479,0.0,0.0,20.479,57.40441250000003,60.937,52.59,2.9550989379202672,-4.777999999999999,0.7235666666666666,0.051352344414215,0.815,0.09143333333333337,2629.4456000000337,284.8082638521919,2861.8,30.265466666666665,19.055116666666667,38.57083903703619,77.23389676227144,3,90,2,100,0
52.21324277777603,73.42672927468355,189.66,0.0,189.66,-136.70600000000002,137.44675722222397,6.1072633333333295,3.7773514613250114,20.479,0.0,0.0,20.479,57.439950000000046,60.969,52.684,2.9633248158136043,-4.804000000000002,0.7158333333333337,0.04748279498101433,0.782,0.06616666666666637,2632.442266666739,284.30676986328325,2855.0,30.46053333333333,19.100299999999994,38.58681870370314,77.25156353098957,3,90,2,100,0
52.23354238888631,73.42135233846989,189.69,0.0,189.69,-136.72500000000002,137.45645761111368,6.099368333333329,3.76228684307455,20.479,0.0,0.0,20.479,57.45640833333338,61.02,52.695,2.9595904499997,-4.758000000000003,0.7188833333333335,0.05061188031854311,0.786,0.06711666666666649,2631.9540666667494,284.77821744119353,2851.8,30.35073333333334,19.03185,38.59643968518434,77.23425106186298,3,100,2,100,0
52.22091386110873,73.40853366276566,189.69,0.0,189.69,-136.70600000000002,137.46908613889127,6.100670000000002,3.762326107948662,20.479,0.0,0.0,20.479,57.48003333333342,61.02,52.699,2.953603795304539,-4.741999999999997,0.7209166666666669,0.0438144360029875,0.777,0.05608333333333315,2628.82526666671,284.864661492945,2853.0,30.39101666666667,18.9871,38.60053906481405,77.21467420671732,3,100,2,100,0
52.22691197221994,73.41152802365217,189.73,0.0,189.73,-136.53099999999998,137.50308802778005,6.097104999999996,3.763459343144006,20.479,0.0,0.0,20.479,57.495820833333376,61.051,52.715,2.9692594904689433,-4.8160000000000025,0.7141666666666665,0.045897884692097074,0.774,0.059833333333333516,2629.08700000004,283.8684654705675,2851.0,30.33556666666666,19.13576666666667,38.606612601851104,77.22088525148827,3,100,2,100,0
52.21575888888636,73.40297114961673,189.99,0.0,189.99,-136.59099999999998,137.77424111111364,6.099181666666663,3.759446484553598,20.479,0.0,0.0,20.479,57.52844583333332,61.086,52.781,2.969523324592075,-4.883000000000003,0.7128333333333331,0.04698220603181399,0.78,0.06716666666666693,2630.78116666672,284.70832183726696,2852.0,30.305700000000005,19.08545,38.614462129628784,77.20939984020214,3,100,2,100,0
52.22605013888667,73.41561631050394,189.66,0.0,189.66,-136.60899999999998,137.43394986111332,6.095820833333335,3.7594067394905197,20.479,0.0,0.0,20.479,57.56351666666668,61.137,52.777,2.9616875249656167,-4.875,0.7147666666666666,0.04627895032234259,0.775,0.06023333333333347,2628.4443000000288,283.78346135683563,2855.4,30.308133333333334,18.933249999999994,38.62846254629556,77.2213020003168,3,100,2,100,0
52.21272888888704,73.39461849979735,189.68,0.0,189.68,-136.808,137.46727111111295,6.10177,3.757098222650765,20.479,0.0,0.0,20.479,57.55653750000006,61.168,52.801,2.974891192175342,-4.858999999999995,0.7113999999999998,0.04537833426139596,0.762,0.0506000000000002,2626.8905000000454,284.5593153698258,2847.8,30.416650000000004,18.91445,38.6236787962957,77.19709505670951,3,100,2,100,0
52.20945502777537,73.39539610005217,189.66,0.0,189.66,-136.757,137.45054497222463,6.096592499999996,3.7551761851603023,20.479,0.0,0.0,20.479,57.580441666666644,61.164,52.793,2.9976807640424585,-4.936999999999998,0.7159666666666666,0.04346748898740363,0.779,0.06303333333333339,2625.543066666709,284.0652299286286,2849.6,30.418333333333333,19.133083333333328,38.62882973148067,77.19403977419988,3,100,2,100,0
52.215761999996964,73.40701153011592,189.69,0.0,189.69,-136.746,137.47423800000303,6.091391666666662,3.7651002299250558,20.479,0.0,0.0,20.479,57.6120041666667,61.168,52.793,2.9760621134162233,-4.815999999999995,0.7117166666666669,0.045292305503839246,0.766,0.05428333333333313,2625.8299666666912,284.1423022770858,2847.6,30.30720000000001,18.94983333333333,38.63971927777678,77.21740406554481,3,100,2,100,0
52.21205355555286,73.3994619436471,189.71,0.0,189.71,-136.648,137.49794644444714,6.093134166666659,3.7620374625182116,20.479,0.0,0.0,20.479,57.60900833333331,61.168,52.812,2.9918653883526103,-4.796999999999997,0.7091333333333335,0.044797649252288595,0.765,0.05586666666666651,2625.8654000000274,284.702348475347,2847.8,30.28844999999998,18.922716666666666,38.63806535185094,77.2062970554176,3,100,2,100,0
52.20980522221976,73.3946245677032,189.72,0.0,189.72,-136.565,137.51019477778024,6.094892499999996,3.764234794164468,20.479,0.0,0.0,20.479,57.63606250000001,61.207,52.789,2.99047440720997,-4.894999999999996,0.7175833333333335,0.04790183877673268,0.776,0.05841666666666656,2628.0746000000386,285.2221133149169,2851.8,30.260883333333336,18.873283333333333,38.64692007407325,77.20676120064441,3,100,2,100,0
52.24868974999752,73.44750858938757,189.83,0.0,189.83,-136.596,137.5813102500025,6.115958333333325,3.764052347093082,20.479,0.0,0.0,20.479,57.66769166666663,61.246,52.879,2.997478373415469,-4.875,0.7239333333333334,0.042255825660610244,0.788,0.0640666666666666,2617.524066666728,285.10176731081395,2844.4,30.81966666666666,18.895933333333332,38.67744658333249,77.25381676214126,3,100,1,100,1
52.19837519444188,73.51593348572085,189.79,0.0,189.79,-136.98499999999999,137.59162480555813,6.096131666666652,3.7820662902506657,20.479,0.0,0.0,20.479,57.69232916666669,61.305,52.859,2.996711650370075,-4.902000000000001,0.7192500000000001,0.04544530144832151,0.787,0.06774999999999998,2614.712233333362,282.75550484991925,2838.4,29.907966666666667,18.887499999999996,38.66227867592507,77.34344507741984,3,73,1,100,0
52.19442005555322,73.50242790181065,189.85,0.0,189.85,-137.14399999999998,137.65557994444677,6.104120833333331,3.778611854794072,20.479,0.0,0.0,20.479,57.688179166666636,61.332,52.859,3.022927504916809,-4.905999999999999,0.7193666666666669,0.04567125219255717,0.773,0.05363333333333309,2618.5849333332753,282.81784637589675,2839.0,30.061899999999998,19.124700000000004,38.66224001851773,77.32671100879729,3,73,1,100,0
52.20520161110897,73.51058364408496,189.8,0.0,189.8,-136.882,137.59479838889104,6.100527499999992,3.7789670335658836,20.479,0.0,0.0,20.479,57.685116666666644,61.293,52.848,3.020400661120301,-4.933,0.7207166666666668,0.05003866019513606,0.777,0.05628333333333324,2621.7070333333377,284.009323896022,2841.4,29.909249999999997,19.16925000000001,38.663615259258535,77.33958933784598,3,73,1,100,0
52.19642377777507,73.50003720933499,189.88,0.0,189.88,-136.958,137.68357622222493,6.098352499999989,3.7805061564438045,20.479,0.0,0.0,20.479,57.71782499999999,61.332,52.867,3.0009332918221503,-4.921999999999997,0.7181333333333334,0.048926602471237784,0.782,0.06386666666666663,2617.073599999986,282.97297098266785,2839.2,29.893966666666664,19.099483333333335,38.670867092591685,77.32946996825004,3,73,1,100,0
52.2085413055526,73.5162576517757,189.77,0.0,189.77,-136.873,137.56145869444742,6.096311666666669,3.785642280480335,20.479,0.0,0.0,20.479,57.722787499999974,61.336,52.937,3.000279673269598,-4.895000000000003,0.7156666666666667,0.04418783737355124,0.775,0.05933333333333335,2618.041833333334,282.6657489289694,2839.0,29.785233333333334,19.097150000000003,38.67588015740642,77.34608776962959,3,73,1,100,0
52.20623136110861,73.51982992749804,189.81,0.0,189.81,-137.00300000000001,137.60376863889138,6.102425833333331,3.7798755906422703,20.479,0.0,0.0,20.479,57.72815416666666,61.344,52.937,2.9984345924868685,-4.984999999999999,0.723216666666667,0.04750525097351341,0.785,0.06178333333333308,2619.972833333326,282.5923850318427,2835.2,29.9903,19.1011,38.67893712036953,77.34721076911383,3,73,1,100,0
52.208099388886254,73.51962155281852,189.87,0.0,189.87,-137.07,137.66190061111377,6.096313333333334,3.781293647222821,20.479,0.0,0.0,20.479,57.74596666666665,61.344,52.926,3.0066638524944542,-5.028000000000006,0.7108666666666666,0.0499143220731545,0.766,0.05513333333333337,2620.990066666627,283.22560496045037,2837.4,29.793383333333335,19.09298333333333,38.68345979629541,77.3508295221145,3,73,1,100,0
52.20815469444163,73.52411425695027,189.8,0.0,189.8,-136.863,137.59184530555837,6.094790000000003,3.7843372878427206,20.479,0.0,0.0,20.479,57.76590000000005,61.375,52.937,3.0135603205938555,-4.972000000000001,0.7169000000000003,0.05003785008049372,0.775,0.05809999999999971,2619.2062999999525,282.7254798736841,2839.2,29.770816666666665,19.093183333333336,38.68961489814723,77.35848939487349,3,73,1,100,0
52.19897858333032,73.51581237634146,189.82,0.0,189.82,-136.843,137.62102141666966,6.0915066666666675,3.781615376264561,20.479,0.0,0.0,20.479,57.773966666666645,61.414,52.945,3.017239154597966,-4.979999999999997,0.7150000000000001,0.04831569910144131,0.783,0.06799999999999995,2618.827633333264,283.0439928822314,2839.4,29.760916666666674,19.17154999999999,38.68815063888788,77.34574345170745,3,73,1,100,0
46.412923444442356,64.16172516282518,189.87,0.0,189.87,-136.91299999999998,143.45707655555765,7.615794166666658,2.4422879035109,20.479,0.0,0.0,20.479,57.90158333333334,61.832,52.937,3.1384414530994165,-4.984999999999999,0.6345000000000002,0.05242799743700152,0.757,0.12249999999999983,2389.2336666666697,201.70072284655225,2839.4,56.411499999999975,19.068333333333335,37.31010031481412,66.65644106377309,3,73,1,100,0
52.23453199999705,73.50373173756451,189.87,0.0,189.87,-137.054,137.63546800000296,6.115317499999993,3.791526978107261,20.479,0.0,0.0,20.479,57.82452916666662,61.805,52.934,3.1080321154944506,-4.9609999999999985,0.6973833333333334,0.05216924597872487,0.775,0.07761666666666667,2621.0824333333035,283.4733846731445,2843.2,30.56326666666666,19.178216666666664,38.72479288888789,77.3474279616505,3,80,1,100,0
46.44657933333141,64.1584747876638,189.85,0.0,189.85,-136.91400000000002,143.40342066666858,7.632893333333321,2.454222653098405,20.232,0.0,0.0,20.232,57.88743749999999,61.934,52.871,3.1752946313810635,-4.972999999999999,0.6405500000000001,0.053131249383173276,0.76,0.11944999999999995,2389.8426999999665,201.17395940752525,2841.0,57.107016666666674,18.924966666666656,37.32230338888824,66.66582869014537,3,80,1,100,0
52.245944861108434,73.51712716023982,189.92,0.0,189.92,-136.853,137.67405513889156,6.116058333333332,3.7983188267778987,20.479,0.0,0.0,20.479,57.76272083333333,61.848,52.855,3.132056513097711,-4.893999999999998,0.6997833333333333,0.053714276001149676,0.777,0.07721666666666671,2624.1442333332743,283.85683471399426,2843.4,30.4606,19.07205,38.7082413425917,77.36916026301887,3,80,1,100,0
50.15157219444305,70.36755017912823,189.85,0.0,189.85,-136.898,139.69842780555695,6.628504999999985,3.4842299805130432,20.479,0.0,0.0,20.479,57.74666249999997,61.668,52.781,3.122150409333955,-5.015999999999998,0.6883666666666668,0.04504948942191399,0.76,0.07163333333333322,2540.0595666666513,285.1987569987718,2845.0,39.24836666666667,18.917550000000002,38.17557989814767,73.89682964906319,3,80,1,100,0
46.46463919444297,64.16551846433701,189.84,0.0,189.84,-137.067,143.37536080555702,7.639904166666658,2.4538217153707382,19.801,0.0,0.0,19.801,57.76695416666665,61.871,52.687,3.204727735676652,-5.055,0.6283166666666667,0.05568875115900624,0.75,0.12168333333333325,2389.8912999999925,200.74564269198964,2841.2,57.12345,18.980416666666656,37.290499175925426,66.67502893086676,3,80,1,100,0
52.253625361108654,73.52526613372142,190.01,0.0,190.01,-137.18200000000002,137.75637463889134,6.116339166666659,3.785877622860874,20.479,0.0,0.0,20.479,57.67050833333336,61.777,52.707,3.1525005814826197,-4.902999999999999,0.7004166666666666,0.05499038179896081,0.787,0.08658333333333346,2621.4509333333476,283.5185300680437,2841.4,30.333866666666662,19.136100000000003,38.680157620369556,77.36613413838126,3,80,1,100,0
52.24470927777535,73.50920612308822,189.85,0.0,189.85,-136.935,137.60529072222465,6.126152499999997,3.79780910428248,20.479,0.0,0.0,20.479,57.62118749999999,61.535,52.707,3.096264245587605,-4.942,0.7141000000000002,0.048265754431557964,0.789,0.07489999999999986,2620.857333333289,282.2452539490877,2840.0,30.644049999999996,19.072216666666673,38.66401642592511,77.35528098180225,3,80,1,100,0
52.26985636110865,73.48955162265547,189.92,0.0,189.92,-137.007,137.65014363889134,6.107950833333323,3.775422743105325,20.479,0.0,0.0,20.479,57.60563333333339,61.426,52.707,3.066497594454004,-4.9140000000000015,0.7239500000000003,0.05157828507739884,0.788,0.06404999999999972,2610.3553333332875,285.43364524735944,2839.0,30.47533333333333,19.12946666666666,38.66114684259178,77.31655265083819,3,80,1,100,0
52.24677016666363,73.4917704617179,189.85,0.0,189.85,-136.929,137.60322983333637,6.118855833333323,3.790616197622849,20.479,0.0,0.0,20.479,57.598887500000004,61.359,52.723,3.0471896098982008,-4.9140000000000015,0.7259833333333333,0.057610760431660024,0.789,0.06301666666666672,2605.5342666666625,283.40757221322355,2829.8,30.907033333333334,19.109516666666675,38.654837833332316,77.33999741977242,3,80,1,100,0
52.23125430555204,73.51074320498131,189.88,0.0,189.88,-136.971,137.64874569444794,6.109035000000003,3.786059177718875,20.479,0.0,0.0,20.479,57.59472916666665,61.336,52.754,3.039943151717305,-4.945,0.7316333333333331,0.05281017065200402,0.797,0.0653666666666669,2602.861233333346,283.7627404351895,2827.2,30.724199999999993,19.20461666666667,38.645006157406236,77.34961255335219,3,80,1,100,0
52.24644999999657,73.4801684636658,189.83,0.0,189.83,-136.90599999999998,137.58355000000344,6.113124166666672,3.7788908783717883,20.479,0.0,0.0,20.479,57.61060000000005,61.262,52.777,3.0143768061918057,-4.922000000000004,0.7252166666666668,0.053226758807082594,0.789,0.06378333333333319,2601.5571333333805,283.8361157884714,2820.6,31.129333333333346,19.110650000000007,38.6567247222211,77.31228610084467,3,90,1,100,0
52.23824199999694,73.47713860460371,189.79,0.0,189.79,-136.93400000000003,137.55175800000305,6.108685000000001,3.7645457928720334,20.479,0.0,0.0,20.479,57.63885833333338,61.273,52.762,3.0089705777899485,-4.938000000000002,0.7284166666666666,0.04832772712470087,0.796,0.06758333333333344,2602.050933333416,283.90352346216946,2820.4,31.107633333333332,19.137966666666674,38.66192844444344,77.29001212460044,3,90,1,100,0
52.24388319444181,73.48318141878552,189.83,0.0,189.83,-136.88,137.58611680555822,6.103815833333341,3.761835478688992,20.479,0.0,0.0,20.479,57.67423333333332,61.293,52.84,2.987637282385834,-4.827999999999996,0.7282333333333332,0.05325390625178069,0.802,0.07376666666666687,2602.7139000000584,283.96037137050445,2821.4,31.012466666666658,19.02401666666667,38.673977453702825,77.2982708037263,3,90,1,100,0
52.245617361108046,73.4835576881452,189.88,0.0,189.88,-136.856,137.63438263889196,6.105422500000004,3.7699554153670434,20.479,0.0,0.0,20.479,57.6809375,61.266,52.926,2.985916850749875,-4.766000000000005,0.7269333333333334,0.05141682988555621,0.799,0.07206666666666661,2604.210633333364,284.00510153261035,2825.4,31.049350000000004,19.002583333333334,38.67732578703602,77.30492993339779,3,90,1,100,0
52.24507766666321,73.4843855130128,189.92,0.0,189.92,-137.15699999999998,137.67492233333678,6.112943333333332,3.768346311942127,20.479,0.0,0.0,20.479,57.6911208333333,61.289,52.934,2.9902538308287325,-4.8629999999999995,0.7261,0.05126987419528158,0.784,0.05790000000000006,2605.6808000000124,283.91136520971213,2823.8,31.303016666666654,19.018916666666666,38.683047277776616,77.3040016991502,3,90,1,100,0
52.25063647221946,73.4878464580672,189.85,0.0,189.85,-136.923,137.59936352778053,6.107972499999999,3.776072762761395,20.479,0.0,0.0,20.479,57.69899166666664,61.328,52.922,2.9934385260324436,-4.8330000000000055,0.7273666666666668,0.04784684842238622,0.789,0.06163333333333321,2607.3614333333926,284.5407231718091,2827.8,31.14875000000001,19.025966666666662,38.6858668796287,77.31176606925098,3,90,1,100,0
52.25094669444158,73.48231348641204,189.88,0.0,189.88,-136.916,137.62905330555841,6.107219166666654,3.771756173410341,20.479,0.0,0.0,20.479,57.723929166666686,61.32,52.937,2.99005626638249,-4.781000000000006,0.7283499999999999,0.04966423703912068,0.794,0.0656500000000001,2607.4509000000126,285.0296322567195,2827.4,31.137166666666662,19.016183333333334,38.694031675924975,77.3037338968615,3,90,1,100,0
52.242284694441864,73.47329306560066,189.77,0.0,189.77,-137.061,137.52771530555816,6.105830833333332,3.7636720748211174,20.479,0.0,0.0,20.479,57.73094166666667,61.348,52.949,3.0005197716976766,-4.898000000000003,0.7288833333333334,0.05095763999094079,0.805,0.07611666666666661,2607.136300000044,285.46074805845086,2827.4,31.113766666666667,19.078849999999996,38.69301906481396,77.28792278041271,3,90,1,100,0
52.231968055553175,73.4664532930289,189.82,0.0,189.82,-137.065,137.5880319444468,6.110513333333332,3.7600365324590586,20.479,0.0,0.0,20.479,57.74570000000004,61.41,52.945,3.0092920548078594,-4.969000000000001,0.7288999999999999,0.050041237232194946,0.808,0.07910000000000017,2603.958800000034,283.7936712540773,2825.4,31.257200000000005,19.12761666666666,38.69606046296218,77.27653106272015,3,90,1,100,0
52.24389044444273,73.48005456286428,189.82,0.0,189.82,-136.798,137.57610955555725,6.095667500000006,3.750602193553589,20.479,0.0,0.0,20.479,57.753179166666705,61.402,52.937,3.012262643157685,-4.93,0.7214166666666668,0.047835272308581644,0.776,0.054583333333333206,2604.7932666666857,284.30278161366584,2821.8,30.951233333333334,19.167566666666666,38.69757903703648,77.27849202872645,3,90,1,100,0
52.263931972220036,73.4776458538632,189.82,0.0,189.82,-136.91299999999998,137.55606802777996,6.0983091666666684,3.759348283259348,20.479,0.0,0.0,20.479,57.760420833333384,61.414,52.945,3.0128284980330315,-4.981000000000002,0.7194833333333331,0.05182352442294733,0.792,0.0725166666666669,2606.1588333334025,284.860911888286,2828.4,31.045783333333354,19.15878333333333,38.70755399074003,77.28881766154548,3,100,1,100,0
52.25652833333112,73.4509005367593,189.88,0.0,189.88,-137.015,137.62347166666888,6.101288333333328,3.744563566752708,20.479,0.0,0.0,20.479,57.786637500000026,61.426,52.953,3.0223516845105927,-5.019999999999996,0.7222500000000003,0.049930332820773596,0.789,0.06674999999999975,2604.5371666667024,285.826380060627,2828.4,31.12611666666668,19.20808333333333,38.71481805555482,77.24539443633279,3,100,1,100,0
52.25378499999759,73.46834446204439,189.85,0.0,189.85,-136.919,137.59621500000242,6.104965,3.747351989456787,20.479,0.0,0.0,20.479,57.794770833333345,61.43,52.937,3.0210576207844366,-4.902000000000001,0.7336833333333337,0.05443717936461387,0.817,0.08331666666666626,2599.5034666667334,284.0375928646458,2823.4,31.339649999999995,19.215183333333336,38.71784027777698,77.27013363086579,3,100,1,100,0
52.2576099166638,73.45336541855436,189.87,0.0,189.87,-136.998,137.6123900833362,6.107525000000002,3.7438028826843075,20.479,0.0,0.0,20.479,57.79539166666668,61.43,52.934,3.031343987928791,-4.972999999999999,0.7295333333333331,0.048209805130641874,0.798,0.0684666666666669,2599.480500000009,284.4914730991558,2821.8,31.319716666666668,19.178133333333335,38.72017552777683,77.2453781063693,3,100,1,100,0
52.278721666664865,73.45232478979517,189.87,0.0,189.87,-137.113,137.59127833333514,6.102994999999994,3.749310972113811,20.479,0.0,0.0,20.479,57.825762500000025,61.43,52.934,3.025185317787336,-4.917999999999999,0.7231833333333331,0.05224501976643784,0.792,0.06881666666666697,2601.4165333333654,284.25566641194115,2823.4,31.17406666666667,19.14081666666667,38.73582638888829,77.25388078167542,3,100,1,100,0
52.26052072222043,73.47211966038432,189.87,0.0,189.87,-137.12599999999998,137.60947927777957,6.096999166666672,3.755606388936833,20.479,0.0,0.0,20.479,57.83611249999999,61.437,52.984,3.0243647902956967,-4.9140000000000015,0.7259166666666668,0.052414673733591724,0.796,0.07008333333333328,2601.8741333333287,284.4161239091509,2825.8,31.107850000000003,19.15316666666666,38.7312107962957,77.28014072305474,3,100,1,100,0
52.25226358333149,73.46593704513107,189.81,0.0,189.81,-137.004,137.55773641666852,6.0970049999999985,3.7526210674280387,20.479,0.0,0.0,20.479,57.833666666666645,61.441,52.977,3.0207614915518235,-4.8870000000000005,0.7249333333333333,0.05631866555943492,0.799,0.07406666666666673,2600.235266666707,284.33028027449996,2827.4,31.135016666666655,19.108633333333334,38.72764508333271,77.27487677811854,3,100,1,100,0
52.26487461111013,73.47860428826243,189.82,0.0,189.82,-136.96300000000002,137.55512538888985,6.097026666666668,3.759959921080143,20.479,0.0,0.0,20.479,57.828887500000064,61.43,52.961,3.038119416645971,-4.899000000000001,0.724766666666667,0.051842776221260406,0.792,0.06723333333333303,2600.0410333333266,284.1250668136555,2819.6,31.117233333333335,19.21741666666666,38.73026292592562,77.29040698556383,3,100,1,100,0
52.25556774999866,73.46290116022124,189.82,0.0,189.82,-137.108,137.56443225000135,6.0935241666666675,3.748392340328073,20.479,0.0,0.0,20.479,57.85800416666669,61.453,53.012,3.02427393755178,-4.996000000000002,0.7298666666666667,0.054638865743328845,0.802,0.07213333333333338,2599.1198000000745,284.3395154528614,2819.8,31.134850000000007,19.143749999999994,38.735698694444004,77.26593236629263,3,100,1,100,0
52.24375755555369,73.45622645022043,189.88,0.0,189.88,-137.011,137.6362424444463,6.097861666666669,3.738985250231462,20.479,0.0,0.0,20.479,57.848524999999995,61.504,52.977,3.027642897373588,-5.008000000000003,0.7266333333333331,0.04931495687670641,0.791,0.0643666666666669,2599.343233333365,283.632953879305,2821.6,31.234016666666665,19.189299999999996,38.73004807407345,77.24452665732859,3,100,1,100,0
46.63719083333206,64.30553274619592,190.2,0.0,190.2,-137.072,143.56280916666793,7.729209999999986,2.3982730701484276,20.325,0.0,0.0,20.325,57.963887500000034,61.934,52.945,3.1689752590248657,-5.036000000000001,0.839066666666667,0.46515908948560114,2.546,1.7069333333333327,2361.7472666667118,199.50476302820618,2815.4,60.41763333333335,19.085333333333338,37.44342944444403,67.16896490582995,3,100,0,100,1
46.578001444443366,64.40191748117942,190.26,0.0,190.26,-137.369,143.68199855555662,7.699245833333319,2.437849253177273,20.479,0.0,0.0,20.479,57.99535000000005,62.105,52.945,3.245004004613578,-4.988999999999997,0.7133833333333335,0.21979598334315692,1.467,0.7536166666666666,2366.3349333333285,201.7904995796771,2813.6,59.04993333333336,19.12306666666667,37.42419909259225,67.05956271769986,3,73,0,100,0
52.341772499996736,73.70429528997934,190.25,0.0,190.25,-137.57,137.90822750000325,6.134473333333329,3.7821586452232427,20.479,0.0,0.0,20.479,57.90235833333333,62.039,52.926,3.1742489159931053,-5.003999999999998,0.7778333333333335,0.1583008470984612,1.419,0.6411666666666666,2598.519000000034,281.82881580710756,2815.6,31.264483333333327,19.1599,38.792868055554464,77.64475478230105,3,73,0,100,0
46.5871886944425,64.40379111442059,190.19,0.0,190.19,-137.52,143.6028113055575,7.710125833333328,2.441369835883591,20.479,0.0,0.0,20.479,57.95854583333334,62.105,52.945,3.2283915600242987,-4.981000000000002,0.7621,0.3076783319185857,1.847,1.0849,2367.9368333333427,202.35151392029792,2817.4,59.08213333333332,18.957816666666666,37.418620120369724,67.15283928222276,3,73,0,100,0
46.58714513888642,64.40412278985565,190.28,0.0,190.28,-137.583,143.69285486111357,7.709038333333324,2.436176410508173,20.479,0.0,0.0,20.479,57.95860416666663,62.176,52.934,3.2678959536679413,-4.926000000000002,0.722,0.22643695571892464,1.523,0.8009999999999999,2368.7434000000258,201.99093699027947,2817.6,59.01666666666667,18.888600000000007,37.41826254629546,67.06673615608274,3,73,0,100,0
46.59561538888693,64.41395742953334,190.31,0.0,190.31,-137.488,143.71438461111308,7.708939999999982,2.4345812815376853,20.449,0.0,0.0,20.449,57.903287500000005,62.172,52.781,3.296326428189721,-4.911000000000001,0.7070999999999998,0.19948498945271334,1.422,0.7149000000000001,2367.1665333333467,203.29987891481068,2819.4,59.11358333333335,18.993566666666666,37.40261429629564,67.04802370052374,3,73,0,100,0
46.60007455555319,64.4231565312098,190.28,0.0,190.28,-137.67000000000002,143.6799254444468,7.7136766666666725,2.440375038950195,20.479,0.0,0.0,20.479,57.83804166666662,62.148,52.777,3.3079677524087643,-4.895000000000003,0.7137333333333333,0.21883906838841036,1.422,0.7082666666666666,2367.3650000000057,201.79675578026664,2815.4,59.08500000000003,18.909250000000007,37.38393096296216,67.0823706385484,3,73,0,100,0
52.34515130555176,73.70596109566223,190.23,0.0,190.23,-137.701,137.88484869444824,6.142415833333332,3.794476559186324,20.479,0.0,0.0,20.479,57.708579166666695,62.02,52.699,3.2158105796335366,-4.945,0.82955,0.25809664626561757,1.737,0.9074500000000001,2597.364400000012,281.90958665586635,2813.4,31.02333333333332,18.936649999999997,38.73204876851727,77.75853430111417,3,73,0,100,0
46.59951291666541,64.42077095046066,190.22,0.0,190.22,-137.271,143.62048708333458,7.715970833333316,2.4502712334720465,20.479,0.0,0.0,20.479,57.7580041666667,61.945,52.695,3.269913911957678,-4.965000000000003,0.7759,0.31564460276430717,1.811,1.0351,2367.2525333333506,201.76403498778296,2814.6,58.96373333333334,18.873016666666675,37.35782930555514,67.18668678669702,3,73,0,100,0
46.59237683333134,64.41197918094934,190.22,0.0,190.22,-137.44799999999998,143.62762316666866,7.71545416666666,2.447063936535077,20.479,0.0,0.0,20.479,57.74079583333331,61.941,52.687,3.2899895810621063,-4.9140000000000015,0.7053833333333331,0.2001384344344012,1.424,0.7186166666666668,2369.0173666666938,201.8186488068763,2817.6,58.937850000000005,19.057516666666668,37.349542277777104,67.05918155191883,3,73,0,100,0
46.603910472219994,64.42422962992777,190.31,0.0,190.31,-137.52100000000002,143.70608952778002,7.723826666666653,2.440025016953382,20.479,0.0,0.0,20.479,57.70538333333333,61.941,52.684,3.2880916320069606,-4.817,0.688883333333333,0.16807091841189897,1.282,0.5931166666666671,2370.2682666667015,202.19999699833474,2819.6,59.13433333333334,18.97656666666666,37.34437349073999,67.03232556529305,3,73,0,100,0
46.63759574999874,64.4103953303361,190.34,0.0,190.34,-137.596,143.70240425000128,7.740576666666659,2.4379192089115405,19.832,0.0,0.0,19.832,57.65784583333332,61.934,52.605,3.281262500224579,-4.922000000000004,0.69735,0.18159909514073083,1.249,0.5516500000000001,2370.82670000007,200.99753667330052,2821.6,59.66099999999999,18.833150000000007,37.345339416666235,67.02991363438836,3,80,0,100,0
46.623872222220925,64.38720266711898,190.3,0.0,190.3,-137.911,143.67612777777907,7.741925833333324,2.4351212841231606,19.682,0.0,0.0,19.682,57.60442083333332,61.926,52.605,3.2868123679065664,-4.774000000000001,0.6833333333333333,0.17333514775234618,1.269,0.5856666666666666,2368.448500000024,202.9862560481392,2821.8,59.70429999999996,18.884450000000005,37.32340629629586,66.99565909899448,3,80,0,100,0
52.366360361108235,73.67954117324442,190.34,0.0,190.34,-137.547,137.97363963889177,6.177809999999999,3.8087894980032804,20.479,0.0,0.0,20.479,57.471970833333295,61.777,52.535,3.1896816795283764,-4.742000000000004,0.7705333333333335,0.16923501527603627,1.377,0.6064666666666665,2597.160066666727,282.37251439332704,2813.8,31.999000000000013,18.922716666666666,38.672047064813846,77.65756568652372,3,80,0,100,0
46.637429277776576,64.40773948983325,190.23,0.0,190.23,-137.528,143.5925707222234,7.752849166666658,2.4513310924584117,20.04,0.0,0.0,20.04,57.5151083333334,61.723,52.539,3.240514701087427,-4.885999999999996,0.7273666666666666,0.24410729557187025,1.516,0.7886333333333334,2367.347966666739,200.76075564221514,2817.4,59.950199999999995,18.882850000000005,37.301795592592214,67.10317787786353,3,80,0,100,0
52.38578891666369,73.67655844467485,190.22,0.0,190.22,-137.547,137.8342110833363,6.174536666666667,3.7989169610631266,20.479,0.0,0.0,20.479,57.427079166666694,61.684,52.469,3.184887729145707,-4.813000000000002,0.7361166666666666,0.11942547377050985,1.189,0.4528833333333334,2597.9210666666904,282.71986859235477,2817.6,31.829349999999998,19.00676666666667,38.662468249999016,77.59490087950849,3,80,0,100,0
52.38119258333056,73.68873760220856,190.31,0.0,190.31,-137.492,137.92880741666943,6.1754116666666565,3.812444446293911,20.479,0.0,0.0,20.479,57.40825833333336,61.441,52.477,3.1295703596362117,-4.827999999999996,0.7743500000000003,0.13594538098136874,1.257,0.4826499999999996,2597.4379666667087,282.4778857973245,2813.8,32.04090000000001,19.13483333333333,38.654954194443526,77.63712742948384,3,80,0,100,0
46.62271466666525,64.38598623674659,190.23,0.0,190.23,-137.46,143.60728533333474,7.742979166666663,2.43093419380523,19.654,0.0,0.0,19.654,57.51326250000004,61.672,52.535,3.211832303639936,-4.882999999999996,0.7085833333333336,0.20826533692617155,1.333,0.6244166666666664,2366.58773333337,200.97341431577257,2813.6,59.85936666666667,19.03055,37.292985444443985,67.02518576747799,3,80,0,100,0
46.63855699999827,64.4091597343729,190.27,0.0,190.27,-137.703,143.63144300000175,7.742449166666654,2.4410563408352366,19.916,0.0,0.0,19.916,57.54751666666664,61.699,52.543,3.239056229050552,-4.803999999999995,0.6911833333333333,0.1817989662354926,1.287,0.5958166666666667,2367.073866666684,201.27264849010308,2815.8,59.82483333333334,18.979983333333333,37.30950761111052,67.03201504144363,3,80,0,100,0
52.38440466666393,73.69766337484705,190.25,0.0,190.25,-137.61599999999999,137.86559533333607,6.1695575,3.802150485179895,20.479,0.0,0.0,20.479,57.446395833333334,61.687,52.555,3.1530618269392363,-4.7109999999999985,0.7475499999999999,0.11212952936640823,1.086,0.33845000000000014,2597.569566666743,282.33701401940397,2813.8,31.846499999999995,18.816900000000008,38.66678599999909,77.61194338939336,3,80,0,100,0
46.64318302777624,64.41563739528625,190.3,0.0,190.3,-137.601,143.65681697222377,7.745585000000003,2.4409059320771407,19.623,0.001,0.001,19.622,57.51580833333335,61.684,52.543,3.2233539843952714,-4.811999999999998,0.7214666666666666,0.22693921135343162,1.54,0.8185333333333334,2366.35323333334,200.7904745632242,2813.6,59.9584,18.857083333333325,37.3015254537032,67.08348253871682,3,80,0,100,0
46.650143388887685,64.37825523566362,190.28,0.0,190.28,-137.562,143.6298566111123,7.752689999999989,2.4407184986306727,20.479,0.0,0.0,20.479,57.51774166666674,61.75,52.484,3.259975105780232,-4.890000000000001,0.6836333333333332,0.16953585358182358,1.273,0.5893666666666667,2365.8672000000524,200.53567513951376,2817.6,60.2789,18.917199999999998,37.30685835185147,66.98850958787611,3,90,0,100,0
46.65260516666536,64.37994865984096,190.23,0.0,190.23,-137.686,143.57739483333464,7.749753333333315,2.425525726524165,19.767,0.0,0.0,19.767,57.49122500000003,61.77,52.473,3.2748901133629675,-4.773000000000003,0.6583500000000003,0.1235941725629709,1.089,0.43064999999999964,2367.220166666699,200.68256378803892,2820.0,60.03283333333336,18.83199999999999,37.29786116666623,66.92906855892811,3,90,0,100,0
46.66630016666523,64.39021949557873,190.35,0.0,190.35,-137.701,143.68369983333477,7.75560833333332,2.444795936796028,20.431,0.0,0.0,20.431,57.45553333333334,61.742,52.477,3.2812773865656597,-4.765999999999998,0.6530333333333331,0.11256786528039568,1.051,0.3979666666666668,2369.848566666653,200.37236589771587,2817.4,60.12585000000001,18.804916666666653,37.292480611110626,66.94758329765516,3,90,0,100,0
52.406046055553595,73.67766559364192,190.36,0.0,190.36,-137.655,137.95395394444643,6.186466666666668,3.805479997612971,20.479,0.0,0.0,20.479,57.35342083333333,61.672,52.477,3.186898306157587,-4.695999999999998,0.7439,0.11015346767432228,1.172,0.4280999999999999,2601.7612333332813,283.77380042112145,2825.0,32.18126666666667,18.86168333333334,38.64864451851786,77.59329905892922,3,90,0,100,0
52.41465016666423,73.68179263992579,190.23,0.0,190.23,-137.477,137.81534983333574,6.186591666666659,3.817802698254528,20.479,0.0,0.0,20.479,57.30868333333338,61.398,52.469,3.124383706883361,-4.777000000000001,0.7943833333333337,0.18596701836859122,1.321,0.5266166666666663,2601.9325333332426,283.8255535225601,2823.0,32.15614999999999,18.81,38.63664172222142,77.6855623565489,3,90,0,100,0
46.66156624999855,64.38097483553118,190.17,0.0,190.17,-137.46900000000002,143.50843375000144,7.765965833333319,2.442790253962331,20.479,0.0,0.0,20.479,57.40390000000003,61.602,52.461,3.2038624007352734,-4.82,0.7105666666666668,0.21721061923245064,1.31,0.5994333333333333,2369.1638666666595,201.19806322251125,2818.2,60.263766666666676,18.718300000000003,37.2771440277773,67.04097570872595,3,90,0,100,0
46.66334458333164,64.38398849908766,190.35,0.0,190.35,-137.786,143.68665541666834,7.75390999999998,2.4278230950896886,19.573,0.0,0.0,19.573,57.439533333333294,61.672,52.449,3.258699310390107,-4.796999999999997,0.6649166666666668,0.14207795564487122,1.107,0.44208333333333316,2369.1990000000606,201.43879741462575,2821.8,60.06461666666669,19.080483333333344,37.28559597222164,66.95388954982222,3,90,0,100,0
46.664398694442376,64.3898789401177,190.31,0.0,190.31,-137.738,143.64560130555762,7.750504999999997,2.427426544305374,19.556,0.0,0.0,19.556,57.41594583333333,61.684,52.461,3.259707609584419,-4.784999999999997,0.6582000000000003,0.11657772558124009,1.012,0.35379999999999967,2366.7071666666907,200.85375628520003,2817.6,60.04998333333333,18.832433333333334,37.276949842591904,66.93388321000431,3,90,0,100,0
52.4176139999977,73.68855504105328,190.37,0.0,190.37,-137.477,137.95238600000232,6.185624999999993,3.8083078081140957,20.479,0.0,0.0,20.479,57.31060833333326,61.613,52.445,3.1658516626211433,-4.7379999999999995,0.7864500000000002,0.1064762924197571,1.041,0.2545499999999997,2598.8769000000434,282.82031583362493,2819.0,32.26933333333333,18.820583333333342,38.637949111110316,77.60333914158713,3,90,0,100,0
46.76711280555395,64.3350079616098,190.3,0.0,190.3,-137.654,143.53288719444606,7.761938333333319,2.43844725772799,19.778,0.0,0.0,19.778,57.36966666666663,61.66,52.301,3.2646132344325807,-4.9879999999999995,0.7275333333333333,0.23473154277842856,1.312,0.5844666666666668,2368.9308666667253,200.4522570717104,2821.0,60.177049999999994,18.996349999999996,37.2995726018513,67.00818676211622,3,90,0,100,0
46.68599852777681,64.39534135265032,190.34,0.0,190.34,-137.565,143.6540014722232,7.752774166666665,2.422779361882328,20.479,0.0,0.0,20.479,57.36268333333331,61.68,52.297,3.2840538156607924,-4.882000000000005,0.6478666666666667,0.11846539459907322,1.082,0.43413333333333337,2370.4030333333676,199.80596064127695,2819.6,59.919833333333344,18.893866666666664,37.26715200925893,66.93658610913172,3,100,0,100,0
46.69471899999826,64.39632435882595,190.33,0.0,190.33,-137.699,143.63528100000175,7.757152499999984,2.4195600191940856,20.479,0.0,0.0,20.479,57.330954166666665,61.668,52.316,3.278929632281756,-4.721999999999994,0.6542333333333333,0.13561340450053597,1.069,0.4147666666666666,2369.8793000000296,201.23154227682892,2825.6,60.06981666666665,18.777966666666668,37.260941888888304,66.95149778252056,3,100,0,100,0
55.00415608332992,77.22735009730235,190.31,0.0,190.31,-137.702,135.30584391667009,5.534370000000001,3.9607484334690697,20.387,0.0,0.0,20.387,57.20010833333336,61.52,52.301,3.1799079650265116,-4.799999999999997,0.7630333333333336,0.10821916974623753,1.087,0.3239666666666664,2698.168233333379,235.8527214214679,2817.6,20.25139999999999,18.85546666666667,39.24621147222109,81.29631770051765,3,100,0,100,0
46.77797041666354,64.55214367897412,190.42,0.0,190.42,-180.441,143.64202958333644,7.755357499999991,2.4134605357919714,19.701,0.0,0.0,19.701,57.27927916666671,61.426,52.277,3.190094966055272,-4.717999999999996,0.7406833333333334,0.2740188346654522,1.515,0.7743166666666665,2375.887300000045,206.6346152739538,2819.8,59.146766666666664,19.037266666666667,37.27086902777675,67.23962304943154,3,100,0,100,0
46.71963647221912,64.42097086221449,190.33,0.0,190.33,-137.767,143.6103635277809,7.752474999999993,2.424002889034315,20.389,0.0,0.0,20.389,57.31170833333333,61.492,52.371,3.208760800174051,-4.721999999999994,0.6669,0.14742923611352313,1.244,0.5771,2366.4538000000434,199.72608126335464,2817.4,60.14471666666669,18.758983333333326,37.26127326851748,66.99240298736233,3,100,0,100,0
52.4331518611079,73.67024771086557,190.26,0.0,190.26,-137.708,137.8268481388921,6.171499999999989,3.8040859988840623,20.479,0.0,0.0,20.479,57.22203750000005,61.426,52.367,3.1533102528754005,-4.695,0.7307166666666666,0.08836041211639142,0.937,0.20628333333333349,2594.9788333334063,283.13395176914577,2819.0,31.970866666666666,18.878266666666654,38.60889645370265,77.56269412186602,3,100,0,100,0
46.67043077777537,64.35720072156137,190.22,0.0,190.22,-137.583,143.54956922222462,7.754317499999985,2.422483657169117,20.351,0.0,0.0,20.351,57.28553333333333,61.437,52.316,3.2077007222573664,-4.7309999999999945,0.6697666666666666,0.1457340701724876,1.164,0.4942333333333333,2364.6069333333994,200.07880915672823,2815.4,60.10389999999998,18.79253333333333,37.236760537036226,66.92541844890297,3,100,0,100,0
52.42558799999729,73.66427707823112,190.27,0.0,190.27,-137.652,137.8444120000027,6.174114166666672,3.799461905776112,20.479,0.0,0.0,20.479,57.21836250000008,61.426,52.289,3.1613410648481093,-4.840000000000003,0.7456833333333335,0.12058733267744125,1.172,0.42631666666666646,2596.834366666725,283.70780046544314,2823.0,32.06843333333333,18.941033333333337,38.60602155555468,77.58432631668468,3,100,0,100,0
46.6942481666642,64.38824705448918,190.2,0.0,190.2,-137.435,143.50575183333578,7.7581974999999845,2.413518011013174,20.316,0.0,0.0,20.316,57.306533333333306,61.453,52.363,3.2126069705149733,-4.8359999999999985,0.7094833333333334,0.22626469362655965,1.524,0.8145166666666667,2366.3110000000215,200.03307247556342,2817.0,60.17980000000001,18.759516666666666,37.252992999999165,67.02802975912893,3,100,0,100,0
46.70570033333109,64.37015467677425,190.31,0.0,190.31,-137.615,143.6042996666689,7.758524999999992,2.4173738135637515,20.479,0.0,0.0,20.479,57.30120416666667,61.535,52.285,3.2588512447070994,-4.815999999999995,0.65005,0.13627482513693312,1.182,0.5319499999999999,2366.4106666666917,200.72985569013673,2816.0,60.169399999999996,18.834366666666668,37.25514316666592,66.92380331547494,3,100,0,100,0
46.684331861108866,64.37576687490129,190.36,0.0,190.36,-137.702,143.67566813889115,7.7534208333333074,2.40623812696687,19.624,0.0,0.0,19.624,57.24732083333335,61.586,52.297,3.261085561418881,-4.7890000000000015,0.7175333333333335,0.2690707465828768,1.556,0.8384666666666666,2370.3233000000505,199.39286507516712,2819.4,59.83414999999997,18.739899999999995,37.22835784259184,67.05107574845104,3,100,0,90,1
46.68917980555287,64.3860317852125,190.3,0.0,190.3,-137.677,143.61082019444714,7.752261666666659,2.404501059676527,19.779,0.0,0.0,19.779,57.21117500000005,61.449,52.297,3.256769415178202,-4.793000000000006,0.6643666666666665,0.1431705119087935,1.16,0.49563333333333337,2371.3807666666926,200.543286861124,2821.4,59.85088333333332,18.727483333333332,37.21753882407319,66.93370335679782,3,100,0,90,1
46.6992744444416,64.39701579620491,190.3,0.0,190.3,-137.79999999999998,143.60072555555843,7.756587499999985,2.4106509931661186,19.763,0.0,0.0,19.763,57.183837499999996,61.43,52.285,3.251651534453951,-4.722000000000001,0.6421166666666669,0.10017494724978485,0.968,0.3258833333333331,2371.2896666667184,201.39868936656129,2822.4,59.88701666666666,18.574833333333334,37.2132331481472,66.90784173662081,3,100,0,90,1
46.69887655555265,64.39364285523963,190.44,0.0,190.44,-137.769,143.74112344444734,7.766091666666651,2.405768698522272,20.133,0.0,0.0,20.133,57.12799583333322,61.437,52.129,3.266180981667042,-4.8160000000000025,0.6512333333333333,0.11913976504853116,1.164,0.5127666666666666,2370.436933333372,201.66101141069075,2823.4,60.08200000000001,18.62255,37.197654685184176,66.91855131881043,3,100,0,90,1
46.70169324999747,64.39843482129933,190.44,0.0,190.44,-137.832,143.73830675000252,7.759700833333324,2.4086786156647393,19.746,0.0,0.0,19.746,57.06256250000003,61.43,52.086,3.279338348576677,-4.729999999999997,0.6504000000000002,0.10819931388610432,1.029,0.3785999999999997,2369.9707333333913,200.263449581633,2815.6,59.92689999999998,18.785383333333325,37.17465219444361,66.91531275085018,3,100,0,90,1
46.707882444441324,64.4038449730936,190.37,0.0,190.37,-137.65900000000002,143.66211755555867,7.7605441666666515,2.408089540987589,19.864,0.0,0.0,19.864,57.01181250000001,61.383,52.051,3.284176434954438,-4.7080000000000055,0.6700500000000004,0.1474958689453105,1.152,0.48194999999999955,2370.7430333333496,200.71191730211257,2817.6,59.944850000000024,18.827033333333326,37.16007970370266,66.9594303830265,3,100,0,90,1
46.712671472219434,64.41452223411662,190.34,0.0,190.34,-137.817,143.62732852778058,7.770374999999979,2.407147647293693,20.024,0.0,0.0,20.024,56.97919999999996,61.32,52.051,3.2758494304856858,-4.725999999999999,0.6571,0.11187776319852433,1.02,0.3629,2370.2159666666716,200.75606763312072,2818.2,60.11385000000002,18.723950000000002,37.15408215740646,66.93354764460884,3,100,0,90,1
46.71217847222025,64.4114602668509,190.36,0.0,190.36,-137.773,143.64782152777977,7.7743274999999885,2.4081336355324154,19.874,0.0,0.0,19.874,56.91871249999993,61.266,51.969,3.272231075897458,-4.524000000000001,0.65555,0.13324711654589985,1.134,0.47844999999999993,2369.5957666667096,200.79755134176733,2817.6,60.15676666666666,18.596583333333335,37.13507282407339,66.9528410189292,3,100,0,90,1
46.712957138886836,64.40499114274387,190.38,0.0,190.38,-137.91500000000002,143.66704286111315,7.7699241666666605,2.4181936848256003,19.953,0.0,0.0,19.953,56.85321666666673,61.184,51.816,3.30184684768673,-4.648000000000003,0.6472333333333337,0.10382308398598832,0.959,0.3117666666666663,2370.0395333333486,200.7175516981732,2819.6,59.92853333333334,18.841699999999996,37.11203265740674,66.92700791155545,3,100,0,90,1
46.718405944442615,64.42044645588832,190.35,0.0,190.35,-137.763,143.63159405555737,7.7775,2.4104765928139096,20.128,0.0,0.0,20.128,56.83634166666673,61.172,51.812,3.299770565108587,-4.692,0.6391166666666669,0.08084177718143701,0.929,0.28988333333333316,2371.563166666672,201.44986844925444,2823.4,60.224366666666675,18.93765,37.110749203703115,66.91176482588367,3,100,0,90,1
52.32581108333192,73.52677829225482,190.33,0.0,190.33,-137.879,138.00418891666808,6.1287825,3.7840306896761233,20.479,0.0,0.0,20.479,56.66230833333341,61.117,51.496,3.227255237006181,-4.747,0.7210166666666669,0.058553609122264524,0.808,0.08698333333333319,2628.669066666741,285.57237674570155,2851.4,30.33321666666668,19.173733333333328,38.37230063888844,77.36936259105322,3,100,2,90,1
52.26359019444324,73.57194798780871,189.98,0.0,189.98,-137.017,137.71640980555674,6.112315000000001,3.809858085892071,20.479,0.0,0.0,20.479,56.5778500000001,60.68,51.535,3.0796271391709085,-4.895000000000003,0.7383166666666665,0.053385229870832086,0.818,0.07968333333333344,2630.216000000057,283.9104798419636,2849.6,29.27534999999999,18.653599999999997,38.31791839814778,77.43519130357161,3,73,2,90,0
52.256023611111054,73.54892893284509,189.84,0.0,189.84,-137.034,137.58397638888894,6.109392500000002,3.8009274464251366,20.479,0.0,0.0,20.479,56.45137500000002,60.465,51.32,3.1382692110801123,-4.635999999999996,0.7281166666666663,0.04930193782648232,0.8,0.07188333333333374,2628.299566666711,283.5437265760356,2851.4,29.195299999999985,19.56678333333334,38.27226370370369,77.3991583170967,3,73,2,90,0
52.24522230555451,73.53206610729957,189.8,0.0,189.8,-136.815,137.5547776944455,6.108646666666672,3.7921995228591543,20.479,0.0,0.0,20.479,56.454391666666695,60.344,51.398,3.0655666742447285,-5.0319999999999965,0.7418833333333333,0.050141187666079196,0.801,0.059116666666666706,2627.50376666672,283.5465488887319,2849.6,29.254466666666676,19.294933333333333,38.26942021296262,77.3744068178248,3,73,2,90,0
52.2454405277764,73.54535715971441,189.8,0.0,189.8,-136.891,137.55455947222362,6.104758333333319,3.801552398752946,20.479,0.0,0.0,20.479,56.44168333333339,60.324,51.371,3.101804367533371,-4.792999999999999,0.7370666666666666,0.05688640678436421,0.822,0.0849333333333333,2627.7548666667158,283.33432521720687,2847.6,29.27854999999999,19.92481666666667,38.263960731481035,77.40379596525172,3,73,2,90,0
52.225607944443176,73.52074038973589,189.84,0.0,189.84,-136.732,137.61439205555683,6.105574166666667,3.7875806967127534,20.479,0.0,0.0,20.479,56.47425833333336,60.262,51.398,3.0486486943980524,-4.5589999999999975,0.7377333333333332,0.05306307940065509,0.802,0.0642666666666668,2625.744566666726,283.8766127311092,2845.6,29.304766666666673,19.689849999999993,38.26848014814774,77.3613841658493,3,73,2,90,0
52.239809694442684,73.53676109747838,189.81,0.0,189.81,-136.833,137.57019030555733,6.100824999999995,3.7958158801771686,20.479,0.0,0.0,20.479,56.52881666666668,60.254,51.551,2.979569771766666,-5.042999999999999,0.7378166666666666,0.050000844625634436,0.795,0.057183333333333475,2625.7217333333624,283.6453999036061,2845.4,29.25436666666667,19.187616666666667,38.28981712036978,77.38257782228118,3,73,2,90,0
54.815922916664604,77.07719058585717,189.83,0.0,189.83,-136.874,135.0140770833354,5.499593333333338,3.949741978623875,19.973,0.0,0.0,19.973,56.52060416666665,60.215,51.406,3.010209608762402,-4.497,0.7598333333333334,0.05020100838566744,0.845,0.08516666666666661,2726.4563000000376,234.39056253671498,2843.6,18.528983333333326,19.582733333333326,38.945373472221526,81.07713357286671,3,73,2,90,0
52.30508433333083,73.65098027024803,189.83,0.0,189.83,-179.811,137.5249156666692,6.099038333333327,3.793379362919437,20.479,0.0,0.0,20.479,56.52228749999999,60.105,51.496,3.0206757613277895,-4.7109999999999985,0.7632499999999998,0.056249934086590375,0.85,0.08675000000000022,2634.4898000000157,281.5519200370915,2847.6,28.450516666666665,20.25508333333333,38.308803388888045,77.50060956725406,3,73,2,90,0
52.227162833330915,73.522118508992,189.71,0.0,189.71,-136.834,137.4828371666691,6.091030833333328,3.7795854828143383,20.479,0.0,0.0,20.479,56.67529166666671,60.18,51.867,2.8947880242549022,-4.457000000000001,0.7405666666666664,0.0520496394968439,0.802,0.06143333333333367,2626.2716000000523,283.40544042187474,2845.4,29.30365,19.02345,38.331161777776984,77.35375363130318,3,73,2,90,0
52.22206913888632,73.50217256944921,189.73,0.0,189.73,-136.72899999999998,137.50793086111366,6.082473333333331,3.783611316337407,20.479,0.0,0.0,20.479,56.77074999999998,60.301,52.102,2.8872487265916353,-4.465000000000003,0.73955,0.04980212540560147,0.805,0.06545000000000001,2626.5670666667106,284.15148221714986,2845.4,29.138666666666655,18.913383333333332,38.35843082407321,77.33558601119223,3,73,2,90,0
52.23912077777564,73.46759768710714,189.71,0.0,189.71,-136.815,137.47087922222437,6.097857499999996,3.7667294535410814,20.479,0.0,0.0,20.479,56.82805416666671,60.344,52.195,2.8783528924756143,-4.555,0.7355833333333336,0.05778343310364086,0.794,0.05841666666666645,2626.2159666667167,284.88802799781115,2847.6,29.795649999999984,18.761833333333332,38.388344148147446,77.29211057375186,3,80,2,90,0
54.813950861109184,77.03286789618197,189.77,0.0,189.77,-136.90099999999998,134.95604913889082,5.49961083333334,3.943897297423767,19.397,0.0,0.0,19.397,56.87396666666668,60.336,52.297,2.8830692630343235,-4.469000000000001,0.7530499999999993,0.04998047924024685,0.802,0.048950000000000715,2728.4476333334314,236.68697193729605,2846.6,19.271133333333335,18.924716666666672,39.062509453703065,81.02674567284598,3,80,2,90,0
52.367209472220566,73.55335950576175,189.77,0.0,189.77,-180.00600000000003,137.40279052777944,6.076104999999995,3.756553085815123,20.414,0.0,0.0,20.414,56.90498750000007,60.324,52.297,2.8450258045042367,-4.461000000000006,0.7576499999999997,0.05289286421385935,0.821,0.06335000000000024,2630.301500000043,283.13882008004964,2843.8,28.608866666666664,19.035516666666673,38.44943399074021,77.36280545579073,3,80,2,90,0
52.2278476388863,73.48827816467907,189.77,0.0,189.77,-136.868,137.54215236111372,6.084105833333334,3.755848253686497,20.194,0.0,0.0,20.194,56.999475,60.445,52.379,2.872530457540513,-4.542999999999999,0.7349166666666667,0.05620552227729298,0.803,0.06808333333333338,2620.9827666667034,284.158173524786,2843.4,29.896983333333342,18.891666666666666,38.43714282407321,77.30033194064286,3,80,2,90,0
52.21228788888663,73.47195334803862,189.73,0.0,189.73,-136.974,137.51771211111335,6.080731666666663,3.751816695072545,20.249,0.0,0.0,20.249,57.05167083333335,60.559,52.449,2.886497651195846,-4.609999999999999,0.7402499999999999,0.05446025607289617,0.821,0.0807500000000001,2621.021766666677,284.5863101899612,2841.4,29.826400000000003,18.827016666666665,38.44823012962888,77.27823029918407,3,80,2,90,0
52.22252972222059,73.47328385387335,189.74,0.0,189.74,-136.834,137.5174702777794,6.088969166666671,3.7733230890239313,20.479,0.0,0.0,20.479,57.10185833333339,60.594,52.469,2.9082659553204335,-4.714999999999996,0.7351500000000002,0.054755488851091765,0.827,0.09184999999999977,2621.654733333356,284.7638395319527,2842.6,30.0362,18.864800000000006,38.47111907407355,77.30136243174837,3,80,2,90,0
52.220669611108626,73.47493158515014,189.71,0.0,189.71,-136.666,137.48933038889137,6.0866633333333375,3.762666062546266,20.479,0.0,0.0,20.479,57.13313333333335,60.602,52.473,2.928924355754076,-4.796999999999997,0.7394333333333333,0.05471137416732316,0.807,0.06756666666666677,2621.7418333333308,284.6108485971012,2843.4,30.045216666666654,18.943550000000002,38.480155425925105,77.29230902186373,3,80,2,90,0
52.21632349999775,73.47078781718075,189.77,0.0,189.77,-136.787,137.55367650000227,6.082593333333328,3.7610110626177593,20.453,0.0,0.0,20.453,57.17853750000001,60.691,52.461,2.9286218013754577,-4.727000000000004,0.7331500000000001,0.055033064021488214,0.796,0.06284999999999996,2621.378466666713,285.61268192605706,2843.6,29.939950000000003,18.878649999999997,38.49248477777703,77.28683194381999,3,80,2,90,0
52.212475027774694,73.46945578722442,189.77,0.0,189.77,-136.678,137.5575249722253,6.083279166666668,3.7621658464390872,20.385,0.0,0.0,20.385,57.20059999999999,60.75,52.523,2.940208305033411,-4.75,0.739633333333333,0.05643474307542031,0.802,0.062366666666667014,2617.053166666722,284.6398807562374,2837.6,30.14906666666667,18.940366666666666,38.49878473148045,77.28805637673892,3,80,2,90,0
50.122239805553356,70.33650303694183,189.87,0.0,189.87,-136.89000000000001,139.74776019444664,6.57957333333332,3.47483348897502,20.479,0.0,0.0,20.479,57.26562499999999,60.937,52.523,2.9980720291980005,-4.766000000000005,0.7056333333333333,0.0542370711506959,0.787,0.0813666666666667,2534.0155666666783,285.7358578963449,2841.4,38.68866666666667,18.845216666666662,37.98914604629556,73.86557359706755,3,80,2,90,0
46.43883255555336,64.09317147544624,189.77,0.0,189.77,-136.748,143.33116744444663,7.575205833333322,2.4309975300189914,20.266,0.0,0.0,20.266,57.367345833333324,61.281,52.523,3.0949794074627617,-4.746000000000002,0.6493166666666667,0.052199906379118165,0.782,0.13268333333333338,2385.3296666667,201.75285920135443,2836.6,56.40554999999998,18.708600000000004,37.12712807407333,66.57636891184434,3,90,2,90,0
52.257473888886544,73.48095663150967,189.93,0.0,189.93,-136.89499999999998,137.67252611111346,6.088762500000001,3.769131462872328,20.479,0.0,0.0,20.479,57.29649583333337,61.238,52.461,3.071088173436286,-4.754000000000005,0.7206333333333332,0.05956849544614599,0.805,0.08436666666666681,2619.157266666737,285.3078311349808,2840.4,30.312533333333345,18.85558333333334,38.547577407406635,77.30965658982814,3,90,2,90,0
52.268646055552715,73.45886952829953,189.8,0.0,189.8,-136.88500000000002,137.5313539444473,6.090335833333335,3.768671556724999,20.479,0.0,0.0,20.479,57.261891666666635,61.098,52.488,3.0240067764525067,-4.792999999999999,0.7363166666666667,0.05401553187385846,0.8,0.06368333333333331,2619.6887666667285,285.3202659284892,2839.6,30.29321666666667,18.682866666666666,38.54029118518423,77.28155661689838,3,90,2,90,0
54.866789027775,77.02065606134947,189.81,0.0,189.81,-136.81,134.94321097222502,5.485835833333333,3.9280669566037534,19.057,0.0,0.0,19.057,57.239241666666636,61.031,52.477,2.9953633010654306,-4.870999999999995,0.7537666666666667,0.05215828798618412,0.807,0.053233333333333355,2722.762300000029,237.11757227703956,2842.6,19.40073333333334,18.76966666666667,39.197288842591654,81.00088130593942,3,90,2,90,0
52.46203563888613,73.29510546957096,189.8,0.0,189.8,-180.001,137.33796436111388,6.096585000000008,3.7497280674636846,20.479,0.0,0.0,20.479,57.230512499999996,60.887,52.477,2.9534343401397525,-4.656000000000006,0.7991166666666665,0.05616745292748801,0.944,0.14488333333333347,2624.0261000000346,290.49077028377343,2845.6,29.470166666666653,18.997966666666663,38.596377712962045,77.10100098996212,3,90,2,90,0
50.42743749999736,70.22617395279528,189.73,0.0,189.73,-137.716,139.30256250000264,6.588130000000001,3.4626462518794368,20.341,0.0,0.0,20.341,57.32520416666664,61.008,52.539,3.009686689789132,-4.827999999999996,0.7085833333333331,0.05139718770472566,0.784,0.07541666666666691,2536.6612666666856,283.42354705322725,2839.6,39.07203333333334,18.772499999999994,38.113590555554666,73.74021739237944,3,90,2,90,0
46.48596791666487,64.13907186520893,189.79,0.0,189.79,-137.256,143.30403208333513,7.569880000000003,2.415685780565294,19.005,0.0,0.0,19.005,57.41306250000002,61.348,52.535,3.109664298677706,-4.808,0.6457500000000003,0.05123744161966729,0.773,0.12724999999999975,2388.046000000008,200.65615303953535,2841.6,56.31736666666667,18.657966666666667,37.15630347222163,66.6059950873939,3,90,2,90,0
52.28791266666461,73.48420722843889,189.82,0.0,189.82,-137.262,137.53208733333537,6.085222499999997,3.7545993274585077,20.334,0.0,0.0,20.334,57.34498333333339,61.344,52.535,3.08799562073782,-4.722000000000001,0.71275,0.05859791891948823,0.798,0.08525000000000005,2620.9738000000257,283.5560646983201,2841.8,30.34998333333333,18.88576666666666,38.572706166666,77.29740447481689,3,90,2,90,0
52.26960747221977,73.49027098037251,189.77,0.0,189.77,-136.805,137.50039252778024,6.0888100000000005,3.759083411193513,20.414,0.0,0.0,20.414,57.28785833333336,61.156,52.496,3.0325906562926015,-4.707000000000001,0.7325833333333333,0.052499004564143775,0.795,0.06241666666666679,2621.0111000000493,283.5952037265783,2841.6,30.315449999999995,18.647216666666665,38.54875860185104,77.30185339613017,3,90,2,90,0
52.25878144444256,73.47314975976637,189.75,0.0,189.75,-136.962,137.49121855555745,6.086663333333321,3.751660968381021,20.269,0.0,0.0,20.269,57.28367500000001,61.035,52.469,3.0181503428854257,-4.7109999999999985,0.7315499999999999,0.053961827374166285,0.795,0.06345000000000012,2621.036933333363,283.61411595756414,2841.6,30.28603333333334,18.768516666666667,38.54303992592529,77.27877255552156,3,90,2,90,0
52.263941861108634,73.45163280287707,189.71,0.0,189.71,-136.94,137.44605813889137,6.0772458333333335,3.74265019214771,20.392,0.0,0.0,20.392,57.293570833333355,61.016,52.539,3.008912920918939,-4.803999999999995,0.7318666666666667,0.056789968876305545,0.8,0.06813333333333338,2620.506400000031,283.97699708753254,2839.4,30.19413333333333,18.85968333333334,38.54491950925844,77.25107296390108,3,100,2,90,0
52.2759805833311,73.46740754189733,189.73,0.0,189.73,-136.98499999999999,137.4540194166689,6.079536666666663,3.7452710845237043,20.347,0.0,0.0,20.347,57.28967916666669,60.937,52.535,2.9901851360210636,-4.726999999999997,0.729533333333333,0.05246547425403267,0.802,0.07246666666666701,2621.6000333333573,283.78230836286383,2839.6,30.17185000000001,18.83505,38.54839880555482,77.26514410067507,3,100,2,90,0
52.27416630555343,73.45730882380614,189.66,0.0,189.66,-136.986,137.38583369444657,6.083105000000007,3.740732185242584,20.402,0.0,0.0,20.402,57.32227916666668,60.937,52.543,2.9826341873918207,-4.780999999999999,0.7319499999999998,0.05399197209629834,0.8,0.06805000000000028,2620.782200000062,284.109338827903,2841.4,30.381399999999985,18.786250000000003,38.55985015740671,77.25203298114502,3,100,2,90,0
46.462834944443436,64.07586983213294,189.77,0.0,189.77,-136.92399999999998,143.30716505555657,7.568193333333314,2.405545888873276,19.824,0.0,0.0,19.824,57.437454166666704,61.328,52.555,3.0824487083699417,-4.792999999999999,0.6464333333333333,0.053640791038880455,0.771,0.12456666666666671,2386.3105333333483,200.17494034845157,2837.8,56.29191666666667,18.568749999999998,37.156160814814484,66.5350565120451,3,100,2,90,0
52.25050336110917,73.43569563391968,189.84,0.0,189.84,-136.836,137.58949663889084,6.082320833333327,3.749086638113703,20.444,0.0,0.0,20.444,57.35857916666668,61.328,52.539,3.0772493494288,-4.770000000000003,0.7156833333333331,0.058122165807823194,0.792,0.07631666666666692,2620.1393333333913,285.1880686821277,2843.2,30.186349999999997,18.845283333333338,38.563801120369725,77.2429044378412,3,100,2,90,0
52.25481719444222,73.4355703517994,189.72,0.0,189.72,-136.801,137.4651828055578,6.089165000000001,3.7444023885191107,20.431,0.0,0.0,20.431,57.33304583333334,61.137,52.535,3.0326425904765832,-4.815999999999995,0.7289333333333332,0.05415322475543289,0.785,0.05606666666666682,2620.6389000000295,284.48907148094224,2839.6,30.419716666666663,18.65878333333334,38.55900934259185,77.23412596507394,3,100,2,90,0
52.24363202777576,73.42888618960818,189.77,0.0,189.77,-136.74499999999998,137.52636797222425,6.082694999999996,3.7447538848844215,20.479,0.0,0.0,20.479,57.31267083333339,61.086,52.543,3.018430477599198,-4.799999999999997,0.7296333333333334,0.053044262510762975,0.796,0.06636666666666668,2620.753766666711,285.1342784875347,2841.8,30.215350000000004,18.820766666666668,38.54633262036972,77.22668433700336,3,100,2,90,0
52.249001361108625,73.43130443543515,189.73,0.0,189.73,-136.714,137.48099863889138,6.079511666666665,3.7488802551566613,20.479,0.0,0.0,20.479,57.325933333333374,61.02,52.527,3.016938437437183,-4.894999999999996,0.7283333333333334,0.05285370492495096,0.797,0.06866666666666665,2621.837600000057,285.3107204565598,2841.4,30.17926666666667,18.961716666666664,38.55148212036955,77.23303839551677,3,100,2,90,0
52.228623527775284,73.41621898969134,189.63,0.0,189.63,-136.721,137.4013764722247,6.078207499999994,3.742286163236323,20.427,0.0,0.0,20.427,57.327608333333345,60.953,52.535,2.99877438784897,-4.707000000000001,0.7249166666666668,0.05882962809029935,0.801,0.07608333333333328,2621.728133333403,286.0654271431916,2843.4,30.206350000000004,18.9165,38.54481312036954,77.21733478101797,3,100,2,90,0
52.226058388886564,73.40856947478603,189.68,0.0,189.68,-136.75,137.45394161111344,6.080069166666662,3.743761155002287,20.479,0.0,0.0,20.479,57.326387500000074,60.953,52.527,3.000997546118561,-4.909999999999997,0.7319000000000001,0.053520058017247074,0.803,0.07109999999999994,2621.5167333333798,286.44234631589666,2843.4,30.233033333333317,18.878966666666667,38.54417168518443,77.20585068780557,3,100,2,90,0
52.26859522221938,73.46950517421462,189.85,0.0,189.85,-136.60999999999999,137.58140477778062,6.101148333333332,3.745801854646851,20.479,0.0,0.0,20.479,57.34247083333332,60.937,52.523,2.9943875197429954,-4.832000000000001,0.7338000000000001,0.050104906894587235,0.796,0.06219999999999992,2604.717166666698,284.46306793350504,2833.4,30.880566666666674,18.884466666666658,38.57073812962868,77.26541193575606,3,100,1,90,1
52.22060711110859,73.54043765477931,189.8,0.0,189.8,-136.90699999999998,137.57939288889142,6.078094166666672,3.7672571822919894,20.479,0.0,0.0,20.479,57.369441666666646,60.977,52.602,2.9967933554039097,-4.8359999999999985,0.7292833333333336,0.054395317491230354,0.785,0.055716666666666415,2608.0456333333477,283.1320218106057,2827.6,29.770200000000003,18.938400000000012,38.556047648147306,77.36209015456252,3,73,1,90,0
52.21727111110793,73.5314738062171,189.77,0.0,189.77,-137.063,137.5527288888921,6.078576666666673,3.756113642965463,20.433,0.0,0.0,20.433,57.39720416666668,61.008,52.594,2.9749748671599923,-4.817,0.7320333333333333,0.055298869534118084,0.796,0.06396666666666673,2607.570300000019,283.2149745420914,2827.6,29.902416666666664,18.78425,38.56435064814709,77.34288631871667,3,73,1,90,0
52.220241805552675,73.54091284465746,189.83,0.0,189.83,-136.88,137.60975819444735,6.073848333333333,3.762285479202733,20.479,0.0,0.0,20.479,57.417854166666686,61.004,52.609,2.9775196242065087,-4.8089999999999975,0.7264333333333334,0.04712420180204887,0.781,0.05456666666666665,2607.4236333333524,283.22997145591904,2827.6,29.771833333333337,18.8363,38.5706481018509,77.35032252566224,3,73,1,90,0
52.226967249997394,73.54401399008853,189.83,0.0,189.83,-137.019,137.60303275000263,6.075047499999994,3.7657040994632527,20.479,0.0,0.0,20.479,57.43380833333337,61.02,52.687,2.977105829143784,-4.828000000000003,0.7230333333333332,0.05099849338640913,0.785,0.061966666666666836,2607.580500000012,282.94568464016686,2827.4,29.82989999999999,18.747933333333336,38.57860769444358,77.3607165829382,3,73,1,90,0
52.22227491666363,73.5356500968482,189.88,0.0,189.88,-136.947,137.65772508333637,6.073589166666669,3.760877631508629,20.479,0.0,0.0,20.479,57.430141666666685,61.07,52.676,2.977737808611435,-4.828000000000003,0.7206499999999998,0.05286914610781502,0.782,0.06135000000000024,2607.803400000041,283.4102198825858,2827.6,29.75581666666666,18.769133333333336,38.57533524999899,77.34939687446465,3,73,1,90,0
46.418216027775614,64.16378932089884,189.82,0.0,189.82,-137.029,143.4017839722244,7.595001666666667,2.4257970173336796,20.013,0.0,0.0,20.013,57.56770833333336,61.437,52.687,3.1099181140475216,-4.809000000000005,0.6434833333333336,0.05700951204208678,0.779,0.1355166666666664,2376.2288666666827,203.09761103137083,2827.6,56.61966666666664,18.758866666666666,37.19364200925855,66.64659585027461,3,73,1,90,0
52.23843183333049,73.56567013141967,189.98,0.0,189.98,-137.14100000000002,137.7415681666695,6.076157500000005,3.7655609270430275,20.479,0.0,0.0,20.479,57.496641666666704,61.422,52.684,3.077226062423885,-4.796999999999997,0.7140166666666664,0.05465624211615621,0.788,0.07398333333333362,2611.005966666739,284.1434184669928,2833.8,29.719649999999994,18.78136666666667,38.603743666665736,77.38588730057884,3,73,1,90,0
52.22889924999671,73.55044496826021,189.85,0.0,189.85,-136.87199999999999,137.62110075000328,6.078675833333333,3.764722949056402,20.479,0.0,0.0,20.479,57.45104583333338,61.207,52.617,3.0419686771952406,-4.832000000000001,0.7256166666666667,0.051443598098410016,0.804,0.07838333333333336,2611.0137000000236,283.9707681408477,2831.4,29.743849999999995,18.69055000000001,38.58620697222114,77.36661151541503,3,73,1,90,0
52.22982736110776,73.55799991958014,189.87,0.0,189.87,-136.84199999999998,137.64017263889224,6.079279166666668,3.7717899721787043,20.479,0.0,0.0,20.479,57.438245833333305,61.18,52.602,3.024721833398673,-4.934000000000005,0.7282500000000002,0.05490226292764508,0.805,0.07674999999999987,2610.6876666667154,284.1067178938476,2831.4,29.731400000000008,18.77345,38.58245078703591,77.38469215468649,3,73,1,90,0
46.441139083332345,64.19593190956026,189.88,0.0,189.88,-137.019,143.43886091666764,7.597865833333321,2.4303142764674095,19.959,0.0,0.0,19.959,57.530741666666664,61.441,52.605,3.1372434239608333,-4.895000000000003,0.6443000000000002,0.05724354748627622,0.775,0.13069999999999982,2377.221266666708,202.53237907840338,2830.2,56.600366666666694,18.805899999999998,37.189915527777444,66.68348973351395,3,73,1,90,0
52.26555852777465,73.55051186216627,189.96,0.0,189.96,-137.276,137.69444147222535,6.0968958333333205,3.777396430057015,20.479,0.0,0.0,20.479,57.45840416666663,61.43,52.609,3.1049783603742886,-4.827999999999996,0.711116666666667,0.05689809256779271,0.789,0.07788333333333308,2609.319633333376,283.7544156765404,2828.4,30.53761666666667,18.852333333333338,38.60695284259153,77.38480638479108,3,80,1,90,0
52.26160249999835,73.5315031652514,189.92,0.0,189.92,-137.03300000000002,137.65839750000163,6.107801666666671,3.7728292207932785,20.479,0.0,0.0,20.479,57.39789583333332,61.219,52.551,3.062701926326216,-4.897999999999996,0.7242166666666667,0.05177987688009227,0.791,0.0667833333333333,2609.0420000000054,283.8329156093961,2827.8,30.627966666666666,18.665100000000002,38.58909999999945,77.35611226292477,3,80,1,90,0
46.51861744444308,64.24843244937655,189.98,0.0,189.98,-136.957,143.4613825555569,7.621624999999997,2.424042593090985,19.307,0.0,0.0,19.307,57.461387500000015,61.477,52.484,3.1660605479283768,-5.0319999999999965,0.6418333333333333,0.05055863072950986,0.761,0.11916666666666675,2379.367433333405,201.55322232514789,2831.4,57.25243333333335,18.63745,37.20054331481436,66.72303367319705,3,80,1,90,0
52.271621027775915,73.5463947361991,189.96,0.0,189.96,-137.367,137.6883789722241,6.102211666666661,3.7824170986007144,20.479,0.0,0.0,20.479,57.36945000000003,61.441,52.484,3.139297667769325,-4.952999999999996,0.7107500000000002,0.05707996917795185,0.794,0.08324999999999982,2610.429766666661,284.1578911892701,2831.6,30.501483333333347,18.936100000000003,38.58109423148087,77.38589180397777,3,80,1,90,0
52.260638777775775,73.53728075282125,189.94,0.0,189.94,-137.135,137.67936122222423,6.102277500000005,3.7636210219004282,20.479,0.0,0.0,20.479,57.31634583333335,61.172,52.477,3.0785286209254323,-4.777999999999999,0.722283333333333,0.04986493338931582,0.788,0.06571666666666698,2609.373433333383,284.08939673707516,2831.4,30.506500000000003,18.845983333333336,38.55975403703638,77.350766708111,3,80,1,90,0
50.17383836110941,70.40256714209454,189.93,0.0,189.93,-137.011,139.7561616388906,6.608429999999995,3.4675068728642966,20.479,0.0,0.0,20.479,57.35030000000006,61.184,52.477,3.090476703151096,-4.8359999999999985,0.6966666666666669,0.052618765315016996,0.785,0.08833333333333315,2525.7419666666865,285.22028881958,2825.6,39.27655,18.776466666666668,38.044189453703154,73.92269278027385,3,80,1,90,0
52.2733191388867,73.54639686543649,189.93,0.0,189.93,-137.064,137.6566808611133,6.105345833333333,3.776990133906317,20.479,0.0,0.0,20.479,57.28346666666664,61.152,52.473,3.058969974407001,-4.804000000000002,0.72625,0.0488306048099109,0.786,0.05975000000000008,2609.313233333346,283.85039009815017,2828.6,30.548866666666672,18.794716666666673,38.55404387962889,77.37221760415272,3,80,1,90,0
52.27045283333126,73.54553288930944,189.88,0.0,189.88,-137.25900000000001,137.60954716666873,6.100137499999988,3.767610594251837,20.479,0.0,0.0,20.479,57.282337500000004,61.09,52.469,3.0439028512134754,-4.859999999999999,0.72215,0.05048202398639254,0.788,0.06585000000000008,2609.781333333353,283.625815371967,2829.6,30.420133333333336,18.862983333333336,38.550975944443756,77.36362550754767,3,80,1,90,0
52.2506341111087,73.52570262066418,189.91,0.0,189.91,-137.26,137.6593658888913,6.104455833333335,3.7751680812140207,20.479,0.0,0.0,20.479,57.263716666666696,61.023,52.477,3.025295666406364,-4.851999999999997,0.7229333333333334,0.05328620092518838,0.782,0.0590666666666666,2608.4167000000234,284.94734285327735,2829.4,30.448216666666674,18.82421666666666,38.53960220370291,77.35415690280338,3,80,1,90,0
52.237931972220295,73.50724604111545,189.85,0.0,189.85,-136.92100000000002,137.61206802777969,6.098926666666666,3.763849614808129,20.479,0.0,0.0,20.479,57.26780833333333,60.988,52.477,3.0255581422105893,-4.866999999999997,0.7269333333333334,0.05180892752944625,0.783,0.0560666666666666,2608.1581666667025,285.33078132657596,2831.4,30.436850000000003,18.844583333333333,38.53488899074009,77.32290458345302,3,80,1,90,0
52.260916916663675,73.49132193360354,189.88,0.0,189.88,-136.86599999999999,137.6190830833363,6.1096966666666646,3.7736871985123166,20.479,0.0,0.0,20.479,57.27715,60.965,52.477,3.012901675229796,-4.831999999999994,0.7277833333333332,0.05205475984575158,0.794,0.06621666666666681,2607.817133333369,285.41817387027896,2827.8,30.88916666666666,18.876050000000003,38.54925452777678,77.31706389196161,3,90,1,90,0
54.8607576944415,77.06612464353275,189.84,0.0,189.84,-136.994,134.9792423055585,5.493095000000006,3.926286172737989,19.068,0.0,0.0,19.068,57.289125000000034,60.953,52.484,2.994406675780389,-4.909999999999997,0.7446333333333334,0.04857877288632602,0.8,0.055366666666666675,2708.453466666684,236.0977932608562,2827.6,19.77819999999999,18.943483333333337,39.21432589814718,81.04098958915706,3,90,1,90,0
52.379218361108485,73.27271228974004,189.94,0.0,189.94,-180.269,137.5607816388915,6.126029166666666,3.7617996083737113,20.479,0.0,0.0,20.479,57.283241666666726,60.914,52.527,2.936120388738983,-4.565999999999995,0.7748166666666667,0.04941505008741004,0.893,0.1181833333333333,2606.5011666666805,294.0468380646211,2827.4,29.980133333333338,19.020733333333336,38.59616306481396,77.08392694820115,3,90,1,90,0
46.67924602777517,64.03311764995254,189.85,0.0,189.85,-137.257,143.17075397222482,7.617849166666653,2.4216116439011306,19.518,0.0,0.0,19.518,57.48274999999998,61.305,52.633,3.061862887020275,-4.725999999999999,0.6476166666666667,0.05275562197261554,0.759,0.11138333333333328,2375.0985333333597,200.58423391931476,2827.6,57.677800000000005,18.681583333333336,37.259948398147266,66.5074849158263,3,90,1,90,0
52.40072636110816,73.48687232492873,189.91,0.0,189.91,-137.151,137.50927363889184,6.104368333333332,3.7627375456612033,20.479,0.0,0.0,20.479,57.391737499999984,61.309,52.621,3.041271930608975,-4.725999999999999,0.7051999999999999,0.05828969150367173,0.792,0.0868000000000001,2608.335500000069,281.93231706383744,2827.4,30.89313333333331,18.73535,38.63227739814716,77.30789956209361,3,90,1,90,0
52.306474527775286,73.54131138261083,189.91,0.0,189.91,-137.005,137.6035254722247,6.10216749999999,3.7641453491620687,20.479,0.0,0.0,20.479,57.357029166666656,61.129,52.621,3.0041808752742103,-4.719000000000001,0.7127833333333334,0.051046370300971984,0.779,0.06621666666666659,2606.7097333334045,282.96143437016116,2825.4,30.808483333333335,18.64991666666667,38.588557064813976,77.35650310207386,3,90,1,90,0
46.51442816666473,64.18554187082285,189.92,0.0,189.92,-137.233,143.40557183333527,7.622666666666661,2.413929880943932,19.133,0.0,0.0,19.133,57.45480833333338,61.422,52.543,3.1204000341545988,-4.902000000000001,0.6318333333333334,0.05425869192781481,0.76,0.12816666666666665,2374.582000000051,200.87898766159523,2825.4,57.612300000000005,18.584883333333337,37.197301055554924,66.65373044369458,3,90,1,90,0
52.3193244999975,73.55462371100293,189.96,0.0,189.96,-137.35299999999998,137.64067550000252,6.109938333333338,3.7753412990705373,20.446,0.0,0.0,20.446,57.33633749999999,61.395,52.473,3.115021575015783,-4.886000000000003,0.7047166666666667,0.05835516379244376,0.777,0.07228333333333337,2608.6648666666747,283.0517359303497,2827.6,30.89898333333334,18.726416666666672,38.58853344444361,77.3883201738659,3,90,1,90,0
52.31437405555391,73.54722963617817,190.01,0.0,190.01,-137.31099999999998,137.69562594444608,6.106036666666669,3.7650757138821183,20.476,0.0,0.0,20.476,57.30420000000002,61.172,52.473,3.0736658529729963,-4.773000000000003,0.7171333333333333,0.05381338333526987,0.791,0.07386666666666675,2609.855766666701,283.1701559833218,2829.6,30.707666666666675,18.82298333333334,38.5748702407402,77.36611873339555,3,90,1,90,0
52.30913713888683,73.54221240614233,189.9,0.0,189.9,-136.987,137.59086286111318,6.110552500000003,3.7707757338872785,20.479,0.0,0.0,20.479,57.28676666666665,61.102,52.477,3.0410392925446654,-4.850999999999999,0.7194333333333334,0.051467075757280496,0.792,0.07256666666666667,2609.4226000000504,283.4268093211138,2831.4,30.823849999999993,18.789866666666676,38.56881876851783,77.36445521578689,3,90,1,90,0
46.527933138887526,64.173468949228,189.88,0.0,189.88,-137.075,143.35206686111246,7.622694166666661,2.4073610967560413,20.119,0.0,0.0,20.119,57.38828750000003,61.41,52.484,3.144969289060197,-4.842999999999996,0.6367666666666667,0.05459787251913594,0.775,0.13823333333333332,2375.5702000000224,200.33114244436763,2825.6,57.58051666666667,18.70455000000001,37.17963826851807,66.63542791850318,3,100,1,90,0
52.328901638886805,73.53509325849296,190.13,0.0,190.13,-136.959,137.8010983611132,6.106569166666666,3.7550593269623334,20.479,0.0,0.0,20.479,57.299483333333356,61.344,52.473,3.101665657206373,-4.777000000000001,0.7042333333333333,0.056878212642859374,0.777,0.07276666666666676,2608.2934000000273,284.5597441624043,2826.6,30.90245000000001,18.761450000000004,38.57831804629561,77.34703079809816,3,100,1,90,0
52.3223520555542,73.52858377937957,189.9,0.0,189.9,-137.095,137.5776479444458,6.106246666666664,3.760209737751622,20.479,0.0,0.0,20.479,57.24669583333336,61.145,52.477,3.0423918557882494,-4.796999999999997,0.7208166666666666,0.052155728894313955,0.801,0.0801833333333335,2605.565633333353,284.2953789564911,2825.6,30.852533333333334,18.550066666666666,38.55843151851807,77.34094924602552,3,100,1,90,0
52.30987074999772,73.51753567233862,189.88,0.0,189.88,-136.91299999999998,137.57012925000228,6.105468333333329,3.7628797177790068,20.479,0.0,0.0,20.479,57.23748333333343,61.02,52.473,3.0272493624823724,-4.769999999999996,0.7221666666666666,0.05128919887173083,0.788,0.06583333333333341,2604.2223333333686,284.67653144545454,2825.4,30.729050000000008,18.600533333333328,38.55094080555482,77.33170458898935,3,100,1,90,0
52.319589999998044,73.52743135622285,189.91,0.0,189.91,-137.048,137.59041000000195,6.106868333333335,3.7616826943857973,20.479,0.0,0.0,20.479,57.229195833333385,60.969,52.477,3.0125139988534504,-4.777999999999999,0.7187666666666666,0.05464162648231446,0.785,0.06623333333333348,2604.902133333381,284.1329588974808,2823.6,30.810699999999994,18.664450000000002,38.55188472222159,77.34375567709095,3,100,1,90,0
52.31750116666465,73.52849144117151,190.03,0.0,190.03,-137.18,137.71249883333536,6.107114166666667,3.769533211817497,20.479,0.0,0.0,20.479,57.228545833333335,60.934,52.469,3.000274802961889,-4.742999999999995,0.7099000000000003,0.04896373614857345,0.771,0.06109999999999971,2605.3220000000256,284.5305508875946,2825.6,30.815316666666664,18.72506666666667,38.55105372222155,77.34698838913759,3,100,1,90,0
52.29764438888681,73.49890114982402,189.91,0.0,189.91,-136.99,137.61235561111317,6.106054999999993,3.7579152320203915,20.479,0.0,0.0,20.479,57.233299999999964,60.926,52.484,2.9958139053767234,-4.722999999999999,0.7208500000000003,0.05540355033597134,0.789,0.06814999999999971,2604.39870000004,284.93316527989987,2825.6,30.763616666666675,18.717233333333333,38.54566646296225,77.31221993218038,3,100,1,90,0
50.21144797222103,70.35676247942995,189.95,0.0,189.95,-137.162,139.73855202777895,6.6234366666666595,3.4548146628462915,20.479,0.0,0.0,20.479,57.302974999999996,61.059,52.469,3.0484114951436343,-4.890999999999998,0.6884499999999999,0.05436518857516784,0.772,0.08355000000000012,2520.6795666666635,285.07040514896346,2823.8,39.89438333333335,18.68153333333333,38.04595321296256,73.8659423308514,3,100,1,90,0
52.307470861108825,73.51412886245704,189.84,0.0,189.84,-137.022,137.53252913889116,6.110608333333337,3.7611247031250645,20.479,0.0,0.0,20.479,57.2616458333333,61.02,52.461,3.030047758365237,-4.777999999999999,0.7227500000000003,0.04494351445453975,0.779,0.05624999999999969,2604.7613666667203,284.9003730977388,2825.6,30.988249999999997,18.78596666666667,38.55990834259182,77.32019708003665,3,100,1,90,0
52.305060111109256,73.51538857961265,189.84,0.0,189.84,-136.846,137.53493988889073,6.116355000000004,3.757640142675081,20.479,0.0,0.0,20.479,57.26888333333331,60.977,52.473,3.022078045018247,-4.883000000000003,0.7185666666666669,0.05467294644928447,0.786,0.06743333333333312,2603.9770666667087,284.43574887239765,2827.8,31.08791666666667,18.87683333333334,38.563432814814185,77.32770166873702,3,100,1,90,0
46.646351194441124,64.32207888203462,190.18,0.0,190.18,-137.049,143.53364880555887,7.737321666666656,2.4046868331451825,19.879,0.0,0.0,19.879,57.39700833333335,61.402,52.477,3.139300772280732,-4.8940000000000055,0.7061333333333334,0.20774336079596448,1.385,0.6788666666666666,2363.072766666698,200.2452888691715,2817.4,60.054999999999986,18.770383333333335,37.26022706481371,66.93450907597575,3,100,0,90,1
46.602249611108576,64.40632823038499,190.28,0.0,190.28,-137.586,143.6777503888914,7.718589166666666,2.444214533878384,20.479,0.0,0.0,20.479,57.4239208333333,61.504,52.469,3.2160071279869547,-4.800000000000004,0.6952166666666668,0.18776536852097941,1.268,0.5727833333333332,2368.343400000029,203.23206970226403,2821.0,58.98466666666669,18.816466666666667,37.24825320370285,67.03830813278435,3,73,0,90,0
46.61805208333087,64.42869944733864,190.33,0.0,190.33,-137.54399999999998,143.71194791666915,7.719023333333317,2.4423235111056925,20.249,0.0,0.0,20.249,57.41947916666665,61.613,52.461,3.237778361659338,-4.804000000000002,0.6628333333333333,0.1257364969556042,1.139,0.47616666666666674,2368.897133333365,202.36680595511285,2817.4,58.95543333333337,18.659200000000002,37.25218486111028,66.99675945539995,3,73,0,90,0
46.622303055552685,64.41668840692539,190.23,0.0,190.23,-137.625,143.6076969444473,7.72670499999998,2.4392599910755144,20.214,0.0,0.0,20.214,57.38711249999992,61.602,52.383,3.240185349031349,-4.897999999999996,0.6532833333333332,0.11808903444645984,1.016,0.3627166666666668,2370.064633333378,202.37399571475532,2819.8,58.95346666666668,18.44035,37.24537351851753,66.97403743244736,3,73,0,90,0
46.62600366666413,64.42793951154077,190.6,0.0,190.6,-137.726,143.97399633333586,7.732406666666652,2.4340224137315745,20.366,0.0,0.0,20.366,57.32915000000004,61.586,52.297,3.268037016915974,-4.805,0.6477500000000003,0.10271230596481694,0.992,0.3442499999999997,2369.7106333333627,202.71730201857093,2821.4,59.10821666666664,18.63673333333333,37.22918677777694,66.96467423123715,3,73,0,90,0
46.63992674999673,64.44423361447303,190.25,0.0,190.25,-137.834,143.61007325000327,7.7360774999999995,2.437006926975969,20.232,0.0,0.0,20.232,57.27242083333336,61.547,52.285,3.279654088362538,-4.7890000000000015,0.6416666666666668,0.08775923664104657,0.941,0.2993333333333331,2370.2948000000542,202.52143888609606,2819.8,59.15304999999999,18.633266666666668,37.216141694443365,66.96899977809005,3,73,0,90,0
46.64189427777474,64.44520602678111,190.27,0.0,190.27,-137.831,143.62810572222526,7.742034166666652,2.438786258916487,20.141,0.0,0.0,20.141,57.21303749999998,61.504,52.219,3.2718005194013933,-4.808,0.6456833333333333,0.09112265744898451,0.959,0.3133166666666667,2370.572966666721,202.58423490300873,2817.8,59.156150000000025,18.465366666666675,37.19898864814712,66.97511494314656,3,73,0,90,0
46.643676083329716,64.45313645813374,190.42,0.0,190.42,-137.7,143.77632391667026,7.740319999999989,2.4520490876421785,20.466,0.0,0.0,20.466,57.13941666666667,61.43,51.895,3.3156323076784404,-4.82,0.6623833333333337,0.12810444516119063,1.141,0.47861666666666636,2370.0799000000156,202.76868268818828,2819.4,59.05141666666667,18.839683333333333,37.174470916665456,67.0332899909371,3,73,0,90,0
46.64143172221884,64.44687282960061,190.44,0.0,190.44,-137.742,143.79856827778116,7.742927499999981,2.4515969622468874,20.375,0.0,0.0,20.375,57.10210833333338,61.422,52.117,3.2879191949569333,-4.7379999999999995,0.6503499999999999,0.10001556234838861,0.975,0.3246500000000001,2371.296266666699,202.41421873323634,2821.4,59.02223333333335,18.615666666666666,37.162155851850734,66.99848535419588,3,73,0,90,0
46.65358541666293,64.46058903341937,190.33,0.0,190.33,-137.724,143.67641458333708,7.745993333333308,2.4420690403058303,20.281,0.0,0.0,20.281,57.028820833333306,61.344,52.062,3.276090809618927,-4.719000000000001,0.6445666666666667,0.10153806444419475,0.997,0.35243333333333327,2372.0398000000105,202.38340113787996,2821.0,59.11493333333331,18.572766666666666,37.14279986110984,67.00419613816939,3,73,0,90,0
52.393900361107015,73.74025170351688,190.34,0.0,190.34,-137.66299999999998,137.94609963889297,6.160422500000005,3.8090983814274533,20.479,0.0,0.0,20.479,56.90382916666666,61.219,52.047,3.1851216118055734,-4.7379999999999995,0.72685,0.08571787088950884,1.001,0.2741499999999999,2602.245366666701,282.5405882568632,2819.6,30.832716666666666,18.644666666666676,38.48605067592456,77.63506795583383,3,73,0,90,0
46.65837069444135,64.4092049421633,190.33,0.0,190.33,-137.589,143.67162930555867,7.765554999999992,2.4392566992177964,19.503,0.0,0.0,19.503,56.98017083333332,61.168,52.039,3.2270727152647174,-4.699000000000005,0.6753166666666669,0.14463823856953312,1.129,0.4536833333333331,2369.0580000000377,201.4352836974025,2817.6,59.826649999999994,18.68761666666667,37.134698842591554,66.99309987995062,3,80,0,90,0
46.66800872221927,64.42160298697313,190.27,0.0,190.27,-137.685,143.60199127778074,7.765319166666648,2.4403123319629763,19.338,0.0,0.0,19.338,56.96383333333335,61.172,52.0,3.2482819567966636,-4.704000000000001,0.6603166666666669,0.1280433575490325,1.057,0.39668333333333305,2370.2828000000036,201.18321863101917,2819.4,59.75676666666668,18.594849999999994,37.13238707407309,66.98995867648513,3,80,0,90,0
46.67613474999701,64.43418942408216,190.25,0.0,190.25,-137.54500000000002,143.573865250003,7.770215833333316,2.4558684612912955,20.479,0.0,0.0,20.479,56.92492083333328,61.184,51.953,3.2684546036006785,-4.715000000000003,0.6518166666666669,0.1264327370804323,1.026,0.3741833333333331,2372.5397666666913,201.4689773722482,2821.4,59.90366666666668,18.61543333333333,37.12375713888787,67.0164906224539,3,80,0,90,0
46.69446252777517,64.45570099790902,190.33,0.0,190.33,-137.808,143.63553747222483,7.7672566666666505,2.4378242481790457,19.433,0.0,0.0,19.433,56.88484166666664,61.18,51.867,3.289089673236556,-4.801000000000002,0.6427833333333334,0.09635722584088552,0.994,0.3512166666666666,2372.7662000000287,201.6268749539041,2821.6,59.643399999999964,18.69998333333334,37.115520287036155,66.98988247192895,3,80,0,90,0
46.695122916664694,64.45515025356549,190.34,0.0,190.34,-137.712,143.6448770833353,7.773284999999993,2.4428261795636015,19.516,0.0,0.0,19.516,56.8191125,61.172,51.562,3.340667567868176,-4.7890000000000015,0.6537666666666666,0.12354047805279908,1.124,0.4702333333333335,2373.342300000005,201.53306565789373,2821.6,59.730350000000016,19.05286666666667,37.09584013888823,67.02151691118189,3,80,0,90,0
46.69928072222065,64.46561002152588,190.39,0.0,190.39,-137.705,143.69071927777935,7.778234166666659,2.4424536626606677,19.606,0.0,0.0,19.606,56.7816416666667,61.18,51.574,3.325271911481212,-4.812000000000005,0.6371166666666668,0.08042073509219101,0.899,0.26188333333333325,2374.532900000017,200.9194732142941,2823.4,59.70946666666665,18.97069999999999,37.086385518518,66.98848441927873,3,80,0,90,0
46.70755049999884,64.46902200870821,190.35,0.0,190.35,-137.845,143.64244950000116,7.780597499999997,2.450327214892694,19.819,0.0,0.0,19.819,56.70016250000001,61.09,51.246,3.371609541179028,-4.7890000000000015,0.6529500000000004,0.1299409807357797,1.164,0.5110499999999996,2375.368100000028,201.65136422674095,2827.4,59.73451666666667,19.41808333333334,37.06277016666628,67.04929020433669,3,80,0,90,0
46.70664311110947,64.4742740211175,190.39,0.0,190.39,-137.96699999999998,143.6833568888905,7.787462499999997,2.453983718773161,19.66,0.0,0.0,19.66,56.675449999999955,61.07,51.402,3.3381114191803007,-4.7109999999999985,0.6324000000000001,0.07481982878663261,0.89,0.25759999999999994,2374.957566666743,201.71709892176168,2825.0,59.826849999999986,19.141633333333335,37.056518537036474,67.00307756867728,3,80,0,90,0
46.70805813888749,64.46869342814206,190.36,0.0,190.36,-137.835,143.65194186111253,7.788769166666666,2.4583220792688025,19.603,0.0,0.0,19.603,56.66348333333328,61.016,51.656,3.2929818347111786,-4.733999999999995,0.6378833333333332,0.0931497958305698,0.921,0.2831166666666668,2375.746700000009,202.23141116813147,2827.0,59.79686666666665,18.724783333333335,37.053436879629146,67.02016530324143,3,80,0,90,0
46.70288033333176,64.46189231555067,190.36,0.0,190.36,-137.857,143.65711966666825,7.789998333333331,2.453425420082531,19.656,0.0,0.0,19.656,56.62673749999996,60.988,51.641,3.294028606765003,-4.777999999999999,0.6240333333333333,0.0825520825157283,0.893,0.2689666666666667,2376.6379333333443,201.59964442057094,2823.8,59.742166666666655,18.71078333333334,37.039872055555016,66.99786981814893,3,80,0,90,0
46.733303749998726,64.44788570501089,190.39,0.0,190.39,-137.623,143.65669625000126,7.7930241666666715,2.4330354254306434,19.381,0.0,0.0,19.381,56.58233333333343,60.934,51.562,3.2955040778184013,-4.770000000000003,0.6262999999999999,0.07901089819701017,0.844,0.21770000000000012,2376.574433333354,200.68298114895717,2823.8,59.94653333333334,18.653699999999997,37.036220416666275,66.95993202863855,3,90,0,90,0
46.72966961111021,64.45029070668265,190.42,0.0,190.42,-137.912,143.69033038888978,7.797821666666661,2.441609031373019,19.489,0.0,0.0,19.489,56.49740833333337,60.937,51.168,3.3744264375382436,-5.120999999999995,0.6291000000000001,0.08964973271723228,0.934,0.30489999999999995,2376.7427000000357,201.1372899579089,2825.4,60.0534833333333,19.401683333333335,37.00829987037008,66.9815494707729,3,90,0,90,0
46.733494444443004,64.44997118296794,190.35,0.0,190.35,-137.82999999999998,143.61650555555698,7.800810833333329,2.444450591774969,19.549,0.0,0.0,19.549,56.477266666666694,60.922,51.301,3.331716049806938,-4.640000000000001,0.6459833333333337,0.10695230865990513,1.101,0.4550166666666663,2376.4328666667147,200.96298918031053,2823.8,60.02230000000002,19.0202,37.00385731481435,67.00137408340281,3,90,0,90,0
46.73712019444256,64.44852843948266,190.31,0.0,190.31,-137.941,143.57287980555745,7.798225833333354,2.4343989100413093,19.283,0.0,0.0,19.283,56.422587500000034,60.852,51.148,3.3549059039130857,-5.007999999999996,0.6391333333333331,0.10027411019371474,0.942,0.30286666666666684,2376.9245333333697,200.50706489288822,2825.8,59.98551666666667,19.32858333333333,36.985977842591986,66.98320145971768,3,90,0,90,0
46.731195444443074,64.44628497536964,190.35,0.0,190.35,-137.74699999999999,143.61880455555692,7.799660000000013,2.437954811404847,19.386,0.0,0.0,19.386,56.3652208333334,60.773,51.125,3.3741844930100657,-5.051000000000002,0.6293833333333333,0.09363725386156121,1.055,0.42561666666666664,2375.2318666666883,200.71148698571514,2823.6,60.01036666666666,19.52373333333334,36.96535875925883,66.97787704063605,3,90,0,90,0
46.7311065833324,64.45010126431167,190.39,0.0,190.39,-137.789,143.65889341666758,7.8025258333333385,2.444693333647179,19.433,0.0,0.0,19.433,56.34919583333333,60.758,51.082,3.37085704669766,-4.7109999999999985,0.6180833333333333,0.06591090331000816,0.811,0.19291666666666674,2376.106166666711,200.57222560693617,2822.6,60.01840000000001,19.469816666666663,36.960942749999695,66.96070550126886,3,90,0,90,0
46.73903419444411,64.45521210383875,190.38,0.0,190.38,-137.828,143.64096580555588,7.806071666666676,2.44466748232007,19.296,0.0,0.0,19.296,56.340025,60.73,51.152,3.3264155333673537,-4.769999999999996,0.6246166666666666,0.08929537571618021,0.947,0.32238333333333336,2376.5991333333845,201.01486910719464,2825.8,60.034683333333334,19.105883333333338,36.96171028703693,66.989174961875,3,90,0,90,0
46.74811244444295,64.465743905275,190.36,0.0,190.36,-137.781,143.61188755555708,7.809795,2.4455310138273294,19.473,0.0,0.0,19.473,56.2715875,60.691,50.91,3.3988237801548387,-5.106000000000002,0.6207999999999998,0.08121864192788605,0.874,0.2532000000000002,2377.650866666693,200.68410667271934,2825.6,60.05478333333333,19.691200000000006,36.94316498148098,66.99249356103023,3,90,0,90,0
46.75132361110965,64.46803458147102,190.37,0.0,190.37,-137.968,143.61867638889035,7.808932500000008,2.448388192306782,19.367,0.0,0.0,19.367,56.224000000000004,60.664,50.836,3.4423529658392957,-5.090000000000003,0.6238499999999997,0.08654573102887303,0.92,0.29615000000000036,2378.1141333333703,200.66877058018582,2827.4,59.99461666666665,20.133799999999994,36.928085370369885,67.00296850480667,3,90,0,90,0
46.754374583331966,64.4718351985711,190.34,0.0,190.34,-137.86800000000002,143.58562541666805,7.813757499999997,2.4583242094211126,20.479,0.0,0.0,20.479,56.20158750000003,60.641,50.836,3.423818197087138,-5.059000000000005,0.61875,0.07544683277826304,0.878,0.25925,2379.6531666667083,200.58483219274046,2829.2,60.05944999999999,20.008916666666657,36.923239861110666,67.00560624077048,3,90,0,90,0
46.76458641666459,64.45304977070991,190.48,0.0,190.48,-137.946,143.7154135833354,7.813617500000003,2.429465208406876,20.244,0.0,0.0,20.244,56.16871249999996,60.594,50.836,3.4413252088619197,-5.027000000000001,0.6456999999999999,0.12720386679976975,1.105,0.45930000000000004,2377.4289666666837,199.84764991061238,2827.4,60.09511666666667,20.084650000000007,36.915638805554856,67.00971884591657,3,100,0,90,0
46.77456038888761,64.46662393919621,190.37,0.0,190.37,-137.714,143.5954396111124,7.813085000000003,2.4346313487422617,20.247,0.0,0.0,20.247,56.141141666666584,60.594,50.781,3.449559989637229,-5.0589999999999975,0.6273000000000001,0.08731247217099153,0.911,0.28369999999999995,2380.678866666691,199.96719869387195,2831.0,59.955233333333354,20.138233333333336,36.90959568518473,66.98856776010946,3,100,0,90,0
46.7717571388876,64.4562178080357,190.41,0.0,190.41,-137.894,143.6382428611124,7.8119916666666676,2.443130843172603,20.258,0.0,0.0,20.258,56.088899999999974,60.586,50.754,3.4604549411890915,-5.241999999999997,0.6059500000000003,0.0780489687659211,0.857,0.25104999999999966,2379.604233333377,200.33643332279402,2831.0,59.82015,20.216266666666662,36.89088293518475,66.97739761997423,3,100,0,90,0
46.774620249998165,64.4572357164508,190.31,0.0,190.31,-138.1,143.53537975000182,7.8102266666666615,2.4415019226535173,20.188,0.0,0.0,20.188,56.06076250000006,60.582,50.738,3.4802695595249613,-5.234000000000002,0.6277666666666667,0.09419028102489145,0.988,0.3602333333333333,2380.6231666666927,199.88534507353978,2830.0,59.776083333333325,20.419316666666663,36.88186980555496,66.9929279201292,3,100,0,90,0
46.77243941666533,64.46692538427111,190.41,0.0,190.41,-137.942,143.63756058333468,7.805972499999999,2.440078443565434,20.248,0.0,0.0,20.248,56.04419999999997,60.508,50.711,3.464724100060458,-5.152000000000001,0.6268,0.08333550731627556,0.949,0.32219999999999993,2381.3405666666713,200.3378768776161,2827.6,59.81391666666669,20.457500000000007,36.87420397222177,66.99033933515283,3,100,0,90,0
46.776016888888556,64.46408981797966,190.48,0.0,190.48,-137.859,143.70398311111143,7.814975833333338,2.4317663285109665,20.479,0.0,0.0,20.479,56.052408333333304,60.508,50.719,3.434129357412867,-4.772999999999996,0.61695,0.062198540775296914,0.796,0.17905000000000004,2382.8863333333725,200.6305369461026,2831.4,59.997783333333324,20.134133333333327,36.88113368518506,66.95805468726591,3,100,0,90,0
46.78097344444321,64.46439749805904,190.35,0.0,190.35,-137.962,143.56902655555677,7.818090833333338,2.4410151870759806,20.358,0.0,0.0,20.358,56.03387916666667,60.48,50.738,3.4074557432550727,-5.106000000000002,0.6160666666666667,0.0645618522686701,0.789,0.17293333333333338,2386.2609666666967,200.27317259269216,2832.4,59.749816666666675,19.895649999999996,36.8776478148144,66.96997453740369,3,100,0,90,0
46.77689399999865,64.46119519006051,190.39,0.0,190.39,-137.831,143.61310600000132,7.816115000000003,2.444276823745813,20.276,0.0,0.0,20.276,55.988845833333336,60.434,50.66,3.4492873008902847,-5.077999999999996,0.6205333333333336,0.07819173883856831,0.877,0.2564666666666664,2383.6684333334106,200.82547651019814,2836.0,59.830200000000005,20.284016666666666,36.86061827777733,66.98366375264489,3,100,0,90,0
46.77761730555429,64.46418304890078,190.42,0.0,190.42,-137.917,143.6423826944457,7.808635000000016,2.441447793055078,20.276,0.0,0.0,20.276,55.99685416666666,60.422,50.676,3.4249964187110336,-5.051000000000002,0.6205166666666666,0.07244857712670151,0.824,0.20348333333333335,2379.5890000000304,200.2246944153217,2829.0,59.891683333333354,20.130450000000003,36.86103549074032,66.97807941908256,3,100,0,90,0
46.78151038888731,64.47112847504665,190.5,0.0,190.5,-137.781,143.7184896111127,7.8173166666666765,2.4319936562435553,20.301,0.0,0.0,20.301,55.95355416666667,60.418,50.582,3.438803114308579,-5.106000000000002,0.61805,0.07453799508884316,0.893,0.27495,2379.244233333379,199.95808358072725,2829.4,60.157733333333326,20.179266666666667,36.85079374074022,66.97766012637905,3,100,0,90,0
46.79383191666482,64.47508605579321,190.42,0.0,190.42,-137.71,143.62616808333516,7.805260000000009,2.428039849410481,20.327,0.0,0.0,20.327,55.69008333333329,60.344,48.586,3.788924813174369,-7.2379999999999995,0.6351166666666669,0.08485023529359557,0.9,0.26488333333333314,2380.354000000041,199.86677524117798,2827.6,59.98041666666665,22.752249999999997,36.76305841666604,66.9879761404973,20,100,0,90,1
46.83619041666472,64.52643551141,190.52,0.0,190.52,-138.05,143.6838095833353,7.808966666666677,2.4415147383137774,20.479,0.0,0.0,20.479,54.95223750000001,60.164,47.898,4.283362820511981,-7.464999999999996,0.6116499999999998,0.049703127139624007,0.753,0.1413500000000002,2384.1337333333404,199.4670412678602,2831.6,59.835233333333335,27.27303333333333,36.53246486111047,67.0176533768634,20,100,0,90,1
46.879487527775616,64.56698696279224,190.47,0.0,190.47,-137.96099999999998,143.5905124722244,7.835605,2.4434108785144386,20.458,0.0,0.0,20.458,54.38460833333333,59.594,47.465,4.275633178381991,-6.9609999999999985,0.6125500000000001,0.05096839333002433,0.745,0.13244999999999985,2390.7926000000284,198.91255594538384,2837.8,59.928900000000006,27.887016666666668,36.36656695370298,67.06136623463671,20,100,0,90,1
46.927740499997476,64.61218502757256,190.56,0.0,190.56,-138.121,143.63225950000253,7.858298333333334,2.4510154289990806,20.287,0.0,0.0,20.287,53.81084166666665,58.937,47.039,4.231759119656055,-6.632999999999996,0.6044833333333332,0.04445431540572962,0.712,0.10751666666666682,2395.207333333374,199.17610773685792,2843.4,59.862016666666676,28.084533333333344,36.19896016666582,67.10765477197738,20,100,0,90,1
46.9549334999971,64.62673319833087,190.59,0.0,190.59,-138.23600000000002,143.6350665000029,7.877848333333347,2.469310872251015,20.343,0.0,0.0,20.343,53.344475,58.414,46.738,4.170323717329649,-6.3629999999999995,0.6081499999999999,0.053476376853297876,0.751,0.14285000000000014,2400.387166666701,200.33619022406094,2851.2,59.736983333333335,28.00209999999999,36.05908561111015,67.14952044743518,20,100,0,90,1
46.98057274999754,64.6432162605224,190.58,0.0,190.58,-138.25400000000002,143.59942725000246,7.897765833333336,2.47329413486628,20.396,0.0,0.0,20.396,52.912974999999975,57.898,46.461,4.0798084138759565,-6.027000000000001,0.6003999999999999,0.04510109172266532,0.717,0.11660000000000004,2401.932533333353,199.73700974137373,2847.4,59.77019999999998,27.675449999999987,35.930437861110285,67.16161148711134,20,100,0,90,1
47.02116788888696,64.68870725099875,190.66,0.0,190.66,-138.322,143.63883211111303,7.916822499999994,2.474351975246904,20.107,0.0,0.0,20.107,52.53497500000002,57.484,46.309,3.9784585027306485,-5.7890000000000015,0.6026999999999999,0.04521972720852658,0.729,0.12630000000000008,2406.4545666666445,198.75439569339542,2851.8,59.795449999999995,27.108316666666664,35.824321796295656,67.20827895345418,20,100,0,90,1
47.06449224999796,64.71804191613445,190.65,0.0,190.65,-138.441,143.58550775000205,7.934339166666686,2.4805567191990607,19.946,0.0,0.0,19.946,52.192520833333305,57.059,45.984,3.9193934270986674,-5.633000000000003,0.5986500000000002,0.041560992549443704,0.703,0.10434999999999972,2410.4273666666427,199.23900952093865,2855.4,59.81478333333328,26.844983333333335,35.730450749999314,67.24015962788296,20,100,0,90,1
47.07729630555394,64.73422160724174,190.7,0.0,190.7,-138.452,143.62270369444605,7.939656666666692,2.498636382829687,20.199,0.0,0.0,20.199,51.839408333333296,56.684,45.805,3.8884856191031627,-5.555,0.5924999999999998,0.04394777331857686,0.706,0.11350000000000016,2412.3623333334017,200.55872739693496,2861.0,59.65653333333333,26.952383333333326,35.61878710185131,67.27680576339,20,100,0,90,1
47.11016880555371,64.76566082455767,190.81,0.0,190.81,-138.605,143.6998311944463,7.953817500000018,2.5015484630766904,20.368,0.0,0.0,20.368,51.531229166666684,56.348,45.57,3.8226224652869476,-5.313000000000002,0.5932499999999999,0.040893257079575744,0.693,0.09975,2413.995500000084,199.26137440299738,2863.0,59.70140000000001,26.717333333333332,35.53173849074014,67.30810254471393,20,100,0,90,1
47.13301999999769,64.78153979579281,190.77,0.0,190.77,-138.708,143.63698000000232,7.961445833333354,2.5107004107472504,20.359,0.0,0.0,20.359,51.236762500000026,55.949,45.32,3.7861316860609278,-5.344000000000001,0.5962499999999998,0.043374453545133945,0.712,0.11575000000000013,2416.6406333333725,199.5471766480722,2866.8,59.58496666666667,26.626766666666676,35.443742777777025,67.3356146600852,20,100,0,90,1
47.164728527775516,64.81436213316302,190.8,0.0,190.8,-138.471,143.6352714722245,7.970788333333348,2.5130865644191624,20.421,0.0,0.0,20.421,51.004845833333306,55.672,45.305,3.752032997205176,-5.170999999999999,0.5957166666666667,0.037434277624163376,0.689,0.09328333333333327,2419.389900000039,198.9959461289416,2865.4,59.6111,26.53508333333333,35.38012089814739,67.36488297520634,20,100,0,90,1
47.19140866666521,64.84662156609417,190.82,0.0,190.82,-138.654,143.62859133333478,7.987800833333336,2.5065681627399155,20.038,0.0,0.0,20.038,50.78877500000003,55.434,45.133,3.716561028991395,-5.104999999999997,0.5951000000000001,0.041090928521751134,0.692,0.09689999999999988,2420.1747666667106,199.47824460733597,2867.0,59.917699999999975,26.40728333333333,35.322661499999526,67.39428065735584,20,100,0,90,1
47.21144430555321,64.86450307864891,190.72,0.0,190.72,-138.552,143.50855569444678,7.9929891666666695,2.513263820528123,20.276,0.0,0.0,20.276,50.55569166666662,55.238,44.898,3.683750668005461,-5.035000000000004,0.6020500000000001,0.04194888940167425,0.71,0.10794999999999988,2422.4924000000456,198.77591094672945,2871.4,59.74761666666666,26.390799999999995,35.253375046295496,67.41971578857871,20,100,0,90,1
47.22669627777512,64.8751841417101,190.84,0.0,190.84,-138.784,143.61330372222488,7.996241666666677,2.527823050784466,20.433,0.0,0.0,20.433,50.36159583333336,54.988,44.809,3.6587343867727373,-5.0,0.59755,0.04334975025830746,0.716,0.11844999999999994,2422.360800000006,200.03529216043756,2867.8,59.66345000000001,26.32735000000001,35.19484459259172,67.44635694275286,20,100,0,90,1
47.24219616666492,64.89473431687288,190.8,0.0,190.8,-138.707,143.5578038333351,8.007217500000012,2.5322178199686713,20.282,0.0,0.0,20.282,50.15922916666671,54.742,44.621,3.648680912786133,-5.007999999999996,0.5929833333333334,0.04335798625110963,0.697,0.10401666666666654,2422.9125333333786,199.301858248652,2865.8,59.66116666666667,26.348433333333332,35.13621427777721,67.47031012309266,20,100,0,90,1
47.26973461110882,64.92193258887588,190.79,0.0,190.79,-138.582,143.52026538889118,8.017062500000009,2.5289505051453616,20.149,0.0,0.0,20.149,49.99363333333331,54.57,44.484,3.62232813074,-4.871000000000002,0.5928833333333333,0.04451436319968473,0.704,0.11111666666666664,2425.557000000002,198.0654071477015,2867.8,59.71165,26.291849999999993,35.093476814814046,67.49539745722092,20,100,0,90,1
47.282734388886574,64.93754607169964,190.77,0.0,190.77,-138.78500000000003,143.48726561111343,8.023585000000013,2.533607644418306,20.098,0.0,0.0,20.098,49.83825416666666,54.418,44.379,3.6028959838848893,-4.847999999999999,0.5932999999999996,0.04408285726997225,0.692,0.09870000000000034,2426.825600000035,199.5386646853789,2871.0,59.66361666666668,26.2481,35.048191185184415,67.51523657338792,20,100,0,90,1
47.2921398055536,64.9439365530259,190.88,0.0,190.88,-138.965,143.5878601944464,8.03007583333335,2.538574931725664,20.057,0.0,0.0,20.057,49.68114583333331,54.219,44.223,3.6127043764606657,-4.850999999999999,0.5953666666666665,0.040783831403569754,0.701,0.10563333333333347,2426.378766666699,199.2045588631383,2871.2,59.683200000000014,26.389883333333326,35.001120490740085,67.52329531615514,20,100,0,90,1
47.30241997222041,64.95703732421005,190.82,0.0,190.82,-138.76,143.5175800277796,8.037185833333337,2.5443519663639154,20.186,0.0,0.0,20.186,49.55709583333333,54.121,44.129,3.6039386327463756,-4.847999999999999,0.5954333333333331,0.04542282210917306,0.718,0.12256666666666682,2428.621966666695,199.23777310666847,2875.0,59.64573333333336,26.359750000000002,34.96556721296236,67.54681211268314,20,100,0,90,1
47.31363316666501,64.96696818796352,190.85,0.0,190.85,-139.076,143.536366833335,8.0488625,2.5409798396908188,20.302,0.0,0.0,20.302,49.441037500000036,53.98,43.973,3.595044753687309,-4.8430000000000035,0.5924666666666668,0.04235462341107267,0.693,0.10053333333333314,2430.6573333332894,198.70728101945315,2874.0,59.71363333333337,26.317333333333337,34.934511055555014,67.55030265106541,20,100,0,90,1
47.32795169444299,64.98718995037933,190.93,0.0,190.93,-139.03400000000002,143.60204830555702,8.055776666666667,2.544565899743478,19.988,0.0,0.0,19.988,49.33169166666658,53.895,43.973,3.5892362733416823,-4.722999999999999,0.5953333333333332,0.03766339168803479,0.684,0.0886666666666669,2432.673466666634,198.92655459994037,2875.0,59.68174999999997,26.377233333333326,34.905140009258744,67.56941924181083,20,100,0,90,1
47.333745388886534,64.98781357858392,190.94,0.0,190.94,-138.95,143.60625461111346,8.05953583333333,2.5540088657744873,20.093,0.0,0.0,20.093,49.24029583333333,53.766,43.895,3.568593654289969,-4.686999999999998,0.5955166666666666,0.04692528921979684,0.717,0.12148333333333339,2433.4087000000313,198.887037234473,2875.2,59.59139999999997,26.309216666666664,34.87785901851773,67.58874773357822,20,100,0,90,1
47.347271583331725,65.00145208857118,190.84,0.0,190.84,-138.93300000000002,143.49272841666829,8.0663325,2.5543147479908552,20.123,0.0,0.0,20.123,49.1326541666667,53.711,43.812,3.56511632389624,-4.722999999999999,0.6003499999999999,0.04944225359627093,0.725,0.12465000000000004,2434.1608999999744,198.71092938428455,2877.0,59.663950000000014,26.273300000000003,34.84875274999948,67.60520909015831,20,100,0,90,1
47.35112105555442,65.01372640604693,190.87,0.0,190.87,-139.04999999999998,143.5188789444456,8.0691725,2.5600433970096215,20.056,0.0,0.0,20.056,49.05233333333335,53.605,43.742,3.552937949433455,-4.7379999999999995,0.5885499999999998,0.04203042683177292,0.7,0.11145000000000016,2436.6641333333228,198.9697223666254,2879.2,59.55965000000001,26.220433333333332,34.824208962962594,67.61580022988832,20,100,0,90,1
47.36733594444256,65.03198242428513,190.9,0.0,190.9,-139.00400000000002,143.53266405555746,8.079318333333333,2.554509727969171,19.986,0.0,0.0,19.986,48.96742083333332,53.473,43.652,3.53607488614155,-4.7109999999999985,0.6002333333333334,0.04131990396015988,0.705,0.10476666666666656,2437.5809666666687,198.49896769948666,2878.0,59.68061666666666,26.12753333333333,34.80469170370307,67.62781205621447,20,100,0,90,1
47.378977694442895,65.0368544473938,191.23,0.0,191.23,-139.018,143.85102230555708,8.080764999999987,2.566324316707413,20.123,0.0,0.0,20.123,48.88326250000001,53.465,43.559,3.5570995356522785,-4.754000000000005,0.5925499999999999,0.044884569467370246,0.701,0.10845000000000005,2438.961299999964,198.60167471560584,2881.4,59.57365,26.345899999999993,34.78100173148096,67.64806333356857,20,100,0,90,1
47.380277416665436,65.04274780445002,190.96,0.0,190.96,-138.905,143.57972258333456,8.081099999999994,2.5657081742401653,19.992,0.0,0.0,19.992,48.81306250000001,53.383,43.484,3.545898481640797,-4.742999999999995,0.5947833333333333,0.04678442869547068,0.713,0.11821666666666664,2439.9898333333035,198.587412718062,2881.2,59.541549999999965,26.272216666666665,34.75814663888848,67.65524040738566,20,100,0,90,1
47.3876625555539,65.04968244964886,190.85,0.0,190.85,-139.028,143.4623374444461,8.08560333333334,2.564918208020238,20.009,0.0,0.0,20.009,48.739216666666714,53.293,43.406,3.5389132735742557,-4.649000000000001,0.5871666666666664,0.044801697405293474,0.705,0.11783333333333357,2439.2570333333174,199.481645174836,2881.2,59.598766666666656,26.310299999999998,34.73749418518465,67.65940235507438,20,100,0,90,1
47.40004469444299,65.0646079867016,190.94,0.0,190.94,-138.94,143.53995530555702,8.086590000000006,2.5701887080970063,20.006,0.0,0.0,20.006,48.67550416666664,53.234,43.312,3.548177494343162,-4.786000000000001,0.5864499999999998,0.040460663047425315,0.696,0.10955000000000015,2438.8744000000584,198.10996227053246,2881.2,59.56353333333335,26.333033333333344,34.72071295370321,67.67525735784604,20,100,0,90,1
47.399164222220584,65.06656848301832,190.94,0.0,190.94,-139.106,143.54083577777942,8.088722500000012,2.5620375603955954,20.153,0.0,0.0,20.153,48.62144583333329,53.211,43.301,3.5590505722921657,-4.839000000000006,0.5890333333333334,0.03798749422525951,0.691,0.10196666666666654,2437.024833333372,198.4709726663761,2881.0,59.74896666666667,26.399700000000003,34.7031108518513,67.66659353763917,20,100,0,90,1
47.406703111109834,65.06531888934786,190.92,0.0,190.92,-139.18800000000002,143.51329688889015,8.08516,2.5704479667997604,20.04,0.0,0.0,20.04,48.565712499999954,53.172,43.242,3.5428110196822535,-4.668000000000006,0.5953333333333332,0.04350439941387056,0.707,0.1116666666666668,2436.215500000005,197.73977058049854,2877.4,59.62331666666667,26.28340000000001,34.6858585370366,67.6792712555615,20,100,0,90,1
47.39958769444337,65.06130884536563,190.98,0.0,190.98,-139.07399999999998,143.58041230555662,8.084871666666661,2.564299176920376,19.776,0.0,0.0,19.776,48.52796666666668,53.086,43.242,3.5268461640668463,-4.571000000000005,0.5917833333333333,0.04310062788746568,0.695,0.10321666666666662,2437.041200000042,199.73062264667993,2882.0,59.56933333333332,26.240050000000007,34.67080867592557,67.66870865017347,20,100,0,90,1
47.412736583331785,65.08207925060233,190.94,0.0,190.94,-139.147,143.5272634166682,8.088768333333327,2.559851629483246,19.811,0.0,0.0,19.811,48.46385833333331,53.031,43.16,3.52415386395572,-4.6640000000000015,0.6027500000000001,0.034324782271211905,0.686,0.08324999999999994,2436.307066666688,198.11509789866628,2877.0,59.71340000000003,26.25578333333333,34.65512108333281,67.6762556623568,20,100,0,90,1
47.42072849999888,65.08927101605443,190.96,0.0,190.96,-139.128,143.53927150000112,8.085225000000001,2.5678140642575413,19.902,0.0,0.0,19.902,48.42147083333339,52.969,43.129,3.5369048946014043,-4.640999999999998,0.6094166666666667,0.042054964706883004,0.712,0.10258333333333325,2437.447866666666,198.0836877181096,2879.2,59.58691666666667,26.484183333333338,34.64247477777742,67.69914004501885,20,100,0,90,1
47.42745319444372,65.0937128980096,190.96,0.0,190.96,-139.101,143.53254680555628,8.089635833333325,2.569822724543262,19.789,0.0,0.0,19.789,48.378850000000014,52.953,43.07,3.532000675592367,-4.570999999999998,0.6100833333333333,0.03946948689152452,0.702,0.09191666666666665,2439.7412333332936,198.4861254852521,2881.4,59.56421666666666,26.410149999999998,34.631979675925685,67.70300510944438,20,100,0,90,1
47.43344533333244,65.0928641779529,190.95,0.0,190.95,-139.185,143.51655466666756,8.095722499999983,2.5751192421749978,20.201,0.0,0.0,20.201,48.3273625,52.926,43.047,3.5409350380030618,-4.672000000000004,0.6102000000000001,0.04078874886409615,0.715,0.1047999999999999,2440.3606333332887,198.20589520264292,2881.2,59.608616666666656,26.532299999999996,34.61884344444414,67.708772168992,20,100,0,90,1
47.4371335277762,65.10308875960733,190.94,0.0,190.94,-139.176,143.5028664722238,8.096301666666658,2.567656807005697,19.857,0.0,0.0,19.857,48.29934583333331,52.855,43.043,3.528622683580493,-4.660000000000004,0.6116833333333334,0.04186074236575874,0.716,0.10431666666666661,2439.911233333321,198.0389141618366,2879.0,59.63730000000001,26.441183333333345,34.610927009258724,67.71260630897878,20,100,0,90,1
47.44246816666572,65.10652885703368,190.96,0.0,190.96,-139.204,143.5175318333343,8.09843833333332,2.575244543387241,19.987,0.0,0.0,19.987,48.27289583333332,52.816,43.043,3.5135066072914216,-4.600999999999999,0.6018166666666668,0.04570780138384072,0.713,0.11118333333333319,2440.119300000001,198.07923742337655,2879.2,59.60170000000002,26.401300000000013,34.604600777777456,67.72748120180476,20,100,0,90,1
47.453954305554134,65.11512312514604,190.92,0.0,190.92,-139.12099999999998,143.46604569444585,8.109017500000002,2.5672703158392265,20.008,0.0,0.0,20.008,48.24379999999999,52.777,42.988,3.502440657933136,-4.573999999999998,0.6016999999999999,0.044227953427744986,0.705,0.10330000000000006,2441.2920999999305,197.85244323941507,2883.0,59.80176666666668,26.31393333333334,34.60225726851804,67.72662139441302,20,100,0,90,1
47.4591733055542,65.12215926205037,190.95,0.0,190.95,-139.181,143.4908266944458,8.107809166666662,2.574730832235613,20.059,0.0,0.0,20.059,48.197374999999994,52.711,42.918,3.5180325177611853,-4.653000000000006,0.5951666666666664,0.05009725005703243,0.723,0.12783333333333358,2442.8962333332934,197.95661215494047,2883.0,59.64658333333331,26.4865,34.58811915740696,67.74698734434303,20,100,0,90,1
47.46988058333225,65.1341963570922,190.96,0.0,190.96,-139.14200000000002,143.49011941666777,8.109109999999989,2.579845448215952,20.113,0.0,0.0,20.113,48.18252083333336,52.711,42.891,3.523783330726686,-4.581999999999994,0.5963999999999999,0.04005047662595417,0.694,0.09760000000000002,2443.0296999999678,198.29762152471824,2881.2,59.62001666666668,26.509116666666674,34.587170472221864,67.75409228193409,20,100,0,90,1
47.46573802777614,65.12645220284512,191.06,0.0,191.06,-139.161,143.59426197222388,8.109567499999997,2.580069704519091,19.931,0.0,0.0,19.931,48.14441249999998,52.707,42.891,3.51888480347029,-4.6370000000000005,0.5968833333333333,0.04390285565271667,0.703,0.10611666666666664,2442.7999333332955,198.20823535890122,2885.2,59.61401666666666,26.39918333333333,34.57323934259204,67.75042476301692,20,100,0,90,1
47.475473805553875,65.14361684030231,190.98,0.0,190.98,-139.179,143.5045261944461,8.111052499999996,2.5740227039553245,20.107,0.0,0.0,20.107,48.12097499999995,52.691,42.887,3.5191637104757865,-4.578000000000003,0.6039666666666664,0.03979565033154671,0.703,0.09903333333333353,2444.4017999999946,198.6453434109052,2884.2,59.678666666666665,26.393449999999994,34.56916710185127,67.75743519458918,20,100,0,90,1
47.47130649999904,65.14317263399282,191.0,0.0,191.0,-139.292,143.52869350000097,8.107319999999985,2.575228832981356,19.826,0.0,0.0,19.826,48.09449583333332,52.672,42.883,3.50995141760644,-4.574999999999996,0.5952000000000002,0.041734349548104725,0.701,0.10579999999999978,2443.7002333333544,198.29867888521133,2885.0,59.62916666666667,26.33571666666666,34.55770744444411,67.76013581652228,20,100,0,90,1
47.48061652777657,65.1451753814596,190.94,0.0,190.94,-139.361,143.45938347222344,8.112954166666668,2.570362924770904,20.071,0.0,0.0,20.071,48.08325416666661,52.645,42.836,3.5025386833004477,-4.581999999999994,0.5963333333333333,0.04399139617985665,0.701,0.10466666666666669,2443.912699999961,198.34936769243137,2889.0,59.73779999999998,26.330249999999996,34.55894162036995,67.75952970241036,20,100,0,90,1
47.47756066666511,65.14646109854726,190.95,0.0,190.95,-139.32799999999997,143.47243933333488,8.110811666666665,2.581642210871086,20.013,0.0,0.0,20.013,48.05198333333327,52.613,42.82,3.5052228920189386,-4.6640000000000015,0.5976333333333332,0.04109557552442375,0.706,0.10836666666666672,2443.932400000017,199.42290740928752,2889.0,59.61895,26.296033333333334,34.54678522222168,67.76919888494277,20,100,0,90,1
47.475354833331465,65.14400778439588,190.96,0.0,190.96,-139.276,143.48464516666854,8.118977499999998,2.569421084456858,19.896,0.0,0.0,19.896,48.03113749999996,52.613,42.797,3.5067275262497573,-4.582000000000001,0.5981833333333334,0.04497663863161484,0.706,0.10781666666666656,2444.331733333285,198.63971050311252,2885.0,59.80646666666666,26.336316666666665,34.54182327777714,67.75840550748435,20,100,0,90,1
47.48169863888729,65.15025919539018,191.06,0.0,191.06,-139.32,143.57830136111272,8.115199999999996,2.5811928826121666,19.861,0.0,0.0,19.861,48.00812499999994,52.531,42.805,3.5021407596822285,-4.582000000000001,0.5961666666666666,0.045175802232441116,0.704,0.10783333333333334,2445.253833333304,198.22867097447065,2885.2,59.560000000000024,26.31425,34.53500787962907,67.77662788023478,20,100,0,90,1
47.49125838888745,65.16188487442402,191.0,0.0,191.0,-139.328,143.50874161111255,8.127087499999998,2.5718945613184063,19.948,0.0,0.0,19.948,47.99943749999999,52.531,42.738,3.4920693730992314,-4.518999999999998,0.6001333333333334,0.04652991261932028,0.721,0.12086666666666657,2445.6290666666537,198.69284305876752,2887.2,59.887066666666655,26.273033333333334,34.539261129629146,67.78030934836174,20,100,0,90,1
47.49151149999808,65.15960095638802,190.95,0.0,190.95,-139.212,143.45848850000192,8.123044999999998,2.5764286221458783,20.058,0.0,0.0,20.058,47.97303749999996,52.527,42.703,3.5008919656386457,-4.616999999999997,0.600333333333333,0.04220477387515666,0.705,0.10466666666666691,2445.4114666666665,197.86419120584318,2887.0,59.726383333333324,26.284466666666663,34.52919799999935,67.77823435240906,20,100,0,90,1
47.49070844444282,65.15503981444844,191.03,0.0,191.03,-139.155,143.53929155555718,8.125938333333329,2.577516381476143,20.184,0.0,0.0,20.184,47.94788749999997,52.508,42.703,3.5132704619421533,-4.593999999999994,0.6028000000000002,0.04527947115939601,0.719,0.11619999999999975,2445.766433333329,198.21744598443985,2885.0,59.733050000000006,26.38576666666667,34.521511425925375,67.77783566708398,20,100,0,90,1
47.48489480555372,65.15436787017114,190.98,0.0,190.98,-139.244,143.49510519444627,8.128704166666656,2.573162899573031,19.858,0.0,0.0,19.858,47.92563333333327,52.461,42.66,3.5141861147488256,-4.592999999999996,0.6068666666666663,0.046243448154037345,0.72,0.11313333333333364,2445.1823333333314,198.50345890795447,2889.0,59.88704999999998,26.31014999999999,34.51307743518455,67.77377421789822,20,100,0,90,1
47.48760574999819,65.15519763159256,191.02,0.0,191.02,-139.414,143.53239425000183,8.126632499999982,2.5724774237798402,19.926,0.0,0.0,19.926,47.90247916666668,52.453,42.648,3.5208425638470113,-4.589999999999996,0.6009666666666668,0.045051370552965014,0.705,0.1040333333333332,2445.2280666666225,198.05645866536491,2885.2,59.836016666666666,26.373750000000005,34.505572472221615,67.77272642592537,20,100,0,90,1
47.49320397222058,65.16409452400072,190.96,0.0,190.96,-139.168,143.46679602777942,8.119156666666667,2.582074905213958,19.987,0.0,0.0,19.987,47.8976666666667,52.449,42.633,3.528711740779042,-4.604999999999997,0.5970833333333333,0.04268063970525414,0.704,0.10691666666666666,2447.0367999999817,198.3895610041329,2889.0,59.59501666666667,26.51190000000001,34.50334243518465,67.78885006891993,20,100,0,90,1
47.50124519444229,65.17039379857717,190.94,0.0,190.94,-139.28,143.43875480555772,8.119209999999985,2.5812039815226777,20.208,0.0,0.0,20.208,47.87740000000003,52.441,42.633,3.5202028502790816,-4.622,0.6016333333333332,0.04394756762967629,0.715,0.11336666666666673,2446.764633333325,198.55098266688387,2887.0,59.59013333333334,26.471633333333344,34.4992850648141,67.79554534772952,20,100,0,90,1
47.50219494444224,65.17613989386746,190.96,0.0,190.96,-139.338,143.45780505555777,8.118877499999996,2.580054065967064,19.933,0.0,0.0,19.933,47.85322916666669,52.461,42.637,3.5166634198272044,-4.567,0.5983499999999997,0.04303873895512572,0.708,0.10965000000000025,2445.2790666666597,198.3136107864664,2885.0,59.67083333333334,26.400883333333333,34.49143387036964,67.79923269878965,20,100,0,90,1
47.50778911110925,65.18324617348145,191.03,0.0,191.03,-139.273,143.52221088889075,8.11971583333333,2.584155844682613,19.973,0.0,0.0,19.973,47.84109583333334,52.449,42.637,3.5113627382371755,-4.573999999999998,0.5973333333333333,0.04357330339051173,0.714,0.1166666666666667,2447.1280999999917,197.95819342674554,2885.2,59.569083333333325,26.399916666666673,34.489533592591975,67.81097532155458,20,100,0,90,1
47.49746438888683,65.17231339053014,191.23,0.0,191.23,-139.429,143.73253561111315,8.125838333333341,2.5752982940396034,20.003,0.0,0.0,20.003,47.828675000000025,52.41,42.625,3.502463831326307,-4.589999999999996,0.59635,0.04763947408951344,0.714,0.11764999999999992,2446.3706666667013,198.16546940650315,2885.0,59.82608333333336,26.372000000000007,34.4839925740734,67.79525115865924,20,100,0,90,1
47.494862138887136,65.16534233796938,191.04,0.0,191.04,-139.173,143.54513786111286,8.118294999999993,2.5804095732938643,19.844,0.0,0.0,19.844,47.81263750000006,52.367,42.633,3.494138309361508,-4.5,0.5971833333333332,0.041015702518759134,0.697,0.09981666666666678,2446.455766666653,197.03966447133106,2885.0,59.55129999999999,26.284383333333338,34.475264879629066,67.786767613782,20,100,0,90,1
47.49855533333165,65.17256173996708,190.98,0.0,190.98,-139.303,143.48144466666832,8.119204166666655,2.5754194749676556,19.914,0.0,0.0,19.914,47.80565416666664,52.355,42.582,3.496014081992354,-4.5,0.5955166666666667,0.046090365060524614,0.708,0.11248333333333327,2445.6838333333835,198.21186559482922,2887.2,59.67065000000001,26.381950000000003,34.474471222221645,67.79407157999526,20,100,0,90,1
47.50184108333183,65.17302050431678,190.94,0.0,190.94,-139.42399999999998,143.43815891666816,8.114209166666654,2.5834825208160606,20.107,0.0,0.0,20.107,47.79388749999999,52.359,42.574,3.4951427634764207,-4.472999999999999,0.6015166666666667,0.036882080379329815,0.698,0.09648333333333325,2443.8373000000443,197.76966298021853,2883.4,59.59456666666666,26.30801666666667,34.46997924999949,67.79338510551217,20,100,0,90,1
47.5027766388869,65.17666770375516,191.0,0.0,191.0,-139.342,143.4972233611131,8.115073333333319,2.5788960807779295,20.115,0.0,0.0,20.115,47.77894166666661,52.355,42.566,3.5065764450220995,-4.667999999999999,0.6037499999999998,0.03939268838636283,0.704,0.10025000000000017,2442.2478333333856,197.97559509869222,2885.0,59.698949999999996,26.38689999999999,34.46559721296228,67.79495647291944,20,100,0,90,1
47.50428655555384,65.17718990309024,190.94,0.0,190.94,-139.289,143.43571344444615,8.113381666666655,2.585434550033639,20.0,0.0,0.0,20.0,47.769641666666594,52.344,42.508,3.5033621288396675,-4.567,0.6016,0.04426736947233254,0.707,0.10539999999999994,2443.429966666707,197.28324228955756,2881.6,59.59905000000001,26.319283333333328,34.46243662962903,67.80689182259621,20,100,0,90,1
47.50423083333192,65.17982888988269,190.98,0.0,190.98,-139.096,143.47576916666807,8.123980833333324,2.57136739058173,19.792,0.0,0.0,19.792,47.759874999999944,52.332,42.566,3.5026145274983773,-4.563000000000002,0.5970666666666667,0.04050062425409948,0.696,0.0989333333333332,2442.900500000052,196.60639063508702,2884.0,59.85356666666668,26.33635,34.46269555555506,67.7916969047185,20,100,0,90,1
47.507300694443316,65.18188487393985,190.96,0.0,190.96,-139.327,143.45269930555668,8.11602916666666,2.5825412286442484,19.83,0.0,0.0,19.83,47.73612083333334,52.277,42.504,3.5031514105761823,-4.4809999999999945,0.5993999999999999,0.03952223146105262,0.692,0.09260000000000002,2442.1566666666486,197.72871503572892,2881.8,59.680266666666654,26.38844999999999,34.45315023148111,67.80394833404515,20,100,0,90,1
47.50736883333193,65.19048714438938,190.94,0.0,190.94,-139.358,143.43263116666807,8.11349833333332,2.5807185236698262,19.769,0.0,0.0,19.769,47.73416249999993,52.273,42.48,3.502230627298651,-4.481000000000002,0.6050666666666668,0.03671967406278053,0.69,0.0849333333333332,2442.5179666666913,197.0447596784844,2879.4,59.63015,26.439883333333334,34.45167655555506,67.80792534212199,20,100,0,90,1
47.502397416665445,65.17884617922752,190.95,0.0,190.95,-139.346,143.44760258333454,8.116954166666652,2.5775400998247293,19.926,0.0,0.0,19.926,47.72048749999991,52.258,42.566,3.481568151684263,-4.484999999999999,0.6061666666666667,0.03775261430690132,0.695,0.08883333333333321,2444.2229000000207,198.15269567698883,2885.0,59.646049999999995,26.284950000000006,34.44661302777734,67.79413889335915,20,100,0,90,1
47.50071158333141,65.17539916388795,191.0,0.0,191.0,-139.331,143.4992884166686,8.113772500000008,2.5776669887706434,20.021,0.0,0.0,20.021,47.71619166666666,52.27,42.516,3.493902519628541,-4.496000000000002,0.6143666666666667,0.034650294917260197,0.696,0.08163333333333322,2442.126933333348,197.6958368856458,2880.6,59.72373333333334,26.32141666666666,34.443558583332695,67.78771644757585,20,100,0,90,1
47.51363647222036,65.19045495809932,191.14,0.0,191.14,-139.312,143.62636352777963,8.111915833333342,2.5812615800941274,19.909,0.0,0.0,19.909,47.69777499999999,52.234,42.5,3.494334593369446,-4.43,0.6204999999999999,0.034485811378604354,0.708,0.08750000000000002,2442.731099999997,197.61494603716815,2881.6,59.61261666666667,26.328849999999992,34.44110910185123,67.80620234957205,20,100,0,90,1
47.5007988611093,65.1799177164656,190.95,0.0,190.95,-139.35399999999998,143.4492011388907,8.11219833333333,2.582075624913905,19.887,0.0,0.0,19.887,47.686716666666705,52.207,42.488,3.4915134989755647,-4.491999999999997,0.6224499999999998,0.036271773122136294,0.718,0.09555000000000013,2443.11466666666,197.79424420020084,2883.4,59.57525000000001,26.28561666666666,34.43323795370311,67.79826511450165,20,100,0,90,1
47.508872972220935,65.18590659142559,191.06,0.0,191.06,-139.293,143.55112702777907,8.115460833333332,2.5843013058656474,20.096,0.0,0.0,20.096,47.68310416666669,52.246,42.48,3.4983751652210318,-4.590000000000003,0.6170833333333335,0.03666351424558424,0.707,0.08991666666666642,2440.704533333352,198.07258887722526,2880.6,59.69303333333333,26.354100000000003,34.435812657406984,67.80687141153683,20,100,0,90,1
47.50389680555373,65.18070788384095,191.02,0.0,191.02,-139.28300000000002,143.5161031944463,8.115042499999975,2.583102467510429,20.024,0.0,0.0,20.024,47.671966666666684,52.246,42.477,3.5018970266835545,-4.57,0.61765,0.03656979628053731,0.706,0.08834999999999993,2439.7276666666935,197.62987089219845,2879.4,59.73696666666663,26.326933333333336,34.430301990740126,67.80038014763191,20,100,0,90,1
47.50763788888762,65.18406694426409,191.0,0.0,191.0,-139.214,143.49236211111239,8.117745833333316,2.582012841078103,20.203,0.0,0.0,20.203,47.66644166666667,52.191,42.473,3.499484002121143,-4.540000000000006,0.5973333333333334,0.046225925173998296,0.717,0.11966666666666659,2442.9334666667396,197.79565077766492,2883.0,59.688466666666635,26.32233333333334,34.43060846296254,67.81230571051618,20,100,0,90,1
47.51456111110927,65.18711412951781,191.08,0.0,191.08,-139.308,143.56543888889075,8.115316666666667,2.5855527711366673,20.082,0.0,0.0,20.082,47.66026250000006,52.195,42.48,3.492375468356314,-4.468999999999994,0.5987833333333333,0.03908274215639528,0.689,0.09021666666666661,2440.3852333333807,196.69315357019704,2877.4,59.65690000000002,26.230116666666664,34.430046759258666,67.81174964281087,20,100,0,90,1
47.51096788888703,65.18378272429662,191.01,0.0,191.01,-139.403,143.49903211111297,8.11565916666665,2.5815015685235494,19.742,0.0,0.0,19.742,47.65654166666672,52.191,42.48,3.4932231304714576,-4.547000000000004,0.5915499999999998,0.040982189186382835,0.692,0.10045000000000015,2442.082000000044,196.53444536272943,2877.6,59.61236666666669,26.287266666666664,34.4277229074068,67.80626648200655,20,100,0,90,1
47.52089061110966,65.19119209078644,190.98,0.0,190.98,-139.336,143.45910938889034,8.119814999999992,2.57681165675148,20.062,0.0,0.0,20.062,47.651545833333344,52.195,42.473,3.4908760020213894,-4.496000000000002,0.6047333333333335,0.038780506489934086,0.71,0.10526666666666651,2443.83586666678,198.12435536874457,2883.6,59.709266666666664,26.295533333333335,34.430750481481,67.80678425402785,20,100,0,90,1
47.520834444442976,65.1914552843131,190.95,0.0,190.95,-139.218,143.429165555557,8.1229425,2.5763403454331635,19.826,0.0,0.0,19.826,47.656512500000005,52.195,42.48,3.492549875925376,-4.567,0.6028999999999999,0.04048464869133752,0.704,0.10110000000000008,2447.4782333333274,195.4293193357168,2880.0,59.62148333333333,26.293350000000018,34.433429814814325,67.80828027843759,20,100,0,90,1
47.53061505555345,65.19854025192086,191.02,0.0,191.02,-139.418,143.48938494444656,8.12109666666667,2.5891891815464327,20.233,0.0,0.0,20.233,47.64343333333333,52.195,42.473,3.4877541903935962,-4.528000000000006,0.5932,0.0379575141619671,0.686,0.0928000000000001,2450.2304666666732,197.7023952762465,2887.4,59.46606666666665,26.2226,34.431715018517814,67.82568694762926,20,100,0,90,1
47.52677124999825,65.1985626177578,190.96,0.0,190.96,-139.514,143.43322875000177,8.120159166666655,2.5759887222346696,19.865,0.0,0.0,19.865,47.63949583333338,52.207,42.473,3.4892677199865143,-4.518999999999998,0.5897333333333332,0.041114089575009685,0.689,0.09926666666666673,2446.92100000005,196.81105657711026,2889.0,59.620249999999984,26.2095,34.428808749999426,67.81566542956747,20,100,0,90,1
47.52419722222079,65.19638769557804,191.02,0.0,191.02,-139.39000000000001,143.4958027777792,8.117920833333331,2.5833528639313466,20.146,0.0,0.0,20.146,47.63176666666668,52.195,42.461,3.4826116281978865,-4.473000000000006,0.5949833333333332,0.03645591331758416,0.682,0.08701666666666685,2446.0145333333558,197.09306587215264,2885.4,59.572066666666686,26.13871666666666,34.42462824074027,67.81619647282697,20,100,0,90,1
47.526850888887296,65.19944990780424,191.11,0.0,191.11,-139.486,143.58314911111273,8.117318333333325,2.580705158076889,20.029,0.0,0.0,20.029,47.63012916666671,52.191,42.477,3.479061658105971,-4.476999999999997,0.5924499999999998,0.04118393013901071,0.7,0.10755000000000015,2446.504133333398,197.0589768816529,2883.6,59.56565,26.17415000000001,34.42476612962911,67.82133899602015,20,100,0,90,1
47.52846897222086,65.20047632574611,191.02,0.0,191.02,-139.461,143.49153102777916,8.123179166666668,2.576953161532028,20.085,0.0,0.0,20.085,47.62672916666673,52.187,42.477,3.473045505797212,-4.5390000000000015,0.5942166666666665,0.039879093399869066,0.687,0.09278333333333355,2448.6735333333727,196.943047554817,2886.6,59.631433333333334,26.15933333333332,34.426125768518084,67.81730858067802,20,100,0,90,1
47.52853497222109,65.19833495051088,191.0,0.0,191.0,-139.216,143.47146502777892,8.119205833333323,2.5859458192215214,20.115,0.0,0.0,20.115,47.62536250000004,52.191,42.473,3.4749131962684214,-4.488999999999997,0.5942166666666664,0.04074646357397549,0.702,0.10778333333333356,2448.594166666714,198.67142952319628,2889.2,59.52563333333333,26.119500000000002,34.42436776851815,67.82502723330639,20,100,0,90,1
47.52813544444304,65.2020018800038,191.06,0.0,191.06,-139.504,143.53186455555698,8.126823333333316,2.5732790614432544,19.753,0.0,0.0,19.753,47.616025000000036,52.187,42.426,3.480646044400619,-4.476999999999997,0.5966833333333333,0.04033986616561695,0.701,0.10431666666666661,2445.058700000053,196.74236203847934,2881.4,59.824516666666675,26.23253333333333,34.4236612592588,67.81562080761269,20,100,0,90,1
47.52553641666583,65.19117159669628,191.02,0.0,191.02,-139.49499999999998,143.49446358333418,8.119450833333314,2.586565672385672,19.926,0.0,0.0,19.926,47.612720833333356,52.191,42.426,3.4807369826892107,-4.472999999999999,0.5969666666666666,0.03941907250096277,0.691,0.0940333333333333,2444.9671333333445,196.99364088435368,2881.4,59.58775,26.145833333333346,34.4192360277775,67.81715634158292,20,100,0,90,1
47.529558583331834,65.19474278072637,191.02,0.0,191.02,-139.46300000000002,143.49044141666818,8.122391666666658,2.5849608105199247,20.094,0.0,0.0,20.094,47.602845833333305,52.18,42.402,3.4902092294979887,-4.5589999999999975,0.5981166666666666,0.039251078649398204,0.694,0.09588333333333332,2448.157066666699,196.78408643190897,2887.0,59.532999999999994,26.180499999999995,34.4182653611106,67.8189546698957,20,100,0,90,1
47.53547305555408,65.20359012544544,191.33,0.0,191.33,-139.27200000000002,143.79452694444592,8.121189999999993,2.582819563251292,20.028,0.0,0.0,20.028,47.59769583333337,52.18,42.402,3.4854826075471887,-4.481000000000002,0.5969833333333334,0.03907597626296693,0.692,0.09501666666666653,2448.0014333333834,197.16576405239482,2887.2,59.56745000000001,26.23273333333334,34.418119629629146,67.8254856649597,20,100,0,90,1
47.5351360833317,65.20603088243189,191.12,0.0,191.12,-139.429,143.5848639166683,8.121341666666664,2.5877847276053663,20.28,0.0,0.0,20.28,47.59985833333335,52.168,42.414,3.4772259654778006,-4.469000000000001,0.5984833333333336,0.034191133584881496,0.681,0.08251666666666646,2449.37140000004,197.1684059514207,2887.6,59.52566666666668,26.185516666666672,34.41877869444391,67.82800674362214,20,100,0,90,1
47.5289343611098,65.20716766869934,190.96,0.0,190.96,-139.313,143.4310656388902,8.112608333333332,2.5834341585649625,20.081,0.0,0.0,20.081,47.586241666666666,52.176,42.41,3.4912262690715066,-4.590000000000003,0.6053666666666666,0.03736578996738871,0.707,0.10163333333333335,2444.611933333378,198.42520711357523,2887.6,59.57190000000001,26.286266666666666,34.409261453703266,67.8279676172317,20,100,0,90,1
47.52648730555368,65.20972085404779,191.03,0.0,191.03,-139.451,143.50351269444633,8.11027416666666,2.5842765632046,20.021,0.0,0.0,20.021,47.58576666666669,52.148,42.398,3.484702198145905,-4.5390000000000015,0.5929999999999999,0.0352607718846072,0.683,0.09000000000000019,2443.2243333333454,196.74534033291025,2877.6,59.55843333333333,26.258550000000007,34.40750937962901,67.829258189137,20,100,0,90,1
47.52548286110921,65.20748479017787,191.11,0.0,191.11,-139.47500000000002,143.58451713889082,8.111751666666667,2.583106729691601,20.128,0.0,0.0,20.128,47.566883333333365,52.113,42.41,3.4712527652694085,-4.484000000000002,0.5879333333333334,0.034965778265577244,0.665,0.07706666666666662,2444.82023333336,197.0240361540083,2881.4,59.556766666666654,26.17386666666668,34.40137262036975,67.82555729813505,20,100,0,90,1
47.52599797222069,65.20941384828174,190.98,0.0,190.98,-139.417,143.4540020277793,8.11464333333332,2.5726604360508936,19.972,0.0,0.0,19.972,47.562625000000025,52.102,42.402,3.4652333437402216,-4.457000000000001,0.5874833333333335,0.029081120712945444,0.674,0.08651666666666658,2444.3810000000067,197.37853731725474,2885.6,59.71583333333332,26.08823333333334,34.40108876851801,67.81115540504558,20,100,0,90,1
47.522821611108995,65.20311296504961,191.01,0.0,191.01,-139.314,143.48717838889098,8.119708333333325,2.5735300948738824,19.839,0.0,0.0,19.839,47.56117500000001,52.152,42.402,3.4729412496069894,-4.563000000000002,0.5893166666666664,0.029747805312391615,0.651,0.061683333333333645,2443.625466666681,197.7908156426236,2883.4,59.842166666666664,26.1179,34.401234981480776,67.8063908652359,20,100,0,90,1
47.52793513888738,65.21190812340494,190.98,0.0,190.98,-139.379,143.4520648611126,8.113224999999984,2.5830996669278434,20.088,0.0,0.0,20.088,47.543870833333315,52.102,42.344,3.477929409128075,-4.461000000000006,0.5892166666666665,0.0317709448687493,0.656,0.06678333333333353,2443.0690666666874,197.5979935229681,2880.6,59.61946666666666,26.182233333333333,34.39501032407356,67.82677873520154,20,100,0,90,1
47.53280130555419,65.21666153364434,191.0,0.0,191.0,-139.458,143.4671986944458,8.119434999999982,2.5724064034859615,19.729,0.0,0.0,19.729,47.53661249999997,52.086,42.332,3.4788718191008865,-4.473000000000006,0.5890333333333334,0.03320861980538383,0.668,0.07896666666666663,2442.3140333333354,197.5226075494847,2879.6,59.84854999999998,26.201516666666674,34.39628293518471,67.82227655693568,20,100,0,90,1
47.53137341666508,65.21103804443948,191.0,0.0,191.0,-139.297,143.46862658333492,8.122183333333329,2.5725647418185473,19.703,0.0,0.0,19.703,47.52997916666665,52.082,42.336,3.46830203286795,-4.379000000000005,0.5913666666666665,0.030977830600294874,0.672,0.08063333333333356,2442.5308333333624,197.652466311146,2881.6,59.87525000000001,26.117583333333336,34.394511972221686,67.81458061685832,20,100,0,90,1
47.531402555554095,65.21105443016376,191.0,0.0,191.0,-139.426,143.4685974444459,8.11524083333332,2.5810737202031975,19.782,0.0,0.0,19.782,47.50855416666664,52.07,42.328,3.4701851718259658,-4.461000000000006,0.5944333333333331,0.03950600326260949,0.69,0.0955666666666668,2442.881966666693,197.16179975850517,2879.6,59.62955,26.12961666666666,34.38506585185135,67.83163415362957,20,100,0,90,1
47.5333377777761,65.21401782174492,191.03,0.0,191.03,-139.517,143.4966622222239,8.122439166666656,2.5742460025608906,19.731,0.0,0.0,19.731,47.5052416666667,52.055,42.32,3.4765736895939843,-4.555,0.5932666666666667,0.03158784719469626,0.665,0.07173333333333332,2442.1378000000195,197.39927108071396,2879.6,59.90443333333329,26.241783333333334,34.38700620370315,67.8198516715005,20,100,0,90,1
47.53385936110988,65.21037251125392,190.98,0.0,190.98,-139.353,143.4461406388901,8.122466666666664,2.5733088960423953,19.763,0.0,0.0,19.763,47.511699999999976,52.059,42.309,3.4649577140035395,-4.472000000000001,0.5904999999999999,0.039188592252234124,0.686,0.09550000000000014,2442.1533666666937,197.18706974700814,2879.4,59.885950000000015,26.0903,34.38934200925884,67.82286999954854,20,100,0,90,1
47.53373824999845,65.21162150342904,191.03,0.0,191.03,-139.57,143.49626175000157,8.120552499999985,2.5738442465985663,19.791,0.0,0.0,19.791,47.505775,52.066,42.32,3.475256352995798,-4.567,0.5916333333333331,0.03472017274554126,0.669,0.07736666666666692,2442.038600000022,197.456779068163,2881.6,59.80525000000001,26.239866666666668,34.38668858333281,67.82018592277315,20,100,0,90,1
47.53706847222088,65.21088429122607,190.98,0.0,190.98,-139.466,143.4429315277791,8.116889999999986,2.580796882429333,19.901,0.0,0.0,19.901,47.502124999999985,52.059,42.316,3.479655312998737,-4.57,0.5933499999999999,0.047510864056443225,0.71,0.11665000000000003,2441.960833333347,197.25488681999224,2879.6,59.65058333333333,26.19885000000001,34.38536115740695,67.83919203771185,20,100,0,90,1
47.53449877777652,65.20788013186223,191.0,0.0,191.0,-139.523,143.46550122222348,8.12641499999999,2.575546631588054,20.131,0.0,0.0,20.131,47.48844583333326,52.055,42.289,3.4871583144480844,-4.472999999999999,0.6039833333333333,0.038231450211975146,0.71,0.10601666666666665,2442.7539000000434,196.91768592645107,2879.8,59.933916666666654,26.305433333333333,34.383119870369924,67.82165821366226,20,100,0,90,1
47.537864111109805,65.2116870785246,191.02,0.0,191.02,-139.527,143.4821358888902,8.12191999999998,2.573152055654296,19.742,0.0,0.0,19.742,47.489954166666614,52.027,42.266,3.478632972551596,-4.496000000000002,0.6038166666666666,0.036312901786530266,0.696,0.0921833333333334,2443.892400000016,197.19362742413725,2879.8,59.74253333333333,26.282333333333334,34.38324609259214,67.82115203596543,20,100,0,90,1
47.538144666665325,65.20697381947205,191.01,0.0,191.01,-139.359,143.47185533333467,8.12415416666666,2.5774505818057274,19.788,0.0,0.0,19.788,47.47987916666661,52.016,42.281,3.4756873300543822,-4.4609999999999985,0.6033999999999998,0.03784947887154404,0.7,0.09660000000000013,2445.807066666673,196.99836583777204,2883.4,59.68413333333334,26.21433333333333,34.380725999999534,67.82227388014933,20,100,0,90,1
47.54464269444196,65.21811800525498,190.98,0.0,190.98,-139.364,143.43535730555803,8.127859166666664,2.5776043492262857,20.011,0.0,0.0,20.011,47.473970833333304,52.016,42.262,3.4831510422670684,-4.464999999999996,0.6017166666666666,0.040359440819674845,0.701,0.09928333333333339,2447.737866666662,196.68714689003156,2885.2,59.72493333333332,26.36193333333333,34.38215756481398,67.83608179530094,20,100,0,90,1
47.548327999998,65.21469348899487,191.11,0.0,191.11,-139.46,143.561672000002,8.124892499999982,2.5885637119877116,20.297,0.0,0.0,20.297,47.46904583333333,52.059,42.25,3.4921079369170136,-4.5589999999999975,0.6002499999999998,0.0409479309715089,0.704,0.10375000000000012,2448.512166666756,197.77568037702963,2889.2,59.56521666666666,26.324216666666665,34.38075544444377,67.8442051319541,20,100,0,90,1
47.54752322222039,65.21418235650276,191.01,0.0,191.01,-139.45000000000002,143.4624767777796,8.127423333333319,2.579316927463381,19.966,0.0,0.0,19.966,47.465433333333316,52.027,42.238,3.491810537866716,-4.555,0.5980499999999999,0.03850222313634212,0.689,0.09095000000000009,2448.370599999995,196.44427683516315,2885.0,59.67493333333331,26.248966666666668,34.38012662962901,67.83200150710249,20,100,0,90,1
47.55057761110952,65.21512383623826,191.03,0.0,191.03,-139.531,143.4794223888905,8.123164999999984,2.5880102640923854,20.19,0.0,0.0,20.19,47.46717083333335,52.086,42.23,3.506246817432059,-4.657000000000004,0.6036166666666668,0.04250467239188231,0.709,0.10538333333333316,2449.390600000083,198.10364868146712,2889.2,59.52956666666668,26.427333333333326,34.38030448148095,67.84563877272254,20,100,0,90,1
47.5467939166647,65.22340934717614,191.02,0.0,191.02,-139.401,143.4732060833353,8.12199999999999,2.5862322258332258,19.865,0.0,0.0,19.865,47.464329166666694,52.031,42.23,3.5010258383057753,-4.479999999999997,0.5961333333333333,0.03478430713121753,0.677,0.08086666666666675,2444.5561666667077,198.68260712763643,2887.6,59.60719999999997,26.42083333333333,34.37770769444379,67.84442588014059,20,100,0,90,1
47.54321327777608,65.21714503969362,191.0,0.0,191.0,-139.381,143.4567867222239,8.127284999999995,2.5745886106722957,19.747,0.0,0.0,19.747,47.45982500000001,52.02,42.23,3.4908190923870657,-4.57,0.5953333333333336,0.037124466173947414,0.681,0.08566666666666645,2443.510100000023,197.26284212391295,2879.8,59.82609999999998,26.40496666666667,34.37677442592536,67.82885811653986,20,100,0,90,1
47.5433080555534,65.21996681003755,191.02,0.0,191.02,-139.284,143.4766919444466,8.127815833333315,2.578101850433502,19.905,0.0,0.0,19.905,47.44668333333335,51.977,42.23,3.481055276884474,-4.481000000000002,0.5994833333333334,0.03801315190186318,0.688,0.08851666666666658,2444.9469999999615,196.95161245157286,2883.4,59.758133333333355,26.365366666666663,34.37260240740669,67.83608181237291,20,100,0,90,1
47.553582138886796,65.23327134269819,191.01,0.0,191.01,-139.542,143.4564178611132,8.129009999999996,2.5788230739892017,20.069,0.0,0.0,20.069,47.435016666666684,51.934,42.238,3.479641172005172,-4.5390000000000015,0.6052833333333333,0.03992411941088323,0.708,0.10271666666666668,2447.3989666666293,197.79038117346946,2885.2,59.77824999999999,26.38521666666667,34.37253626851783,67.85201853609827,20,100,0,90,1
47.552867944442795,65.23447456015947,191.0,0.0,191.0,-139.468,143.4471320555572,8.122092499999992,2.587647522434367,20.051,0.0,0.0,20.051,47.430899999999994,51.961,42.238,3.484103571518954,-4.476999999999997,0.6026,0.04331289391925938,0.707,0.10439999999999994,2447.4335000000715,197.99520912105208,2887.2,59.57141666666665,26.385466666666666,34.36862014814759,67.8654349765131,20,100,0,90,1
47.558844611109535,65.23506722740865,191.06,0.0,191.06,-139.399,143.50115538889048,8.125554166666653,2.583519692603038,20.073,0.0,0.0,20.073,47.42675416666662,51.945,42.242,3.472669273760432,-4.492000000000004,0.5996333333333332,0.04230637515234641,0.711,0.11136666666666672,2449.7034000000735,197.35055586972726,2891.0,59.59635000000001,26.287783333333326,34.37038431481427,67.86089329516403,20,100,0,90,1
47.56203727777558,65.23678259459692,191.02,0.0,191.02,-139.411,143.45796272222444,8.123536666666666,2.589906292866033,20.132,0.0,0.0,20.132,47.415612499999995,51.934,42.25,3.466661895626377,-4.542999999999999,0.6006000000000001,0.03931972377784593,0.695,0.09439999999999982,2449.3658000000137,198.0671682979108,2889.0,59.52421666666666,26.257366666666666,34.36706214814742,67.8660086112408,20,100,0,90,1
47.5554672777766,65.23253251106878,191.01,0.0,191.01,-139.505,143.4545327222234,8.122998333333317,2.5836491078041997,19.704,0.0,0.0,19.704,47.42010000000002,51.934,42.23,3.480904197446284,-4.555,0.6037166666666668,0.037087204457376906,0.7,0.09628333333333317,2446.7612666667133,197.99237913809128,2888.6,59.590166666666704,26.40361666666667,34.36618853703664,67.85326882333037,20,100,0,90,1
47.559311333331436,65.24235983822037,191.01,0.0,191.01,-139.499,143.45068866666855,8.12341916666666,2.5843421665537045,19.834,0.0,0.0,19.834,47.41919583333334,51.918,42.238,3.4755835895355296,-4.491999999999997,0.6017166666666667,0.03681520120205814,0.695,0.09328333333333327,2447.457266666677,196.75409031547866,2882.4,59.57008333333333,26.416783333333335,34.36730877777715,67.86351720597614,20,100,0,90,1
47.54795597222044,65.22491994651091,191.0,0.0,191.0,-139.30499999999998,143.45204402777955,8.122312499999996,2.58544101348408,19.635,0.0,0.0,19.635,47.40669583333338,51.922,42.238,3.4777116874082163,-4.578000000000003,0.6043833333333332,0.04110387489122462,0.698,0.09361666666666679,2447.635133333399,196.4558542338694,2885.0,59.49881666666667,26.424766666666663,34.358988101851274,67.85146483488622,20,100,0,90,1
47.55071799999849,65.22938967746629,191.03,0.0,191.03,-139.611,143.47928200000152,8.122906666666658,2.5829129994235283,19.988,0.0,0.0,19.988,47.39780833333338,51.922,42.211,3.477812579722953,-4.573999999999998,0.6036166666666666,0.0416067512720283,0.701,0.09738333333333338,2446.814600000043,197.07342598477916,2889.4,59.595283333333334,26.414366666666677,34.35714433333285,67.85390942816184,20,100,0,90,1
47.561223944442595,65.21710372217179,191.01,0.0,191.01,-139.59900000000002,143.4487760555574,8.128862500000004,2.577203924861014,19.911,0.0,0.0,19.911,47.390925000000074,51.922,42.215,3.4778750116791035,-4.551000000000002,0.59755,0.04179223226828284,0.696,0.09844999999999993,2447.130600000024,197.26174463460822,2885.2,59.82153333333335,26.431199999999993,34.36033714814756,67.83609987930107,20,100,0,90,1
47.54986374999816,65.22886169514669,191.06,0.0,191.06,-139.494,143.51013625000184,8.130206666666663,2.577409636175327,19.989,0.0,0.0,19.989,47.383158333333355,51.906,42.215,3.47250006279665,-4.5859999999999985,0.5945833333333331,0.03352322325157803,0.672,0.07741666666666691,2447.3136000000254,196.73924750870557,2881.6,59.77078333333335,26.396383333333322,34.354409583332725,67.8397945545736,20,100,0,90,1
47.55199961110955,65.22973562551603,191.03,0.0,191.03,-139.636,143.47800038889045,8.12904666666666,2.577462333942302,20.028,0.0,0.0,20.028,47.37712083333337,51.906,42.211,3.4707823081441593,-4.571000000000005,0.5944333333333333,0.042012252719070824,0.7,0.1055666666666667,2446.0697000000578,197.31430962985795,2884.4,59.788683333333324,26.386,34.35272237036986,67.84921021217741,20,100,0,90,1
47.55596411110976,65.23519798594329,191.02,0.0,191.02,-139.511,143.46403588889024,8.127494166666652,2.5780305731952793,19.906,0.0,0.0,19.906,47.366800000000026,51.891,42.223,3.4692012503573753,-4.481000000000002,0.5938999999999999,0.038039987880730215,0.688,0.09410000000000007,2446.103566666698,197.17633209457114,2885.6,59.72973333333333,26.385250000000003,34.35008609259214,67.8512685470193,20,100,0,90,1
47.56211272222075,65.24321326115403,190.95,0.0,190.95,-139.46200000000002,143.38788727777924,8.124648333333312,2.583105350291804,19.975,0.0,0.0,19.975,47.36756666666672,51.863,42.203,3.464919001349603,-4.469000000000001,0.6002833333333334,0.03539371373212216,0.69,0.08971666666666656,2445.048933333341,196.81208505831069,2881.6,59.694233333333315,26.422733333333333,34.351442574073594,67.86171232517795,20,100,0,90,1
47.5532172777763,65.23800394080521,191.03,0.0,191.03,-139.698,143.4767827222237,8.130393333333329,2.576662930388112,19.955,0.0,0.0,19.955,47.35853333333334,51.863,42.211,3.4623058571213243,-4.504000000000005,0.6051999999999998,0.04289909327001948,0.715,0.10980000000000012,2444.337200000034,197.75028333377028,2886.0,59.967499999999994,26.253850000000007,34.34738131481432,67.85756596446335,20,100,0,90,1
47.55387013888789,65.23501636798727,191.0,0.0,191.0,-139.433,143.44612986111213,8.122020000000003,2.587247616636547,19.995,0.0,0.0,19.995,47.349608333333336,51.852,42.164,3.463992351194686,-4.503999999999998,0.5992000000000002,0.03407708111953135,0.681,0.08179999999999987,2443.1750000000234,197.26981581505387,2881.4,59.67836666666666,26.280333333333328,34.34183282407374,67.85634106574335,20,100,0,90,1
47.55972149999867,65.23832703191337,191.06,0.0,191.06,-139.547,143.50027850000134,8.125518333333323,2.5786229493522947,19.891,0.0,0.0,19.891,47.35120000000003,51.828,42.211,3.460185543190631,-4.5,0.6049666666666667,0.036691090992120846,0.691,0.0860333333333333,2444.004533333358,196.84133674465872,2883.8,59.78366666666667,26.362949999999994,34.34547994444401,67.85364107225779,20,100,0,90,1
47.56552791666419,65.24036935744273,191.0,0.0,191.0,-139.441,143.4344720833358,8.12325916666664,2.586986808229657,20.27,0.0,0.0,20.27,47.33872083333334,51.828,42.172,3.4562950937812555,-4.484000000000002,0.6061499999999999,0.03771877426697999,0.687,0.0808500000000002,2447.7117000000326,196.67219285319317,2885.8,59.65278333333332,26.333450000000003,34.34250263888806,67.86507493993936,20,100,0,90,1
47.56662799999762,65.24474913072343,191.01,0.0,191.01,-139.42600000000002,143.44337200000237,8.128155833333329,2.5786697005244728,20.029,0.0,0.0,20.029,47.32897499999999,51.801,42.172,3.452000093239259,-4.497,0.6031166666666666,0.03796032347322784,0.687,0.08388333333333342,2449.0202000000563,196.6129303123805,2887.0,59.704733333333316,26.32299999999999,34.341252944443646,67.86137915472113,20,100,0,90,1
47.56070136110866,65.23250099853362,191.0,0.0,191.0,-139.496,143.43929863889133,8.130953333333329,2.578271522976983,20.035,0.0,0.0,20.035,47.32597916666665,51.816,42.172,3.452376191518676,-4.555,0.6064666666666666,0.04199574904502963,0.734,0.1275333333333334,2450.5072000000378,196.79124360707738,2888.8,59.74471666666666,26.275833333333324,34.339211287036214,67.85276827055563,20,100,0,90,1
47.56312711110877,65.23926663086957,191.06,0.0,191.06,-139.529,143.49687288889123,8.12505833333332,2.5894527963937057,20.255,0.0,0.0,20.255,47.31654999999992,51.801,42.145,3.463099067641765,-4.559000000000005,0.6017833333333332,0.039061920278184094,0.704,0.10221666666666673,2449.8438000000506,197.4402572022417,2887.0,59.543350000000004,26.43476666666667,34.33491181481401,67.86778134754145,20,100,0,90,1
47.56077741666484,65.23109211967578,191.04,0.0,191.04,-139.382,143.47922258333514,8.128057499999985,2.576019703687954,20.104,0.0,0.0,20.104,47.32301666666662,51.742,42.137,3.4535514725829177,-4.457000000000001,0.6027166666666667,0.040318264215843065,0.706,0.10328333333333328,2450.9449999999756,196.71918844260443,2888.4,59.756100000000025,26.453533333333333,34.33728386111048,67.84743008757957,20,100,0,90,1
47.55780386110884,65.22649842314783,190.98,0.0,190.98,-139.58700000000002,143.42219613889114,8.11989166666666,2.5797152324428443,19.73,0.0,0.0,19.73,47.307945833333285,51.781,42.145,3.4588915052011164,-4.559000000000005,0.5942333333333333,0.03814173685604106,0.682,0.08776666666666677,2449.650133333413,197.4120992141437,2891.0,59.51450000000003,26.347149999999996,34.32854712036959,67.84435539244673,20,100,0,90,1
47.55666658333107,65.23478530028927,190.98,0.0,190.98,-139.531,143.42333341666892,8.120949999999977,2.580648835954263,20.115,0.0,0.0,20.115,47.30431249999995,51.77,42.098,3.458569139383122,-4.535000000000004,0.5932166666666665,0.03749580390836372,0.69,0.09678333333333344,2448.5484333333934,196.479269961998,2887.8,59.62683333333335,26.380650000000006,34.32730969444367,67.85292994015191,20,100,0,90,1
47.55770327777536,65.23247158685017,191.01,0.0,191.01,-139.54899999999998,143.45229672222462,8.122852499999986,2.573409232252218,19.689,0.0,0.0,19.689,47.29396666666662,51.762,42.148,3.4479791909140483,-4.481000000000002,0.5943666666666665,0.037969642944209195,0.679,0.08463333333333356,2449.136766666687,196.4255116793267,2884.8,59.62151666666667,26.277766666666665,34.32484081481399,67.84385046204659,20,100,0,90,1
47.56401644444238,65.2407550908818,191.01,0.0,191.01,-139.42299999999997,143.4459835555576,8.128471666666655,2.575663361930711,19.966,0.0,0.0,19.966,47.28878749999994,51.758,42.09,3.4588639935971655,-4.472999999999999,0.5911666666666665,0.037301413917249705,0.682,0.09083333333333354,2450.227500000041,197.80866921182334,2889.0,59.785066666666665,26.379333333333328,34.32709187036966,67.85371986672976,20,100,0,90,1
47.56413380555313,65.23993243640967,191.02,0.0,191.02,-139.595,143.45586619444688,8.12277999999999,2.5834292227045696,19.829,0.0,0.0,19.829,47.28739999999994,51.734,42.066,3.4550432943293745,-4.562999999999995,0.5943666666666666,0.034817668740126415,0.678,0.08363333333333345,2453.2659333333527,195.44188094571788,2889.4,59.429366666666674,26.32443333333333,34.32477126851769,67.85817932785437,20,100,0,90,1
47.564593722220295,65.24044324889216,191.06,0.0,191.06,-139.375,143.4954062777797,8.128509999999979,2.577879236769275,20.075,0.0,0.0,20.075,47.287420833333286,51.746,42.098,3.4464069498536163,-4.5859999999999985,0.6010500000000001,0.041391649448503445,0.698,0.09694999999999987,2455.1165000000387,197.20515439486698,2891.0,59.55854999999998,26.32599999999999,34.32684151851785,67.85971413510994,20,100,0,90,1
47.564472277775536,65.23965891746624,191.04,0.0,191.04,-139.59,143.47552772222446,8.130195833333312,2.577521362885168,20.023,0.0,0.0,20.023,47.28396249999995,51.742,42.07,3.452666748531074,-4.551000000000002,0.5822166666666668,0.04319961223408309,0.681,0.09878333333333322,2456.1854999999573,196.7892824995841,2892.2,59.572750000000006,26.45633333333334,34.326210203702935,67.86037989258548,20,100,0,90,1
47.55961177777551,65.23296087922655,191.0,0.0,191.0,-139.52499999999998,143.4403882222245,8.127985833333328,2.585950823265902,19.96,0.0,0.0,19.96,47.27097916666664,51.703,42.078,3.4554233141395123,-4.473000000000006,0.6023999999999999,0.03982767966875061,0.692,0.08960000000000001,2452.9324333333075,197.4097256504243,2892.2,59.53838333333332,26.426900000000007,34.31952559259182,67.8587393821612,20,100,0,90,1
47.559055166664734,65.23232190546885,190.98,0.0,190.98,-139.38100000000003,143.42094483333526,8.128123333333317,2.586350144962816,19.945,0.0,0.0,19.945,47.251637499999944,51.719,42.0,3.4707338615197796,-4.616999999999997,0.7037666666666667,0.08953994784389259,0.846,0.14223333333333332,2452.101366666683,197.48694223549182,2889.0,59.53748333333332,26.508516666666658,34.312938666666,67.90821199827556,20,100,0,90,1
47.5702281388871,65.24520958265629,190.98,0.0,190.98,-139.451,143.4097718611129,8.12779,2.5851741870160985,20.079,0.0,0.0,20.079,47.21962916666665,51.703,41.984,3.4893476089928677,-4.570999999999998,0.6101,0.03597348364314652,0.703,0.09289999999999998,2452.322633333322,197.35381770471528,2889.0,59.566949999999984,26.57098333333334,34.30588243518458,67.86635725331553,20,100,0,90,1
47.56719122221962,65.24208794800747,191.01,0.0,191.01,-139.617,143.44280877778039,8.134255833333327,2.579402887574887,20.058,0.0,0.0,20.058,47.2350291666666,51.687,41.988,3.4597312909878286,-4.437999999999995,0.6137666666666669,0.04265206759415653,0.719,0.10523333333333307,2452.3508999999926,197.30845427116856,2889.4,59.67988333333333,26.398366666666668,34.31215874073985,67.86414290317651,20,100,0,90,1
47.56186838888685,65.23567063654751,190.98,0.0,190.98,-139.343,143.41813161111315,8.128269999999997,2.587064225434325,20.176,0.0,0.0,20.176,47.259024999999944,51.707,42.066,3.441820303786426,-4.562999999999995,0.6059,0.041126798554252116,0.698,0.09209999999999996,2452.5222999999655,197.2924724598607,2889.0,59.52098333333332,26.319283333333328,34.3163877962956,67.86386166053607,20,100,0,90,1
47.56354486110835,65.24412984258355,190.98,0.0,190.98,-139.62,143.41645513889165,8.129824166666666,2.5785300782395955,20.158,0.0,0.0,20.158,47.25754166666666,51.727,42.055,3.4589716731874995,-4.567,0.6081333333333331,0.04089692154784265,0.713,0.10486666666666689,2452.2014333333004,196.69311072814304,2887.2,59.653316666666676,26.517949999999995,34.31697023148056,67.86355684237098,20,100,0,90,1
47.55686299999781,65.23051163907991,190.98,0.0,190.98,-139.43800000000002,143.42313700000219,8.129924999999982,2.578474758672122,19.706,0.0,0.0,19.706,47.24205833333326,51.719,42.051,3.4602229565039417,-4.5589999999999975,0.6122833333333332,0.044716846128541037,0.717,0.10471666666666679,2453.144633333309,197.25378528814255,2889.4,59.571450000000006,26.413050000000002,34.309615444443686,67.85370324388056,20,100,0,90,1
47.568241638886924,65.24589087176692,191.0,0.0,191.0,-139.447,143.43175836111308,8.128455833333323,2.5838753503677063,20.001,0.0,0.0,20.001,47.23818749999996,51.68,42.004,3.471933861517991,-4.555,0.6026166666666666,0.040282094969617,0.701,0.09838333333333338,2449.8522333332967,198.39125573826195,2889.4,59.644516666666654,26.571583333333344,34.3116283240734,67.87004831710424,20,100,0,90,1
47.56544805555346,65.24580651628222,191.01,0.0,191.01,-139.4,143.44455194444652,8.126121666666656,2.5800492819152665,20.352,0.0,0.0,20.352,47.24340416666659,51.676,42.051,3.465260547236472,-4.469000000000001,0.5930833333333332,0.040097039776896944,0.693,0.09991666666666676,2446.634266666643,198.0744016202626,2887.8,59.76211666666667,26.560066666666668,34.31165796296224,67.86595283797438,20,100,0,90,1
47.559626916665806,65.24239423024831,190.95,0.0,190.95,-139.537,143.39037308333417,8.11620749999999,2.586442256407798,20.016,0.0,0.0,20.016,47.247624999999985,51.664,42.066,3.4407649973133014,-4.484999999999999,0.5951,0.032863198726059445,0.681,0.08590000000000009,2445.785533333365,197.02297297361574,2880.8,59.554300000000005,26.453883333333334,34.30781980555526,67.86169968538216,20,100,0,90,1
47.5524663055549,65.23619817621402,191.06,0.0,191.06,-139.583,143.5075336944451,8.114963333333321,2.5825662096407527,20.198,0.0,0.0,20.198,47.25269166666661,51.664,42.078,3.43397932993546,-4.457000000000001,0.5841500000000001,0.0295674036048518,0.656,0.07184999999999997,2448.5957000000085,196.0717227485568,2882.4,59.49996666666666,26.467633333333318,34.30670710185161,67.84833178945962,20,100,0,90,1
47.557226527776336,65.24107727163097,191.51,0.0,191.51,-139.45999999999998,143.95277347222367,8.112740833333335,2.5808575845816346,19.969,0.0,0.0,19.969,47.2351791666666,51.672,42.059,3.454093256267861,-4.534999999999997,0.5787333333333332,0.025150305228910125,0.635,0.0562666666666668,2446.9552000000185,196.33668241510625,2884.2,59.51451666666666,26.50038333333333,34.301715509258756,67.84708516144151,20,100,0,90,1
47.554641277776575,65.24215196427001,191.0,0.0,191.0,-139.665,143.44535872222343,8.115737499999987,2.574957211773133,20.129,0.0,0.0,20.129,47.22821249999994,51.664,42.004,3.462100499232901,-4.551000000000002,0.5897,0.029366359169080834,0.669,0.07930000000000004,2445.535166666677,198.0030354068104,2887.4,59.732833333333325,26.45010000000001,34.299530425925504,67.84647553521222,20,100,0,90,1
47.549737305554196,65.24080454007925,190.98,0.0,190.98,-139.39000000000001,143.4302626944458,8.115165833333323,2.5745194066359764,20.013,0.0,0.0,20.013,47.21159583333327,51.664,41.988,3.4702948108856044,-4.550999999999995,0.5944166666666669,0.023941518909284268,0.647,0.05258333333333309,2446.3093000000354,196.41572682230372,2879.6,59.685433333333336,26.612016666666673,34.2921663240736,67.8392654656245,20,100,0,90,1
47.55158736111005,65.24101355791151,190.98,0.0,190.98,-139.357,143.42841263888994,8.116338333333326,2.5751093699918983,19.667,0.0,0.0,19.667,47.210141666666615,51.664,42.0,3.458975538943541,-4.546999999999997,0.6075333333333334,0.025670313043502476,0.669,0.06146666666666667,2447.422733333332,197.02276737729167,2883.6,59.597649999999994,26.452433333333328,34.29268912037,67.84179324094691,20,100,0,90,1
47.55560149999903,65.24155745639527,190.96,0.0,190.96,-139.40200000000002,143.40439850000098,8.11459833333333,2.5848393142639177,20.146,0.0,0.0,20.146,47.202791666666606,51.664,42.0,3.4622542645506096,-4.5319999999999965,0.6108000000000003,0.03129184655812039,0.686,0.07519999999999971,2447.8741333334165,197.03789253025508,2885.8,59.5424,26.425616666666663,34.29099716666632,67.8576886172173,20,100,0,90,1
47.56584847222096,65.2517713681797,190.96,0.0,190.96,-139.49599999999998,143.39415152777906,8.121256666666655,2.5779052061377437,20.071,0.0,0.0,20.071,47.20069999999998,51.672,42.0,3.4563555844790956,-4.519999999999996,0.60935,0.026845335421601765,0.676,0.0666500000000001,2447.3881666667176,197.73641266794547,2885.6,59.68916666666668,26.4181,34.29593504629586,67.85652190973904,20,100,0,90,1
47.55555483333243,65.23456968729975,191.03,0.0,191.03,-139.627,143.47444516666758,8.122424166666645,2.5765070977850524,20.164,0.0,0.0,20.164,47.18765833333328,51.672,41.984,3.4666738945484403,-4.594000000000001,0.6135999999999998,0.030885902658832055,0.692,0.07840000000000014,2444.572600000036,197.15886443562272,2881.4,59.807583333333355,26.536933333333323,34.28854577777745,67.84196268774365,20,100,0,90,1
47.560190472220995,65.24887493566658,190.94,0.0,190.94,-139.49699999999999,143.379809527779,8.120839999999987,2.5769851897692857,19.979,0.0,0.0,19.979,47.18097916666661,51.66,41.984,3.471611555223184,-4.469000000000001,0.6005666666666668,0.03507249956858938,0.682,0.08143333333333325,2445.4568000000218,197.18661033052493,2883.4,59.74958333333335,26.63828333333333,34.28733654629587,67.86093262500445,20,100,0,90,1
47.56449072222051,65.24155904672388,191.04,0.0,191.04,-139.599,143.47550927777948,8.12221666666666,2.585270459903166,20.173,0.0,0.0,20.173,47.175758333333306,51.648,41.984,3.4549044007526906,-4.616999999999997,0.5963166666666666,0.0355644517178137,0.68,0.08368333333333344,2446.4088333333452,196.8507936343276,2882.4,59.637900000000016,26.456866666666663,34.28748857407349,67.86239395834487,20,100,0,90,1
47.563934638886835,65.23879191700117,191.0,0.0,191.0,-139.55,143.43606536111315,8.122965833333339,2.587539238818675,20.136,0.0,0.0,20.136,47.16868749999998,51.637,41.988,3.463241476013766,-4.469000000000001,0.5946999999999999,0.03185097715553971,0.678,0.08330000000000015,2445.799733333372,197.08583684385584,2883.4,59.63663333333332,26.567516666666666,34.28519599074005,67.85818213297539,20,100,0,90,1
47.56808044444264,65.24810033095298,191.0,0.0,191.0,-139.58700000000002,143.43191955555736,8.131389166666658,2.576150249138771,19.818,0.0,0.0,19.818,47.16325833333333,51.645,41.984,3.4626719361164957,-4.551000000000002,0.5960666666666666,0.03728491614247526,0.674,0.07793333333333341,2446.9870333333724,196.8772236667614,2883.6,59.861283333333375,26.48469999999999,34.28757598148088,67.86153549623423,20,100,0,90,1
47.56732891666459,65.23954772122487,191.0,0.0,191.0,-139.545,143.4326710833354,8.12614749999998,2.589443796788097,20.115,0.0,0.0,20.115,47.16635,51.625,41.988,3.460840348647775,-4.563000000000002,0.5919499999999999,0.03939819534712434,0.681,0.08905000000000018,2447.2298333333783,197.63516250796266,2883.6,59.62860000000002,26.513966666666672,34.286608805554856,67.86838971336009,20,100,0,90,1
47.571698722219736,65.24753720407716,190.94,0.0,190.94,-139.441,143.36830127778026,8.125468333333334,2.589017242616593,20.039,0.0,0.0,20.039,47.16617083333334,51.664,41.988,3.4627518913532387,-4.609999999999999,0.5926499999999998,0.03855958409298173,0.683,0.09035000000000026,2446.9797666666864,196.9465158843014,2883.6,59.605533333333355,26.44373333333333,34.28777929629547,67.87511403078673,20,100,0,90,1
47.57251072221962,65.22813518983757,190.96,0.0,190.96,-139.441,143.3874892777804,8.123966666666657,2.588188424359571,20.069,0.0,0.0,20.069,47.17052083333338,51.664,41.957,3.4773097918772633,-4.606000000000002,0.5922999999999998,0.03547369519584136,0.685,0.09270000000000023,2446.8698666667133,197.39584655885915,2883.6,59.57813333333334,26.51461666666667,34.28899940740655,67.85179730939299,20,100,0,90,1
47.569028916664884,65.24557158926763,191.01,0.0,191.01,-139.511,143.4409710833351,8.125774999999994,2.5881302539125968,20.243,0.0,0.0,20.243,47.16064583333339,51.676,41.965,3.474744978388504,-4.625,0.5949499999999996,0.03641587705513786,0.681,0.0860500000000004,2446.2822666667403,197.474023077705,2883.6,59.68368333333333,26.5496,34.28514991666609,67.87011772023536,20,100,0,90,1
47.56700988888752,65.24765629364873,190.92,0.0,190.92,-139.558,143.35299011111246,8.124630833333324,2.5790171491795943,19.998,0.0,0.0,19.998,47.15139166666672,51.664,41.965,3.4693033238776256,-4.546999999999997,0.6061666666666667,0.03416816174212713,0.681,0.07483333333333331,2444.7234666667055,197.70823302756858,2883.6,59.76413333333335,26.520699999999998,34.28101079629585,67.86084160457045,20,100,0,90,1
47.56473419444383,65.24887991095818,190.94,0.0,190.94,-139.47899999999998,143.37526580555618,8.122821666666663,2.5768696129928386,20.058,0.0,0.0,20.058,47.139766666666745,51.605,41.977,3.465088352785264,-4.567,0.6022833333333335,0.03864970527072781,0.69,0.08771666666666644,2444.2759000000024,196.64020445352622,2883.6,59.79546666666668,26.54551666666668,34.27577417592575,67.86439922922175,20,100,0,90,1
47.56819247222027,65.25071162651432,190.98,0.0,190.98,-139.46800000000002,143.41180752777973,8.127129999999998,2.5793217293673005,20.352,0.0,0.0,20.352,47.14187083333338,51.633,41.965,3.462280233344567,-4.555,0.6066333333333335,0.03614704745270385,0.687,0.08036666666666659,2445.2830666667023,197.11731748564782,2881.6,59.81926666666666,26.467433333333346,34.27906443518455,67.86618040333431,20,100,0,90,1
47.56650494444315,65.24989565696987,190.96,0.0,190.96,-139.48499999999999,143.39349505555685,8.119766666666646,2.5850446837988286,19.788,0.0,0.0,19.788,47.1470666666667,51.598,41.965,3.4578692963804705,-4.555,0.6099166666666664,0.037984069661143476,0.708,0.09808333333333352,2443.187500000019,197.67968094822822,2885.6,59.676449999999996,26.485666666666678,34.2777794259255,67.87292441042985,20,100,0,90,1
47.56552816666494,65.24725615416097,191.02,0.0,191.02,-139.42000000000002,143.45447183333508,8.120880000000003,2.5839334354685772,19.701,0.0,0.0,19.701,47.13865416666669,51.586,41.988,3.4545271917286464,-4.551000000000002,0.6052666666666667,0.035690224017165845,0.692,0.08673333333333322,2441.75450000002,196.96162562813686,2879.4,59.7261666666667,26.515366666666676,34.27502077777721,67.8668798136467,20,100,0,90,1
47.569608277776254,65.24922683527805,191.02,0.0,191.02,-139.493,143.45039172222374,8.125433333333335,2.577432358347567,20.192,0.0,0.0,20.192,47.14521666666667,51.57,41.984,3.4488610130863737,-4.542999999999999,0.6098999999999998,0.03612206236956175,0.693,0.08310000000000017,2441.738933333377,197.02079055143852,2877.8,59.88903333333334,26.634849999999993,34.280086092592086,67.86278125599517,20,100,0,90,1
47.5689983055541,65.25684275713535,190.95,0.0,190.95,-139.559,143.3810016944459,8.125830833333325,2.5788526799405718,20.096,0.0,0.0,20.096,47.14998749999999,51.578,41.973,3.44934848433299,-4.5589999999999975,0.6071833333333333,0.03372043170133347,0.695,0.08781666666666665,2438.655700000029,198.31811595690422,2879.4,59.951266666666676,26.64923333333332,34.2816055462958,67.86941586877725,20,100,0,90,1
47.57629302777543,65.25822800330494,191.39,0.0,191.39,-139.475,143.81370697222457,8.125199166666654,2.5843339163103125,20.014,0.0,0.0,20.014,47.15387916666667,51.645,41.977,3.458043363788301,-4.625,0.6064833333333333,0.0340401018076246,0.684,0.07751666666666679,2438.816433333354,197.39670782459592,2877.8,59.87331666666668,26.673583333333337,34.28512378703625,67.87660202142287,20,100,0,90,1
47.57190605555414,65.25574870941212,190.98,0.0,190.98,-139.60399999999998,143.40809394444585,8.124532499999981,2.5888905021850586,20.136,0.0,0.0,20.136,47.15504999999999,51.609,41.977,3.455060072744923,-4.657000000000004,0.6037000000000001,0.03786608875981388,0.693,0.08929999999999982,2438.431066666691,197.22482473929205,2877.6,59.86281666666667,26.785050000000002,34.28382951851804,67.88250530035698,20,100,0,90,1
47.57302447222021,65.25669798516373,190.95,0.0,190.95,-139.637,143.3769755277798,8.12632916666666,2.5851824266961745,20.354,0.0,0.0,20.354,47.15420833333336,51.625,41.984,3.4589656044329105,-4.590000000000003,0.6098333333333333,0.03995640279471846,0.702,0.09216666666666662,2439.9801999999854,197.12737251531678,2881.4,59.87593333333338,26.811716666666662,34.284520657406745,67.88183681465462,20,100,0,90,1
47.574319305553615,65.25431297939433,190.98,0.0,190.98,-139.614,143.40568069444637,8.129243333333324,2.5799721955020223,19.991,0.0,0.0,19.991,47.14778749999997,51.586,41.984,3.4575859635359154,-4.57,0.5950499999999999,0.03920844988485112,0.69,0.09495000000000009,2442.7555333333785,198.24660791290657,2885.0,59.90841666666667,26.865650000000006,34.28378337962897,67.8734936247812,20,100,0,90,1
47.57619780555308,65.25532827851369,191.0,0.0,191.0,-139.74599999999998,143.42380219444692,8.125591666666645,2.5879980383433985,20.01,0.0,0.0,20.01,47.147558333333386,51.617,41.977,3.4583611853930463,-4.628999999999998,0.6053666666666666,0.037197123392818505,0.68,0.07463333333333344,2443.070700000045,197.25023752637335,2882.2,59.75418333333335,26.659216666666666,34.28311593518437,67.8805234402499,20,100,0,90,1
47.57171347222015,65.25207470313077,190.94,0.0,190.94,-139.553,143.36828652777984,8.126745833333333,2.583968880852409,20.263,0.0,0.0,20.263,47.13772500000007,51.582,41.965,3.459862949767165,-4.555,0.601533333333333,0.039901772046230966,0.708,0.10646666666666693,2441.126566666706,196.99207779501666,2879.8,59.85133333333335,26.63885000000001,34.27872810185118,67.87594535602942,20,100,0,90,1
47.570852583331956,65.25534265272404,190.93,0.0,190.93,-139.58,143.35914741666807,8.123393333333329,2.5878292016546096,20.148,0.0,0.0,20.148,47.13817083333338,51.594,41.973,3.457176386738204,-4.551000000000002,0.6063500000000001,0.03277598593844721,0.682,0.07565,2439.483066666685,197.6751572603275,2877.6,59.82865000000002,26.490549999999995,34.277472249999555,67.8759478403171,20,100,0,90,1
47.56494888888751,65.2507128848179,190.95,0.0,190.95,-139.689,143.3850511111125,8.121105833333317,2.5828899334478477,19.784,0.0,0.0,19.784,47.13158750000011,51.594,41.977,3.4571522746405465,-4.570999999999998,0.6072666666666666,0.03773811033625576,0.693,0.08573333333333333,2439.3196000000175,196.72467571586586,2875.6,59.815149999999996,26.36583333333333,34.27254740740698,67.871340928602,20,100,0,90,1
47.5698030277756,65.25570437648811,191.01,0.0,191.01,-139.434,143.44019697222438,8.128762499999995,2.5765576849769465,20.054,0.0,0.0,20.054,47.12787500000004,51.586,41.977,3.4542622656957023,-4.574000000000005,0.6173,0.03209324338839006,0.688,0.07069999999999999,2442.2285666667044,196.91199402993297,2877.6,59.95615000000001,26.460616666666674,34.27548017592521,67.86435530485345,20,100,0,90,1
47.58338794444282,65.26616029932744,190.98,0.0,190.98,-139.567,143.39661205555717,8.127480833333328,2.582206163378736,20.378,0.0,0.0,20.378,47.115516666666686,51.566,41.973,3.445457438724814,-4.562999999999995,0.6161333333333334,0.037754544755797474,0.703,0.08686666666666654,2442.1399333333256,196.70106268990884,2879.6,59.889233333333344,26.404700000000005,34.27546181481428,67.88612100746198,20,100,0,90,1
47.575264194441935,65.26168364028472,190.96,0.0,190.96,-139.44199999999998,143.38473580555808,8.124559999999986,2.5849358801177775,19.847,0.0,0.0,19.847,47.11935000000005,51.586,41.977,3.4463558175151476,-4.5589999999999975,0.6152666666666671,0.03184702134205934,0.69,0.07473333333333287,2443.4424333333272,197.34331277394477,2881.4,59.73345000000001,26.375733333333336,34.27305806481399,67.87846654174456,20,100,0,90,1
47.593188888886885,65.28045931566268,190.94,0.0,190.94,-139.565,143.3468111111131,8.126609999999992,2.5905005331164728,20.324,0.0,0.0,20.324,47.114937500000025,51.57,41.922,3.4518146001392243,-4.542999999999999,0.6145833333333336,0.03539428837704631,0.692,0.07741666666666636,2446.0553666667033,196.85373639698705,2883.8,59.711816666666685,26.599816666666666,34.2782454629623,67.9063541371562,20,100,0,90,1
47.574468666664366,65.26247589719976,191.0,0.0,191.0,-139.605,143.42553133333564,8.128175000000011,2.584468502208418,20.215,0.0,0.0,20.215,47.11804583333334,51.559,41.973,3.4439386025753898,-4.484000000000002,0.6159499999999999,0.03292797738876859,0.689,0.07305000000000006,2444.6424666667003,197.00185953105114,2884.8,59.78813333333331,26.44546666666668,34.2735631666659,67.87987237679695,20,100,0,90,1
47.57470811110902,65.25733889552674,190.98,0.0,190.98,-139.523,143.40529188889099,8.126759166666645,2.5807666270222756,20.169,0.0,0.0,20.169,47.11198749999999,51.566,41.926,3.4552136791927577,-4.567,0.6251833333333333,0.03201032231114327,0.701,0.07581666666666664,2442.7693666667005,197.29872937511377,2881.6,59.82096666666666,26.461633333333335,34.271151592591885,67.87011584486015,20,100,0,90,1
47.573199444442906,65.2619706176667,191.04,0.0,191.04,-139.559,143.46680055555709,8.12765166666665,2.5756699189932886,19.822,0.0,0.0,19.822,47.119179166666676,51.586,41.91,3.447560228398403,-4.445,0.6266500000000002,0.03369042765021302,0.706,0.07934999999999981,2440.9820333333555,196.91833920668284,2879.4,59.911366666666666,26.254800000000007,34.27334342592541,67.8713309643102,20,100,0,90,1
47.57489774999803,65.26482041820736,191.08,0.0,191.08,-139.599,143.50510225000198,8.126331666666648,2.577755468628459,19.776,0.0,0.0,19.776,47.109474999999975,51.582,41.91,3.4679190050106143,-4.608999999999995,0.6276833333333335,0.03894519907605361,0.728,0.1003166666666665,2441.067533333417,196.88343480445212,2879.8,59.89826666666668,26.457666666666665,34.270234805554885,67.88152108591187,20,100,0,90,1
47.58815988888708,65.28066800296125,190.94,0.0,190.94,-139.404,143.35184011111292,8.125998333333333,2.588900022423096,20.226,0.0,0.0,20.226,47.106454166666666,51.555,41.906,3.4572962708114363,-4.605000000000004,0.6250666666666669,0.039027963319957594,0.713,0.08793333333333309,2443.548133333356,197.68533649521513,2883.0,59.75129999999997,26.394733333333328,34.27353746296236,67.90859598870429,20,100,0,90,1
47.586773111108556,65.27429795086947,190.98,0.0,190.98,-139.64700000000002,143.39322688889143,8.131654166666662,2.578086846103977,19.74,0.0,0.0,19.74,47.09035000000001,51.516,41.91,3.451940507324654,-4.469000000000001,0.6245166666666668,0.0402005530220274,0.726,0.10148333333333315,2445.0581999999904,196.8652830813679,2881.2,59.81636666666663,26.443416666666668,34.269592425925076,67.89258534999547,20,100,0,90,1
47.58657519444161,65.26794975533927,191.02,0.0,191.02,-139.605,143.4334248055584,8.130394166666669,2.5905259001147387,20.294,0.0,0.0,20.294,47.07005416666665,51.5,41.898,3.4399380262831425,-4.542999999999999,0.6243,0.038604162417182473,0.724,0.09970000000000001,2445.0035666667027,197.5336645031615,2883.2,59.75344999999997,26.465949999999996,34.26234117592497,67.8970798178712,20,100,0,90,1
47.58299838888724,65.26722652145685,191.03,0.0,191.03,-139.41,143.44700161111277,8.130882499999991,2.5824019029482437,19.88,0.0,0.0,19.88,47.07790833333332,51.496,41.906,3.4362074951494215,-4.535000000000004,0.6233666666666672,0.04222777889890095,0.724,0.1006333333333328,2445.0355333333414,197.65103144790558,2884.2,59.81193333333332,26.53484999999999,34.26392974074019,67.891856203304,20,100,0,90,1
47.58298272222025,65.27335081754146,191.06,0.0,191.06,-139.597,143.47701727777974,8.133314999999982,2.577439655308273,19.985,0.0,0.0,19.985,47.06542916666659,51.488,41.898,3.4534140180260584,-4.5390000000000015,0.6152833333333333,0.04516189021380323,0.72,0.10471666666666668,2442.747166666727,197.76228906392015,2882.2,60.04231666666667,26.630483333333338,34.26057562962894,67.89595236306353,20,100,0,90,1
47.58527427777544,65.27257022639579,191.03,0.0,191.03,-139.64700000000002,143.44472572222458,8.126323333333325,2.5870357303963765,19.933,0.0,0.0,19.933,47.04902083333325,51.488,41.84,3.449831613679728,-4.5390000000000015,0.6219000000000002,0.034450012914809036,0.701,0.07909999999999973,2442.8976666666854,196.57063442167987,2880.4,59.79524999999999,26.50129999999999,34.25353948148067,67.89405596970697,20,100,0,90,1
47.58235713888682,65.2760936090678,191.03,0.0,191.03,-139.501,143.4476428611132,8.133988333333322,2.577838382987684,19.949,0.0,0.0,19.949,47.05012499999994,51.449,41.844,3.440535315365351,-4.5390000000000015,0.6286833333333335,0.036611793814666935,0.712,0.08331666666666648,2440.9252000000133,197.49356093147668,2879.8,60.09783333333335,26.42793333333332,34.25549015740669,67.89054378587015,20,100,0,90,1
47.57479738888737,65.26940177828239,191.02,0.0,191.02,-139.546,143.44520261111265,8.123984166666665,2.578675181883265,19.803,0.0,0.0,19.803,47.057108333333275,51.457,41.852,3.437446782354634,-4.484000000000002,0.6317833333333334,0.03799558032579297,0.723,0.09121666666666661,2437.227700000053,197.41074714046792,2879.2,59.90028333333333,26.595533333333325,34.25196329629577,67.88607254049145,20,100,0,90,1
47.58240833333071,65.27162701234153,191.04,0.0,191.04,-139.603,143.4575916666693,8.129604166666653,2.5773318455367082,19.869,0.0,0.0,19.869,47.07090416666669,51.461,41.91,3.4233524142693548,-4.480000000000004,0.6259000000000001,0.03553356016929749,0.721,0.09509999999999985,2438.621999999987,196.10915500331106,2871.6,60.01773333333332,26.472550000000002,34.26097222222135,67.88449241804753,20,100,0,90,1
47.57767958333122,65.267382201972,191.03,0.0,191.03,-139.55499999999998,143.45232041666878,8.130640833333318,2.5873914832134464,20.086,0.0,0.0,20.086,47.08359583333335,51.484,41.906,3.4308975208112713,-4.449000000000005,0.6241,0.035038816248095433,0.719,0.09489999999999998,2444.9181999999687,196.47756859563776,2881.2,59.75223333333335,26.664683333333336,34.263972083332625,67.88981250143354,20,100,0,90,1
47.58165124999799,65.2648000542692,191.01,0.0,191.01,-139.43699999999998,143.428348750002,8.127927499999984,2.58996121685849,20.268,0.0,0.0,20.268,47.06633749999995,51.504,41.922,3.4384515925393515,-4.535000000000004,0.6182666666666667,0.04070017143455615,0.714,0.09573333333333323,2445.0732666667263,197.96487009979276,2881.4,59.73248333333332,26.63361666666666,34.25863874999931,67.89546144256224,20,100,0,90,1
47.62353080555346,65.3221988219682,191.09,0.0,191.09,-139.54,143.46646919444655,8.146484999999986,2.5920057641415046,20.479,0.0,0.0,20.479,47.039099999999976,51.449,41.906,3.425041554034334,-4.4609999999999985,0.6209500000000001,0.03820303697218724,0.719,0.09804999999999986,2448.040033333376,194.58203673215922,2886.0,60.103650000000016,26.445266666666672,34.269705268517804,67.9524076230819,20,100,0,130,1
47.638975694442756,65.33563213984279,191.03,0.0,191.03,-139.779,143.39102430555724,8.140586666666653,2.601987222376402,20.479,0.0,0.0,20.479,47.03403749999993,51.414,41.906,3.435431735283484,-4.5390000000000015,0.6215500000000002,0.03736599786718092,0.714,0.09244999999999981,2451.638099999982,195.09674447567673,2883.2,59.77950000000001,26.57161666666667,34.27119995370311,67.97498536008638,20,100,0,130,1
47.62547252777566,65.32272025271146,191.0,0.0,191.0,-139.601,143.37452747222434,8.14074833333333,2.602674386722237,20.479,0.0,0.0,20.479,47.02430416666659,51.418,41.816,3.43775771208674,-4.448999999999998,0.6204333333333333,0.03674159268143342,0.708,0.08756666666666668,2452.810266666684,196.03152068169805,2889.0,59.74974999999998,26.8041,34.263508342591855,67.96213623211514,20,100,0,130,1
47.63209366666436,65.32300429643885,190.98,0.0,190.98,-139.695,143.34790633333563,8.143375833333337,2.5983394099547006,20.479,0.0,0.0,20.479,47.021345833333285,51.422,41.906,3.4291861412288425,-4.453000000000003,0.6226833333333331,0.03798326646134382,0.72,0.09731666666666683,2451.604900000025,196.83283673443856,2890.4,59.8900666666667,26.612733333333324,34.265605111110325,67.9593269728549,20,100,0,130,1
47.63562477777531,65.32614107012994,191.01,0.0,191.01,-139.671,143.37437522222467,8.139639999999993,2.6083438139190305,20.479,0.0,0.0,20.479,47.01583333333333,51.414,41.832,3.440893963663677,-4.5390000000000015,0.6216000000000003,0.043684229012388213,0.723,0.10139999999999971,2449.430800000026,195.67406474704077,2887.0,59.79518333333336,26.73365000000001,34.263699370369544,67.97816911306136,20,100,0,130,1
47.642607972219764,65.32474614875747,191.02,0.0,191.02,-139.655,143.37739202778025,8.137358333333331,2.606928991918392,20.479,0.0,0.0,20.479,47.02122083333326,51.402,41.859,3.427656279482448,-4.477000000000004,0.6177000000000002,0.032497353216865144,0.705,0.08729999999999971,2448.5225000000205,196.85176178138732,2887.0,59.80193333333332,26.689199999999992,34.26706237962878,67.96417249389273,20,100,0,130,1
47.63123024999756,65.32873808209776,191.0,0.0,191.0,-139.567,143.36876975000246,8.136554999999989,2.606845819103772,20.479,0.0,0.0,20.479,47.00842499999998,51.406,41.82,3.4431016647565573,-4.551000000000002,0.6149000000000001,0.03302885230742606,0.692,0.07709999999999984,2447.3775000000483,195.43366105423644,2883.4,59.867016666666686,26.722516666666657,34.25873674999917,67.96861275350895,20,100,0,130,1
47.63039372222005,65.32842961040366,191.03,0.0,191.03,-139.701,143.39960627777995,8.144486666666657,2.5948798934067376,20.479,0.0,0.0,20.479,46.99618749999998,51.402,41.828,3.4520967860022087,-4.522999999999996,0.6202,0.03156580428248268,0.682,0.06180000000000008,2449.009600000057,195.5919602565321,2883.6,60.07408333333334,26.654649999999993,34.25702262962889,67.95487530809288,20,100,0,130,1
47.62800691666447,65.32220745611502,190.98,0.0,190.98,-139.823,143.35199308333551,8.135460833333328,2.6015507536344074,20.479,0.0,0.0,20.479,46.98420833333336,51.414,41.746,3.4631158821672985,-4.573999999999998,0.6175833333333334,0.0358529443117188,0.699,0.08141666666666658,2445.3392666666973,196.49363230408147,2881.6,59.95423333333335,26.64088333333333,34.24922536111038,67.95961115406115,20,100,0,130,1
47.62709997222058,65.33008920715268,190.98,0.0,190.98,-139.649,143.3529000277794,8.129783333333322,2.6063371128226973,20.479,0.0,0.0,20.479,46.96975416666667,51.402,41.762,3.454316601296258,-4.546999999999997,0.6058833333333332,0.025812946210969342,0.662,0.056116666666666815,2446.365433333365,195.4589874656806,2880.6,59.76689999999999,26.628766666666657,34.242212490740194,67.96223926618636,20,100,0,130,1
47.440844361110216,65.07278053442533,190.9,0.0,190.9,-139.728,143.4591556388898,7.993430833333315,2.626533762373275,20.479,0.0,0.0,20.479,46.937408333333295,51.324,41.773,3.432750130143062,-4.522999999999996,0.6092833333333335,0.03243302965233713,0.684,0.07471666666666654,2473.6570000000734,196.05344551061268,2913.6,56.48151666666664,26.51231666666667,34.12389450925894,67.73174732645094,20,100,2,130,1
47.38635791666613,65.11103423316422,190.55,0.0,190.55,-139.013,143.16364208333388,7.97585333333333,2.6589863216467426,20.479,0.0,0.0,20.479,46.86177916666664,51.254,41.738,3.423821095275158,-4.542999999999999,0.6140000000000002,0.029312460473031807,0.696,0.08199999999999974,2476.9067333333605,198.0845793546078,2913.4,55.35391666666669,26.691850000000002,34.074663472222035,67.79933301528399,20,73,2,130,0
47.39103974999962,65.12108753355972,190.55,0.0,190.55,-139.00900000000001,143.1589602500004,7.976862499999985,2.6517404054523652,20.479,0.0,0.0,20.479,46.812887499999974,51.172,41.734,3.410574485014911,-4.469000000000001,0.6169500000000003,0.027931772201295894,0.682,0.06504999999999972,2474.3159333333724,198.48248181823757,2911.6,55.51353333333332,26.681149999999995,34.060263249999856,67.80075971121337,20,73,2,130,0
47.387597888888365,65.11790053048192,190.66,0.0,190.66,-139.105,143.27240211111163,7.97409499999999,2.6605545276571942,20.479,0.0,0.0,20.479,46.77881666666666,51.164,41.672,3.4007541853256265,-4.405999999999999,0.6189500000000001,0.027865551906446226,0.684,0.06504999999999994,2473.760400000033,197.81514417181836,2909.6,55.35811666666667,26.69236666666667,34.04683651851834,67.80632061004556,20,73,2,130,0
47.396392166665976,65.12212209491308,190.6,0.0,190.6,-139.136,143.20360783333402,7.9852833333333155,2.6595120391958647,20.479,0.0,0.0,20.479,46.77480416666665,51.137,41.687,3.3840437113237667,-4.4140000000000015,0.6153166666666667,0.03641171894920864,0.691,0.07568333333333321,2474.15743333335,197.89423633903098,2909.6,55.75066666666668,26.68406666666666,34.052159888888646,67.81804585305815,20,73,2,130,0
47.386482111110666,65.1157100831026,190.6,0.0,190.6,-139.135,143.21351788888933,7.973949999999999,2.6577080817325336,20.479,0.0,0.0,20.479,46.7473416666666,51.082,41.656,3.3814579101707927,-4.402000000000001,0.6226333333333334,0.03242146530355128,0.703,0.08036666666666659,2473.9084333333712,198.29973344979547,2911.6,55.36955000000001,26.749283333333338,34.03592459259242,67.80583963013869,20,73,2,130,0
47.39043947222155,65.1146287809334,190.52,0.0,190.52,-138.99499999999998,143.12956052777847,7.974551666666659,2.6546440206540343,20.479,0.0,0.0,20.479,46.72697916666665,51.055,41.648,3.3791086126818355,-4.378999999999998,0.6217166666666667,0.02888615389776996,0.696,0.07428333333333326,2472.975566666661,198.0276606489,2909.6,55.45231666666665,26.77145,34.03065676851829,67.7981589554852,20,73,2,130,0
47.386562388888365,65.11218305851246,190.56,0.0,190.56,-139.077,143.17343761111164,7.976852499999999,2.6524633944931932,20.479,0.0,0.0,20.479,46.70459166666667,51.035,41.578,3.3847536093113435,-4.546999999999997,0.6195499999999998,0.02832644150145928,0.686,0.06645000000000023,2473.663500000049,197.9410486757993,2907.6,55.51806666666667,26.848333333333326,34.02266885185168,67.79297289450712,20,73,2,130,0
47.39891538888859,65.12909087621689,190.55,0.0,190.55,-139.18699999999998,143.15108461111143,7.977499166666646,2.6522874465101003,20.479,0.0,0.0,20.479,46.68044166666665,51.0,41.566,3.413098740021344,-4.550999999999995,0.6217166666666665,0.03300287181477698,0.7,0.07828333333333348,2472.1768333333653,198.15154546239032,2909.4,55.634083333333336,27.126866666666658,34.01895207407396,67.81438119454177,20,73,2,130,0
47.39892836111062,65.12871021680257,190.69,0.0,190.69,-139.014,143.29107163888938,7.983116666666658,2.660807966060139,20.479,0.0,0.0,20.479,46.679966666666665,50.98,41.566,3.3860764854638825,-4.469000000000001,0.6260500000000004,0.03608672463545638,0.715,0.08894999999999953,2470.883433333366,198.42892957486717,2907.6,55.8104,26.818516666666667,34.02067056481465,67.82560490749816,20,73,2,130,0
47.389911611110556,65.11363221421517,190.57,0.0,190.57,-139.071,143.18008838888943,7.973057500000006,2.6550687874482937,20.479,0.0,0.0,20.479,46.667541666666665,50.996,41.59,3.388365282397923,-4.534999999999997,0.6199833333333332,0.030677376231180206,0.686,0.06601666666666683,2469.379900000041,198.51995964735232,2906.4,55.52541666666669,26.62641666666666,34.01017025925908,67.79937837789466,20,73,2,130,0
47.41428561111001,65.08638763870317,190.52,0.0,190.52,-139.034,143.10571438889,7.991969166666666,2.660821675699858,20.479,0.0,0.0,20.479,46.67204999999999,50.996,41.566,3.3827554806460673,-4.479999999999997,0.6253500000000002,0.0335174252682119,0.7,0.07464999999999977,2468.479766666677,197.190531639428,2905.4,56.32061666666666,26.541749999999997,34.02610159259222,67.78072673967125,20,80,2,130,0
47.42287966666639,65.09717606664682,190.61,0.0,190.61,-139.134,143.1871203333336,7.991522499999997,2.6547113238551168,20.015,0.0,0.0,20.015,46.65737499999998,50.973,41.555,3.399748512881037,-4.496000000000002,0.6283999999999996,0.03180619276658375,0.711,0.08260000000000034,2472.211233333401,196.57400257975942,2906.6,56.25701666666665,26.635366666666666,34.023925722222124,67.78369358326852,20,80,2,130,0
47.4200608611104,65.0938497970727,190.58,0.0,190.58,-139.232,143.15993913888963,7.991524166666649,2.6600962205657517,20.134,0.0,0.0,20.134,46.640058333333315,50.969,41.539,3.3937652872635238,-4.495999999999995,0.62825,0.03103504033851994,0.707,0.07874999999999999,2473.0478333333367,197.2439596588681,2909.6,56.18155,26.56935,34.01721445370345,67.78498105797698,20,80,2,130,0
47.42442297222134,65.09770510088444,190.61,0.0,190.61,-138.895,143.18557702777866,7.991451666666651,2.661909044426178,20.479,0.0,0.0,20.479,46.62500000000002,50.926,41.555,3.384917151943754,-4.479999999999997,0.6283833333333335,0.029636836713716277,0.7,0.07161666666666644,2475.028733333373,197.5094447645245,2911.6,56.13321666666665,26.372266666666665,34.01362487962934,67.78925098202434,20,80,2,130,0
47.426110138888575,65.10478139845482,190.55,0.0,190.55,-139.203,143.12388986111142,7.993524999999996,2.6620867966319834,20.479,0.0,0.0,20.479,46.61516666666666,50.918,41.566,3.382071758251699,-4.375,0.6328666666666667,0.03498351508473121,0.716,0.08313333333333328,2474.6531666667142,197.1700405169401,2911.4,56.1536333333333,26.428416666666653,34.01160060185175,67.80185171017153,20,80,2,130,0
47.42686561111035,65.10312245375516,190.57,0.0,190.57,-139.21599999999998,143.14313438888965,7.996250833333335,2.661925966812995,20.479,0.0,0.0,20.479,46.62216666666663,50.914,41.523,3.3838345480026986,-4.433,0.6339166666666668,0.028896244355505914,0.709,0.07508333333333317,2475.427133333358,196.96852829146363,2911.6,56.17108333333333,26.633966666666673,34.0150943703701,67.79394466492367,20,80,2,130,0
47.415210527777376,65.09621668786744,190.59,0.0,190.59,-139.185,143.17478947222264,7.994423333333324,2.662940791149864,20.479,0.0,0.0,20.479,46.63163333333332,50.914,41.555,3.381931868335635,-4.371000000000002,0.6291166666666668,0.03542434845239693,0.716,0.0868833333333332,2472.4423666667108,198.07906462918524,2911.6,56.2438666666667,26.792199999999994,34.01375573148134,67.7945818274697,20,80,2,130,0
47.42164699999953,65.10505336484508,190.58,0.0,190.58,-139.148,143.1583530000005,7.992899166666674,2.6627272543437788,20.479,0.0,0.0,20.479,46.626229166666654,50.93,41.566,3.380073976311497,-4.4809999999999945,0.6320499999999996,0.028631750184787325,0.69,0.05795000000000039,2470.8523000000187,196.8538576497514,2905.6,56.253549999999976,26.827783333333343,34.01359177777762,67.79641236937364,20,80,2,130,0
47.42162513888833,65.09700888013924,190.57,0.0,190.57,-138.996,143.14837486111168,7.991284999999995,2.6582938514409653,20.108,0.0,0.0,20.108,46.6362625,50.914,41.566,3.383662464782106,-4.527000000000001,0.6319666666666666,0.03440435854663839,0.705,0.0730333333333334,2471.429233333402,196.76728598241215,2905.8,56.18678333333335,26.8703,34.01639087962945,67.78970709012684,20,80,2,130,0
47.41540277777731,65.08815195071946,190.56,0.0,190.56,-138.94299999999998,143.1445972222227,7.9940683333333284,2.6587165305817915,20.106,0.0,0.0,20.106,46.6401833333333,50.918,41.562,3.385721664284526,-4.468999999999994,0.62685,0.03135841194958701,0.689,0.06214999999999993,2474.2353666666854,197.26615272697148,2913.6,56.14144999999998,26.900066666666667,34.016551481481315,67.77822689325083,20,80,2,130,0
47.444501555554474,65.08093442465089,190.55,0.0,190.55,-138.975,143.10549844444554,8.002120833333327,2.6495439659034443,20.479,0.0,0.0,20.479,46.640000000000015,50.914,41.543,3.3844609837650097,-4.3870000000000005,0.626683333333333,0.024551910876418902,0.679,0.05231666666666701,2472.4390333333417,195.65085674748073,2907.4,56.55905,26.870066666666656,34.02887412962927,67.75503030143076,20,90,2,130,0
47.439642749999386,65.07287883222803,190.63,0.0,190.63,-138.963,143.1903572500006,8.000377500000003,2.6497990419015682,19.976,0.0,0.0,19.976,46.64363749999996,50.957,41.566,3.3844020389030267,-4.468999999999994,0.6278333333333334,0.03053820428420694,0.7,0.0721666666666666,2470.853866666655,196.5772254339469,2909.4,56.56128333333333,26.779599999999995,34.027885916666456,67.75321607841381,20,90,2,130,0
47.43437883333244,65.07079096524507,190.61,0.0,190.61,-139.166,143.17562116666758,7.998362499999989,2.650730343173481,20.479,0.0,0.0,20.479,46.65565416666666,50.961,41.555,3.3857220686175626,-4.555,0.6246333333333336,0.03346435830605688,0.704,0.07936666666666636,2469.1586333333407,196.73949610340077,2907.4,56.61108333333334,26.988900000000005,34.02946516666636,67.75498566672461,20,90,2,130,0
47.42772755555489,65.06195191237359,190.6,0.0,190.6,-138.987,143.1722724444451,7.998308333333312,2.649761516629323,20.479,0.0,0.0,20.479,46.65924583333329,50.953,41.562,3.3917835883240564,-4.5390000000000015,0.6294333333333333,0.031015232270101764,0.709,0.07956666666666667,2467.589933333383,196.6305808096674,2905.8,56.624849999999974,27.26978333333333,34.02842724074049,67.74272866127302,20,90,2,130,0
47.433543666665244,65.0698045563541,190.61,0.0,190.61,-139.009,143.17645633333478,7.99546083333334,2.647867998203945,19.966,0.0,0.0,19.966,46.65970000000001,50.957,41.562,3.3898160836794005,-4.547000000000004,0.6284666666666666,0.03272767277048204,0.705,0.07653333333333334,2467.500966666697,196.43287872716147,2903.6,56.61038333333332,27.281683333333337,34.029568166666195,67.75040022732853,20,90,2,130,0
47.43068536111014,65.06906021357108,190.59,0.0,190.59,-139.121,143.15931463888987,7.997792499999987,2.646994334829147,20.479,0.0,0.0,20.479,46.661966666666665,50.961,41.574,3.382350510808089,-4.3870000000000005,0.6288499999999998,0.034655605851711103,0.715,0.08615000000000017,2466.4571333333456,197.1062825403722,2905.6,56.68793333333336,27.06331666666667,34.030148175925596,67.75071015425193,20,90,2,130,0
47.43320108333244,65.06849815809403,190.58,0.0,190.58,-139.13000000000002,143.14679891666756,7.999717499999992,2.6460793461173284,19.914,0.0,0.0,19.914,46.662058333333306,50.973,41.566,3.383072621860758,-4.530999999999999,0.6261000000000002,0.03511902280405684,0.715,0.08889999999999976,2467.457600000027,196.39980764496818,2903.6,56.698283333333315,26.969616666666663,34.03165897222191,67.74969652701542,20,90,2,130,0
47.434387361110666,65.0741611101688,190.7,0.0,190.7,-139.16899999999998,143.2656126388893,7.996276666666672,2.645888630938258,20.415,0.0,0.0,20.415,46.663074999999964,50.973,41.562,3.3982599132300204,-4.547000000000004,0.6260333333333333,0.031016653081233365,0.697,0.07096666666666662,2466.1626666667034,196.84317818766812,2905.8,56.73166666666667,27.25955,34.03124634259243,67.7510663941883,20,90,2,130,0
47.431787805554464,65.07199547776966,190.6,0.0,190.6,-138.991,143.16821219444552,7.994031666666658,2.645758679753339,20.479,0.0,0.0,20.479,46.65540833333332,50.98,41.562,3.393168453018194,-4.542999999999999,0.6319166666666667,0.03514150169305429,0.718,0.08608333333333329,2466.177266666683,196.42744546884936,2903.6,56.72306666666668,27.27410000000001,34.02707593518482,67.75289565921605,20,90,2,130,0
47.43335747222126,65.07670015407025,190.58,0.0,190.58,-138.88400000000001,143.14664252777874,7.991542499999998,2.6416326442908815,20.414,0.0,0.0,20.414,46.65814999999994,50.98,41.551,3.3962207858061024,-4.551000000000002,0.6239333333333332,0.03203592616066767,0.701,0.07706666666666673,2467.9092666666957,196.12591128228897,2903.4,56.66533333333336,27.241749999999985,34.027683324073735,67.7503687245218,20,90,2,130,0
47.45488205555426,65.07190252584263,190.6,0.0,190.6,-139.038,143.14511794444573,7.989172499999986,2.619025791108052,20.479,0.0,0.0,20.479,46.652141666666665,50.969,41.512,3.394259041395873,-4.495999999999995,0.6252333333333334,0.03574598077047177,0.708,0.08276666666666654,2465.733566666688,197.34006466874925,2905.8,56.70848333333332,27.091516666666664,34.03206540740697,67.72667429772116,20,100,2,130,0
47.44925672222051,65.05861180030723,190.59,0.0,190.59,-138.908,143.1407432777795,7.992841666666642,2.6163427497974285,20.479,0.0,0.0,20.479,46.65526666666662,50.961,41.562,3.390728897418372,-4.488999999999997,0.6266666666666668,0.026985034563540608,0.688,0.06133333333333313,2465.496600000009,195.9915270487115,2903.8,56.773916666666686,27.106499999999997,34.03245501851793,67.7019395846682,20,100,2,130,0
47.45277224999813,65.06740278175232,190.6,0.0,190.6,-138.893,143.14722775000186,7.997901666666662,2.6218688116275084,20.479,0.0,0.0,20.479,46.645758333333326,50.957,41.527,3.3915722141231597,-4.515999999999998,0.6283833333333333,0.030528725937133915,0.697,0.06861666666666666,2464.911666666697,195.92506760470496,2901.6,56.92470000000002,27.129883333333336,34.0321440833327,67.71980031931696,20,100,2,130,0
47.44712183333199,65.06472624742979,190.63,0.0,190.63,-139.00799999999998,143.182878166668,7.991219999999985,2.6152326438421976,20.479,0.0,0.0,20.479,46.64724166666667,50.957,41.508,3.3948572390559266,-4.550999999999995,0.6191,0.031447939222720676,0.688,0.06889999999999996,2465.6341666666767,196.20274316475914,2903.6,56.777083333333344,27.163733333333326,34.02852783333288,67.7114068304947,20,100,2,130,0
47.44698799999874,65.06110488153793,190.59,0.0,190.59,-139.125,143.14301200000125,7.995407499999989,2.6216230979745374,20.479,0.0,0.0,20.479,46.647162500000036,50.973,41.551,3.3945275320656756,-4.547000000000004,0.62225,0.03011594824977377,0.705,0.08274999999999999,2466.1492666666772,196.2369883892031,2903.4,56.94743333333336,27.119333333333337,34.02985266666625,67.71284392776224,20,100,2,130,0
47.44680991666528,65.05941990681734,190.61,0.0,190.61,-138.994,143.16319008333474,7.99780666666667,2.621870566092716,20.479,0.0,0.0,20.479,46.64195833333334,50.969,41.508,3.3978932246993074,-4.582000000000001,0.6277333333333336,0.027492906121500703,0.688,0.06026666666666636,2466.034033333378,196.29905695568814,2905.4,56.98161666666665,26.984083333333338,34.0288583055551,67.70878337903154,20,100,2,130,0
47.449044166665,65.0657679091073,190.59,0.0,190.59,-138.985,143.140955833335,7.995159166666643,2.6195223639075533,20.479,0.0,0.0,20.479,46.632020833333286,50.945,41.469,3.398310860806751,-4.476999999999997,0.6250666666666668,0.02857927817917974,0.688,0.06293333333333317,2466.3944333333725,196.5376262587772,2903.6,56.95613333333333,27.058233333333348,34.025408055554976,67.71386955119402,20,100,2,130,0
47.45377641666488,65.06812850808478,190.57,0.0,190.57,-138.993,143.1162235833351,7.997426666666653,2.6205141273291837,20.479,0.0,0.0,20.479,46.64276250000003,50.945,41.551,3.3949706399741677,-4.5,0.6241333333333332,0.03102676082038941,0.702,0.07786666666666675,2469.3705000000373,195.83039925905868,2907.4,56.87261666666669,27.068683333333322,34.03132186111052,67.71966939623437,20,100,2,130,0
47.45614622222042,65.06600415691858,190.59,0.0,190.59,-138.96699999999998,143.1338537777796,7.997603333333338,2.6194321955043223,20.479,0.0,0.0,20.479,46.633133333333326,50.957,41.516,3.390097617565728,-4.479999999999997,0.6224000000000002,0.02455378047456687,0.69,0.06759999999999977,2471.597766666699,196.07456318298946,2908.6,56.79123333333333,27.234750000000005,34.028960962962365,67.70999013289746,20,100,2,130,0
47.46085880555401,65.07678575176001,190.6,0.0,190.6,-139.228,143.13914119444598,8.0011175,2.6246673804011564,20.479,0.0,0.0,20.479,46.62744166666666,50.918,41.484,3.392868174342444,-4.469000000000001,0.6243500000000002,0.029052159405140544,0.69,0.06564999999999976,2471.505766666704,196.32866913537183,2910.6,56.91781666666666,27.078950000000003,34.02980599074022,67.7305052915663,20,100,2,130,0
47.5284632499987,65.16799343857855,190.7,0.0,190.7,-139.05,143.17153675000128,8.048547499999989,2.6178917322937734,20.479,0.0,0.0,20.479,46.64022500000002,50.957,41.562,3.389919844431965,-4.488999999999997,0.6228,0.030228396123568833,0.691,0.06819999999999993,2460.3459000000357,196.1492037664518,2903.4,58.09191666666666,26.738550000000007,34.07241191666623,67.8161135669959,20,100,1,130,1
47.47534272222091,65.22814412322151,191.0,0.0,191.0,-139.177,143.52465727777908,8.02956166666666,2.6423802667466885,20.479,0.0,0.0,20.479,46.630908333333345,50.969,41.523,3.3882085045379293,-4.493000000000002,0.6322166666666666,0.03272281724365404,0.706,0.07378333333333331,2463.0532000000367,198.20790136904444,2901.4,56.87178333333331,26.600766666666676,34.04527090740697,67.90324720721185,20,73,1,130,0
47.47713111110922,65.23094992742361,190.79,0.0,190.79,-139.319,143.31286888889076,8.025402499999995,2.6456015251769807,20.479,0.0,0.0,20.479,46.63606666666668,50.957,41.488,3.393792304302368,-4.5,0.625,0.03555849799500842,0.708,0.08299999999999996,2463.463533333369,198.2686282757359,2907.0,56.68453333333335,26.747783333333334,34.04620009259197,67.9121099505956,20,73,1,130,0
47.47529427777652,65.23141046929433,190.7,0.0,190.7,-139.16299999999998,143.22470572222346,8.023070833333334,2.6481705147224144,20.479,0.0,0.0,20.479,46.61119166666659,50.934,41.422,3.4154412404367127,-4.573999999999998,0.6262499999999999,0.03040329208312032,0.703,0.0767500000000001,2461.151800000013,197.22515528469702,2895.4,56.679500000000004,27.02433333333335,34.036518925925485,67.90998427609986,20,73,1,130,0
47.478369305553265,65.23112751551935,190.89,0.0,190.89,-139.36200000000002,143.41163069444673,8.027515833333323,2.643517290998077,20.479,0.0,0.0,20.479,46.59165,50.906,41.422,3.4115598394393305,-4.515999999999998,0.6248166666666669,0.0352239766504784,0.699,0.07418333333333305,2461.25480000006,197.30844413586195,2894.4,56.76638333333331,27.15814999999999,34.0325117129622,67.90986878316791,20,73,1,130,0
47.4744500833319,65.22586343641296,190.71,0.0,190.71,-139.52,143.2355499166681,8.02946083333333,2.643226556500621,20.479,0.0,0.0,20.479,46.59265416666663,50.906,41.406,3.4167676779749794,-4.555,0.6283666666666666,0.03284682822273386,0.705,0.07663333333333333,2459.819966666705,197.30881707672094,2893.4,56.81133333333333,27.343549999999993,34.03218836111062,67.90193682113632,20,73,1,130,0
47.47520661110964,65.23037048767691,190.72,0.0,190.72,-139.316,143.24479338889034,8.034055833333323,2.6431393352736245,20.479,0.0,0.0,20.479,46.58519999999997,50.902,41.395,3.4124176464996574,-4.538999999999994,0.6275666666666666,0.030614811230296145,0.7,0.07243333333333335,2460.3194666667146,197.61675260766927,2895.4,56.90131666666669,27.144966666666672,34.03148748148098,67.90412463418083,20,73,1,130,0
47.477299055553566,65.22736033210728,190.73,0.0,190.73,-139.332,143.25270094444642,8.042933333333329,2.6527575277384536,20.479,0.0,0.0,20.479,46.59467083333323,50.906,41.484,3.393932132199198,-4.550999999999995,0.6372666666666663,0.03125177509082777,0.711,0.07373333333333365,2461.8216333333376,197.18685032473402,2898.0,57.109116666666644,27.072216666666666,34.03830107407338,67.91136963493656,20,73,1,130,0
47.47982566666511,65.22803708227593,190.71,0.0,190.71,-139.3,143.2301743333349,8.028287500000001,2.6521300596039077,20.479,0.0,0.0,20.479,46.586745833333296,50.914,41.43,3.416751895080307,-4.567,0.6362,0.03268379580884962,0.711,0.07479999999999998,2465.1826000000015,197.09972968308927,2899.8,56.55656666666667,27.2189,34.03161966666614,67.91285093768869,20,73,1,130,0
47.477260861109336,65.23011076741025,190.7,0.0,190.7,-139.429,143.22273913889066,8.029186666666662,2.653099055001892,20.479,0.0,0.0,20.479,46.590416666666634,50.902,41.477,3.407850663343996,-4.476999999999997,0.6369333333333331,0.0349294041866757,0.743,0.10606666666666686,2465.400000000011,197.94433293182024,2900.0,56.617866666666664,27.067350000000012,34.03228806481421,67.91813922659881,20,73,1,130,0
47.479159833331366,65.23721158719539,191.13,0.0,191.13,-139.39600000000002,143.65084016666862,8.034976666666658,2.6480216543091744,20.479,0.0,0.0,20.479,46.604633333333275,50.902,41.488,3.387002310540089,-4.426000000000002,0.6378833333333332,0.03551513960613047,0.727,0.08911666666666673,2464.6214000000605,198.94362728298873,2905.2,56.74643333333333,26.88908333333334,34.03958994444377,67.9207483811107,20,73,1,130,0
47.510007694442926,65.21299439004473,190.7,0.0,190.7,-139.17600000000002,143.18999230555707,8.051489999999992,2.6522025315682525,20.479,0.0,0.0,20.479,46.585987499999966,50.906,41.43,3.390544229381356,-4.469000000000001,0.6330333333333333,0.034581256148904685,0.714,0.08096666666666663,2463.7598000000494,197.0690256841682,2900.2,57.531899999999986,26.760883333333325,34.04916173148096,67.89977817776189,20,80,1,130,0
47.51213147222062,65.21654121969905,190.69,0.0,190.69,-139.276,143.17786852777937,8.050573333333332,2.650385004771348,20.479,0.0,0.0,20.479,46.57062083333334,50.906,41.363,3.4323263458380575,-4.652999999999999,0.6259833333333332,0.03538624249891602,0.71,0.08401666666666674,2461.7532333333584,196.07870321851595,2903.0,57.57641666666666,27.46296666666667,34.0444418796291,67.90231246696932,20,80,1,130,0
47.51359055555394,65.21552537031519,190.8,0.0,190.8,-139.289,143.28640944444606,8.051252499999991,2.651025913189852,20.479,0.0,0.0,20.479,46.56665,50.906,41.395,3.4202548918937334,-4.491999999999997,0.6290166666666667,0.03455405574403071,0.719,0.0899833333333333,2461.97886666669,196.23032105971652,2897.8,57.605250000000005,27.444866666666663,34.04383101851798,67.90110533924907,20,80,1,130,0
47.5092529722203,65.21632085761146,190.73,0.0,190.73,-139.42,143.22074702777968,8.05176999999999,2.6514237984334157,20.479,0.0,0.0,20.479,46.56348333333334,50.902,41.402,3.4077914539864844,-4.515999999999998,0.6366833333333334,0.03860951479581635,0.768,0.13131666666666664,2462.409933333395,196.25681640219855,2895.6,57.551316666666644,27.313100000000006,34.041502101851215,67.9063541708407,20,80,1,130,0
47.51067466666513,65.20894147911655,190.72,0.0,190.72,-139.238,143.20932533333487,8.055069999999999,2.651711670931588,20.479,0.0,0.0,20.479,46.560933333333345,50.902,41.395,3.4168558934163116,-4.573999999999998,0.6313333333333334,0.03167186992636792,0.7,0.06866666666666654,2462.74983333339,196.67130181294462,2899.4,57.57776666666668,27.355416666666667,34.042225999999495,67.8923250199745,20,80,1,130,0
47.511877749998085,65.21357990783979,190.7,0.0,190.7,-139.333,143.1881222500019,8.05553333333333,2.651334277950145,20.479,0.0,0.0,20.479,46.54899166666666,50.906,41.402,3.4213623873691494,-4.559000000000005,0.6309333333333332,0.034779629078960234,0.725,0.09406666666666674,2465.472533333321,196.39256825482607,2899.8,57.50363333333334,27.24489999999999,34.03880091666603,67.89969381486888,20,80,1,130,0
47.51105352777631,65.22129970549693,190.77,0.0,190.77,-139.298,143.2589464722237,8.051109999999998,2.6528179011975355,20.479,0.0,0.0,20.479,46.538462499999994,50.898,41.344,3.4330267612353014,-4.542999999999999,0.62885,0.030995256608122957,0.708,0.07914999999999994,2463.6935999999982,196.74353170710532,2899.0,57.53716666666666,27.376766666666665,34.03354200925877,67.90511286330259,20,80,1,130,0
47.51076363888735,65.21612423163921,190.74,0.0,190.74,-139.25900000000001,143.22923636111267,8.049911666666663,2.650822800905168,20.479,0.0,0.0,20.479,46.509620833333315,50.902,41.316,3.451475758890465,-4.633000000000003,0.6252333333333332,0.03171342370255621,0.7,0.07476666666666676,2463.5901333333686,196.83229588010312,2897.4,57.53134999999997,27.71971666666667,34.023432046295774,67.89866045624694,20,80,1,130,0
47.50155122222037,65.21049340217102,190.68,0.0,190.68,-139.49699999999999,143.17844877777964,8.04612666666667,2.6492130316431854,20.479,0.0,0.0,20.479,46.49853749999998,50.906,41.312,3.4485078937344102,-4.563000000000002,0.6279666666666668,0.032793636560620364,0.701,0.07303333333333317,2461.5548000000385,197.09909942156543,2897.6,57.515783333333324,27.710033333333335,34.01540512962901,67.89250007037484,20,80,1,130,0
47.503889638887074,65.21140884329381,190.8,0.0,190.8,-139.367,143.29611036111294,8.047552499999995,2.643817175024819,19.989,0.0,0.0,19.989,46.489037499999924,50.902,41.301,3.4460253040390465,-4.652000000000001,0.6249333333333333,0.028534764207218944,0.686,0.061066666666666714,2460.3278666666974,196.70114734543378,2897.4,57.53814999999998,27.630933333333328,34.01349321296233,67.88376078252585,20,80,1,130,0
47.54317641666551,65.21903295773117,190.79,0.0,190.79,-139.072,143.24682358333447,8.055169166666662,2.639015746885487,20.479,0.0,0.0,20.479,46.48419583333332,50.898,41.305,3.4336362514243612,-4.571000000000005,0.6228166666666668,0.03388639628386804,0.71,0.08718333333333317,2463.5962666666865,195.20694532891582,2895.8,57.82588333333331,27.462866666666663,34.02751380555517,67.89193510090053,20,90,1,130,0
47.5399366388881,65.21354225168682,190.76,0.0,190.76,-139.336,143.2200633611119,8.053042499999988,2.6374202607953463,20.017,0.0,0.0,20.017,46.49318333333334,50.871,41.312,3.42423261899798,-4.643999999999998,0.6119833333333334,0.033440304346734964,0.693,0.08101666666666651,2462.733700000023,196.1230059169117,2897.4,57.830250000000014,27.378999999999994,34.02872082407381,67.88440281682891,20,90,1,130,0
47.53119297222088,65.2013624690458,190.7,0.0,190.7,-139.389,143.1688070277791,8.054354999999985,2.6384516684311667,20.479,0.0,0.0,20.479,46.469070833333326,50.871,41.312,3.430230383589621,-4.617000000000004,0.6289166666666669,0.027017440485647064,0.696,0.06708333333333305,2458.5858666666672,195.78396471720802,2893.6,57.92078333333335,27.443583333333333,34.018206268518064,67.86683157796263,20,90,1,130,0
47.531429055554064,65.20541733876428,190.72,0.0,190.72,-139.561,143.18857094444593,8.053484999999998,2.63677855075338,20.479,0.0,0.0,20.479,46.46710833333324,50.844,41.324,3.429965177362869,-4.625,0.6253833333333333,0.028748524894606685,0.689,0.06361666666666665,2459.206400000029,195.9542548250416,2895.6,57.94479999999999,27.60421666666667,34.01734079629577,67.87094441441226,20,90,1,130,0
47.53978816666484,65.21265219115254,190.76,0.0,190.76,-139.34,143.22021183333516,8.052274999999982,2.6375896143106874,20.479,0.0,0.0,20.479,46.4585125,50.816,41.258,3.4313332270888917,-4.625,0.6261999999999998,0.027958080000031058,0.696,0.0698000000000002,2460.208733333344,196.19145427749265,2895.8,57.89833333333331,27.755399999999998,34.01685855555494,67.87819988546326,20,90,1,130,0
47.55199383333126,65.2268454885412,190.77,0.0,190.77,-139.415,143.21800616666874,8.052545833333323,2.637457794148101,20.479,0.0,0.0,20.479,46.450791666666625,50.816,41.301,3.4267760856748226,-4.547000000000004,0.6256666666666665,0.0293024362188809,0.688,0.06233333333333346,2460.1385000000346,196.06862935118562,2895.6,57.93695000000003,27.723916666666653,34.018443777777065,67.89360571890819,20,90,1,130,0
47.54776222222059,65.22699950128239,190.74,0.0,190.74,-139.549,143.1922377777794,8.054820000000005,2.6388151906885864,20.479,0.0,0.0,20.479,46.45114166666666,50.789,41.316,3.4083165178901353,-4.391000000000005,0.6308833333333335,0.027733044394952937,0.695,0.06411666666666649,2460.5187000000187,195.95975898510451,2897.6,57.918299999999995,27.44568333333333,34.01790796296242,67.89354773636593,20,90,1,130,0
47.545099111109685,65.21283900724649,190.73,0.0,190.73,-139.35299999999998,143.1849008888903,8.054780000000004,2.639246867313133,20.479,0.0,0.0,20.479,46.44341249999999,50.809,41.312,3.4185233692026324,-4.563000000000002,0.6261999999999998,0.03072888554405547,0.701,0.0748000000000002,2460.8725000000222,196.3767007866564,2897.4,57.93163333333332,27.507433333333328,34.01443053703656,67.88281476010367,20,90,1,130,0
47.545127527776295,65.21930141835207,190.77,0.0,190.77,-139.40900000000002,143.22487247222372,8.056369999999989,2.638753531170583,20.479,0.0,0.0,20.479,46.43750416666664,50.809,41.25,3.4264997998896267,-4.559000000000005,0.6259000000000001,0.026832626232042137,0.685,0.05909999999999993,2463.6836000000458,195.61888031432252,2897.4,57.87076666666667,27.60365000000001,34.01300056481431,67.88488757575469,20,90,1,130,0
47.551621472221385,65.22185656956084,190.74,0.0,190.74,-139.39600000000002,143.18837852777864,8.06166,2.6398432746716276,20.479,0.0,0.0,20.479,46.42847916666664,50.809,41.238,3.427125636023163,-4.551000000000002,0.6243666666666666,0.0285383872708778,0.69,0.06563333333333332,2468.214533333389,195.2870734814785,2899.6,57.784983333333315,27.65385,34.01392021296268,67.89023823150336,20,90,1,130,0
47.566367777776875,65.20791901061692,190.78,0.0,190.78,-139.245,143.2136322222231,8.063248333333316,2.613770799341467,20.479,0.0,0.0,20.479,46.422337499999976,50.77,41.223,3.4330875716675924,-4.555,0.6237999999999999,0.02888422242479009,0.695,0.07120000000000004,2467.5739666667046,195.9592198347365,2902.6,57.85101666666667,27.641550000000002,34.01731787037006,67.85057403238318,20,100,1,130,0
47.568286694443664,65.20772614028621,190.84,0.0,190.84,-139.285,143.27171330555635,8.062550000000007,2.615041697895997,20.479,0.0,0.0,20.479,46.410691666666615,50.789,41.223,3.4179804891482406,-4.465000000000003,0.6214500000000002,0.03342861100761302,0.718,0.0965499999999998,2464.964066666701,195.88701746005813,2901.6,57.890633333333305,27.348466666666663,34.013842787036765,67.85619644918982,20,100,1,130,0
47.56911786111088,65.20677053541053,190.76,0.0,190.76,-139.35299999999998,143.1908821388891,8.06649166666666,2.6188977104140396,20.479,0.0,0.0,20.479,46.401641666666684,50.777,41.23,3.43224333435239,-4.653000000000006,0.6238333333333334,0.029942411769910447,0.685,0.0611666666666667,2466.8451666667397,195.26681071771227,2903.8,57.95081666666667,27.643083333333333,34.01241706481474,67.85561065759448,20,100,1,130,0
47.56886538888801,65.2152667444825,190.73,0.0,190.73,-139.154,143.16113461111198,8.07040499999999,2.622902566344287,20.479,0.0,0.0,20.479,46.392204166666666,50.738,41.164,3.4218008538874045,-4.5120000000000005,0.6208333333333331,0.03212009596766101,0.689,0.06816666666666682,2464.8380666666812,194.70040785541616,2897.8,58.11605000000004,27.670249999999992,34.01049151851822,67.87028940679446,20,100,1,130,0
47.573045222221324,65.21192906848093,190.81,0.0,190.81,-139.31900000000002,143.2369547777787,8.068492499999996,2.6171140855385637,20.479,0.0,0.0,20.479,46.386795833333345,50.723,41.246,3.4233313920896187,-4.4879999999999995,0.6287666666666667,0.024953085924893974,0.689,0.06023333333333325,2466.411833333351,194.74249688581355,2901.6,57.95598333333334,27.69225,34.00944451851822,67.85399623994438,20,100,1,130,0
47.57840433333231,65.21297203888976,190.72,0.0,190.72,-139.357,143.14159566666768,8.06602583333333,2.620134181890035,20.479,0.0,0.0,20.479,46.36924166666667,50.727,41.168,3.4257421380750452,-4.555,0.6197500000000001,0.03070285417086316,0.696,0.07624999999999982,2469.0355000000523,195.0408028906141,2905.4,57.76411666666668,27.660350000000005,34.00455727777743,67.86380907495067,20,100,1,130,0
47.57990591666589,65.21174462474475,190.73,0.0,190.73,-139.288,143.1500940833341,8.072368333333323,2.620599528270239,20.479,0.0,0.0,20.479,46.33497499999997,50.699,41.152,3.434962784356814,-4.5120000000000005,0.6182333333333332,0.0296427123502595,0.691,0.07276666666666676,2470.4373333333524,195.2727876497089,2904.0,57.93265000000003,27.699049999999996,33.99574974999973,67.86198686536524,20,100,1,130,0
47.580068055554264,65.21480430023733,190.72,0.0,190.72,-139.393,143.13993194444572,8.070919166666659,2.618996013946348,20.479,0.0,0.0,20.479,46.33105833333333,50.684,41.145,3.438634052528795,-4.503999999999998,0.6235166666666667,0.029479951053627874,0.684,0.06048333333333333,2470.469600000059,195.52401721883572,2903.8,57.81996666666667,27.84676666666667,33.99401518518475,67.86328026523731,20,100,1,130,0
47.580702944443445,65.2130897731504,190.79,0.0,190.79,-139.374,143.20929705555653,8.067614166666655,2.6232380436197333,20.479,0.0,0.0,20.479,46.342879166666734,50.703,41.164,3.4203839476519224,-4.562999999999995,0.6259166666666668,0.03721184961020387,0.715,0.08908333333333318,2469.752900000046,196.11496331164818,2905.4,57.701166666666644,27.65550000000001,33.99706542592561,67.87353966638034,20,100,1,130,0
47.5858562222208,65.21897509809051,190.74,0.0,190.74,-139.198,143.1541437777792,8.06933416666667,2.6221266822525546,20.479,0.0,0.0,20.479,46.327833333333366,50.723,41.152,3.4290211903064165,-4.6370000000000005,0.6180166666666669,0.03009560566305304,0.7,0.08198333333333307,2466.357433333366,196.444596077283,2906.0,57.867349999999995,27.622316666666674,33.994341240740276,67.87119738600612,20,100,1,130,0
47.69234711111006,65.36358582355066,191.08,0.0,191.08,-139.328,143.38765288888996,8.17285333333332,2.606452317786183,20.479,0.0,0.0,20.479,46.328587500000005,50.734,41.098,3.4560195972747128,-4.625,0.6212333333333334,0.03176628991779246,0.698,0.07676666666666654,2459.956000000052,194.84284485972836,2893.8,59.9348666666667,27.93895000000001,34.064595981481126,68.00180443125464,20,100,0,130,1
47.632113888887424,65.42067317460761,191.08,0.0,191.08,-139.858,143.44788611111258,8.146329999999995,2.6514018224554534,20.479,0.0,0.0,20.479,46.32609583333331,50.727,41.078,3.4666519550408323,-4.570999999999998,0.6191166666666665,0.028622671863974714,0.689,0.06988333333333341,2464.4697666666902,197.23996259992535,2895.6,58.55724999999999,28.108066666666677,34.034846574073576,68.10069766892704,20,73,0,130,0
47.63292194444237,65.42065088377181,191.06,0.0,191.06,-139.732,143.42707805555762,8.150964999999998,2.640619455676972,20.479,0.0,0.0,20.479,46.33871666666667,50.762,41.086,3.477466149821163,-4.5859999999999985,0.6262666666666667,0.03256069517157915,0.701,0.07473333333333321,2463.481100000063,197.72543616711175,2897.4,58.81454999999999,28.290699999999998,34.04086787036968,68.09383103462037,20,73,0,130,0
47.63568649999864,65.42624681436173,191.02,0.0,191.02,-139.9,143.38431350000138,8.155498333333334,2.643761865662734,20.479,0.0,0.0,20.479,46.34358333333337,50.789,41.078,3.481737984184916,-4.582000000000001,0.6184333333333333,0.03582744269017137,0.705,0.08656666666666668,2459.354300000045,198.4169957829871,2895.6,59.051666666666684,28.20843333333333,34.04492272222178,68.10583612271465,20,73,0,130,0
47.632374972220695,65.42551684815466,191.08,0.0,191.08,-139.666,143.4476250277793,8.150606666666674,2.6497676632451896,20.479,0.0,0.0,20.479,46.36263750000001,50.797,41.078,3.4751002739588737,-4.503999999999998,0.6196666666666667,0.0338874841485895,0.703,0.08333333333333326,2460.367700000052,196.153664372394,2889.8,58.72946666666669,28.093383333333342,34.04853971296246,68.10917199554844,20,73,0,130,0
47.62788963888771,65.42021340956035,191.08,0.0,191.08,-139.79000000000002,143.45211036111232,8.150553333333322,2.6454207509607177,20.479,0.0,0.0,20.479,46.371591666666724,50.809,41.156,3.4624929478854116,-4.6910000000000025,0.6169166666666667,0.028963619299698273,0.701,0.08408333333333329,2460.4541000000095,196.5363041772858,2889.6,58.75936666666667,27.708333333333332,34.05001154629591,68.09459777982077,20,73,0,130,0
47.62539652777595,65.42055576778294,191.06,0.0,191.06,-139.812,143.43460347222407,8.144918333333315,2.6396714946492126,20.479,0.0,0.0,20.479,46.37689583333335,50.852,41.105,3.487246941611926,-4.605000000000004,0.6226833333333331,0.03442480957281092,0.718,0.09531666666666683,2460.0465333333655,197.34341333095733,2891.6,58.7787333333333,27.976133333333333,34.04907023148087,68.09465207200496,20,73,0,130,0
47.62915666666492,65.42195480326087,191.11,0.0,191.11,-139.714,143.4808433333351,8.152788333333335,2.641383138799728,20.479,0.0,0.0,20.479,46.37491666666667,50.809,41.074,3.481699746206386,-4.609000000000002,0.6161999999999999,0.03185443587235166,0.694,0.07780000000000009,2457.787600000042,195.96842874236305,2885.6,59.03541666666668,28.17516666666667,34.05228722222164,68.09519237793295,20,73,0,130,0
47.63204269444279,65.42162012001471,191.06,0.0,191.06,-139.81900000000002,143.42795730555721,8.145924999999998,2.644943683764093,20.479,0.0,0.0,20.479,46.37465833333335,50.82,41.152,3.475500561150563,-4.625,0.6207166666666666,0.032952503912818135,0.701,0.08028333333333337,2459.798633333358,196.8029123662847,2892.4,58.737466666666684,28.051666666666666,34.05087534259204,68.09951630769163,20,73,0,130,0
47.63179133333129,65.42666389391314,191.04,0.0,191.04,-139.567,143.4082086666687,8.152980833333322,2.643241758010805,20.479,0.0,0.0,20.479,46.38457083333332,50.816,41.098,3.4736114644329907,-4.645000000000003,0.6160333333333334,0.029324003395533232,0.677,0.060966666666666613,2460.1624000000115,196.49791859349364,2889.6,58.99145000000002,28.05816666666667,34.05644766666598,68.09922965531948,20,73,0,130,0
47.62998297222073,65.42760937318792,191.09,0.0,191.09,-139.828,143.46001702777926,8.148229166666663,2.640218283994448,20.479,0.0,0.0,20.479,46.384829166666705,50.816,41.117,3.4728838425842845,-4.5589999999999975,0.6160333333333334,0.030952652013465146,0.689,0.07296666666666651,2459.0724333333465,197.11840826744688,2892.4,58.90641666666668,27.970216666666676,34.05434710185137,68.09878030919583,20,73,0,130,0
47.65954166666473,65.41420514427618,191.08,0.0,191.08,-139.904,143.4204583333353,8.161269999999993,2.6468338752938076,20.479,0.0,0.0,20.479,46.38572499999998,50.832,41.105,3.4880702256339364,-4.7109999999999985,0.6111500000000001,0.047540464477241536,0.697,0.08584999999999987,2457.915166666673,196.37009181338865,2891.4,59.609216666666654,28.183333333333334,34.0688455555549,68.10857948404723,20,80,0,130,0
47.6511509722201,65.40939191980846,191.06,0.0,191.06,-139.714,143.4088490277799,8.161318333333334,2.6475219903219416,20.479,0.0,0.0,20.479,46.369133333333366,50.797,41.074,3.494310677638002,-4.628999999999998,0.6077999999999999,0.03300888426890505,0.677,0.06920000000000015,2460.3274333333525,195.23516903796758,2889.4,59.50921666666667,28.213516666666656,34.06053421296227,68.08992279439931,20,80,0,130,0
47.657233666664304,65.41243792016866,191.04,0.0,191.04,-139.776,143.3827663333357,8.158149999999994,2.638410390176092,20.1,0.0,0.0,20.1,46.36233333333339,50.816,41.074,3.4915116203014622,-4.715000000000003,0.62445,0.03650884499284886,0.711,0.08655000000000002,2455.961266666697,196.36665259178787,2891.4,59.57479999999999,28.155250000000006,34.05923899999923,68.0873571553376,20,80,0,130,0
47.65186788888641,65.40309149017901,191.06,0.0,191.06,-139.897,143.4081321111136,8.15961999999999,2.6470936697342156,20.479,0.0,0.0,20.479,46.34988333333336,50.809,41.066,3.500546673824054,-4.714999999999996,0.6183833333333334,0.03221647734357963,0.692,0.07361666666666655,2454.6880333333665,196.230922552894,2889.2,59.68293333333334,28.24381666666666,34.05379040740659,68.08240163725681,20,80,0,130,0
47.64907741666407,65.40142871646854,191.01,0.0,191.01,-139.847,143.36092258333593,8.157849166666649,2.6420325470615262,20.254,0.0,0.0,20.254,46.33927499999995,50.816,41.062,3.504579182474597,-4.702999999999996,0.6194166666666666,0.03277467587225044,0.683,0.06358333333333344,2454.8380666666903,195.76656184186507,2887.4,59.65060000000002,28.187783333333336,34.04873386111023,68.07623593940232,20,80,0,130,0
47.654246111108996,65.40090045551187,191.03,0.0,191.03,-139.623,143.375753888891,8.16186166666665,2.6379457861827995,20.14,0.0,0.0,20.14,46.346808333333364,50.82,41.066,3.484471201354424,-4.597999999999999,0.6183500000000002,0.03232295977805189,0.692,0.07364999999999977,2457.670100000039,195.30612316637962,2887.6,59.55784999999998,27.749816666666668,34.05430537036967,68.07116920147273,20,80,0,130,0
47.65529994444215,65.4034810117936,191.06,0.0,191.06,-139.80599999999998,143.40470005555784,8.165353333333329,2.6478302376905853,20.452,0.0,0.0,20.452,46.346462500000015,50.805,41.09,3.481792213718155,-4.625,0.6153666666666668,0.03502201083515699,0.696,0.08063333333333311,2460.608333333345,196.16539278742178,2895.0,59.5672,27.78223333333333,34.055705259258495,68.08633326031935,20,80,0,130,0
47.65675658333117,65.40648302679726,191.04,0.0,191.04,-139.816,143.38324341666882,8.166169999999994,2.6457418823189363,20.301,0.0,0.0,20.301,46.35602083333337,50.805,41.078,3.471253881528173,-4.563000000000002,0.6124166666666668,0.032654478586426915,0.696,0.08358333333333312,2460.857566666726,195.6268580504153,2891.8,59.55015000000001,27.502483333333334,34.059649138888176,68.08487938770261,20,80,0,130,0
47.655309944442116,65.40030225334175,190.98,0.0,190.98,-139.752,143.32469005555788,8.163030833333318,2.6472585706410507,20.479,0.0,0.0,20.479,46.36599583333334,50.809,41.156,3.4717904915987936,-4.577999999999996,0.6114833333333333,0.03179622174904003,0.686,0.07451666666666679,2462.4271666666946,195.99778496348026,2896.4,59.50865000000001,27.523316666666673,34.061445537036256,68.07935704573184,20,80,0,130,0
47.65259472222017,65.40123281361848,191.02,0.0,191.02,-139.863,143.36740527777982,8.162415833333332,2.6462090995260845,20.479,0.0,0.0,20.479,46.3459583333333,50.816,41.074,3.5041051642952628,-4.702999999999996,0.6067333333333337,0.030305711643056524,0.684,0.07726666666666637,2463.4630000000175,195.91647377164549,2892.2,59.473583333333345,27.851450000000003,34.0536562962956,68.07774762478762,20,80,0,130,0
47.679123111108986,65.38781452173774,191.06,0.0,191.06,-139.736,143.380876888891,8.16691749999999,2.632743541027325,20.125,0.0,0.0,20.125,46.33409583333332,50.809,41.074,3.5057794427541786,-4.686999999999998,0.6107833333333336,0.02874970400240653,0.68,0.06921666666666648,2458.1130333333654,196.2225346317673,2892.0,59.89595000000004,27.840116666666653,34.06004548148076,68.04930776676747,20,90,0,130,0
47.67655516666458,65.39312494179255,191.12,0.0,191.12,-139.825,143.44344483333543,8.165053333333342,2.6311066028292664,20.109,0.0,0.0,20.109,46.32081249999997,50.797,41.059,3.4996359670593096,-4.659999999999997,0.6114999999999997,0.030488397348521906,0.683,0.07150000000000034,2452.736666666688,195.72945363109085,2885.8,60.02989999999999,27.997683333333327,34.05414033333263,68.05471994197033,20,90,0,130,0
47.679463111109264,65.39525406424025,191.01,0.0,191.01,-139.722,143.33053688889072,8.165657499999991,2.6343577150169466,20.479,0.0,0.0,20.479,46.311162499999995,50.742,41.074,3.4896166390150647,-4.628999999999998,0.6189166666666669,0.03329340122264098,0.711,0.09208333333333307,2452.604733333359,195.54669528257148,2883.6,60.04536666666664,28.07229999999999,34.05209437036975,68.06290518047983,20,90,0,130,0
47.67628630555331,65.39090271951285,191.06,0.0,191.06,-139.606,143.3837136944467,8.16402083333333,2.633492797090253,20.479,0.0,0.0,20.479,46.29512499999995,50.734,41.078,3.4828233534743447,-4.629000000000005,0.6144833333333334,0.0332736428834365,0.698,0.08351666666666657,2452.773400000022,195.47452582748795,2885.4,60.0018,28.007966666666675,34.045144046295526,68.05766915948654,20,90,0,130,0
47.67884005555335,65.38943606956718,191.0,0.0,191.0,-139.47799999999998,143.32115994444666,8.16714,2.6359123705884433,20.479,0.0,0.0,20.479,46.30217499999994,50.738,41.023,3.483825765000119,-4.636999999999993,0.6140166666666665,0.03173325885430183,0.702,0.08798333333333341,2453.3470666666917,195.83745524339378,2885.6,60.0558,28.04341666666666,34.04938501851777,68.05708169900993,20,90,0,130,0
47.68401449999802,65.39170269389766,191.11,0.0,191.11,-139.76999999999998,143.42598550000199,8.167497499999994,2.6364975781441653,20.479,0.0,0.0,20.479,46.29544999999993,50.75,41.074,3.4819673365863726,-4.617000000000004,0.6145500000000002,0.0348066937844345,0.69,0.0754499999999998,2452.4136333333554,195.70507809898848,2887.4,60.08444999999999,27.991733333333336,34.048987333332654,68.06300696582625,20,90,0,130,0
47.678216277775626,65.3856628093174,191.11,0.0,191.11,-139.709,143.4317837222244,8.167027500000001,2.633841710988444,20.325,0.0,0.0,20.325,46.29675416666662,50.723,41.066,3.4806801170731605,-4.652000000000001,0.6155833333333333,0.03365895335929118,0.691,0.07541666666666669,2451.218466666723,196.0829415978006,2885.4,60.117916666666666,28.018716666666666,34.04733264814741,68.05316347366514,20,90,0,130,0
47.68963088888675,65.40557660244225,191.03,0.0,191.03,-139.573,143.34036911111326,8.166141666666658,2.6337858768259865,20.479,0.0,0.0,20.479,46.28599583333326,50.715,41.02,3.4766281992709303,-4.641000000000005,0.61835,0.03307353132908961,0.69,0.07164999999999999,2452.088400000037,195.46884201019384,2893.2,60.122449999999986,27.969849999999997,34.047256129628884,68.07243601059733,20,90,0,130,0
47.682635055553376,65.39781911029938,191.03,0.0,191.03,-139.994,143.3473649444466,8.164613333333326,2.6323530765119143,20.278,0.0,0.0,20.278,46.26290416666668,50.699,40.98,3.4881463965356407,-4.632999999999996,0.6178333333333333,0.033888734524670824,0.709,0.09116666666666662,2454.2961999999916,195.45905589828467,2885.8,60.02028333333335,28.009350000000005,34.0367175185178,68.06406092133597,20,90,0,130,0
47.6792975833307,65.4002549101648,191.06,0.0,191.06,-139.654,143.3807024166693,8.164531666666669,2.63160259585599,20.479,0.0,0.0,20.479,46.25781666666665,50.684,40.996,3.4768844840175857,-4.625,0.6091833333333334,0.03406548612059969,0.68,0.07081666666666664,2453.751500000042,196.8148521548991,2889.2,60.03684999999997,27.935183333333335,34.03388197222134,68.0659229921414,20,90,0,130,0
47.69319491666457,65.38466470617769,191.23,0.0,191.23,-139.63000000000002,143.53680508333542,8.16229833333332,2.6031607501086658,20.479,0.0,0.0,20.479,46.241837499999995,50.676,40.98,3.4898215217712765,-4.649000000000001,0.6112666666666666,0.03123495796171427,0.698,0.08673333333333333,2447.7159000000415,196.42461512098623,2885.4,60.23415,28.061566666666668,34.03244358333263,68.01906041424807,20,100,0,130,0
47.699202944442895,65.39017460934461,191.02,0.0,191.02,-139.9,143.3207970555571,8.16541333333332,2.604133108194206,20.479,0.0,0.0,20.479,46.23985416666669,50.645,40.98,3.472567098071711,-4.542999999999999,0.6092500000000002,0.03407102501778767,0.684,0.07474999999999987,2447.3605000000584,195.4605140563584,2881.6,60.27065000000001,27.943499999999993,34.03482348148097,68.0283787425566,20,100,0,130,0
47.694922305553675,65.38331010620841,191.04,0.0,191.04,-139.96200000000002,143.34507769444633,8.165827499999997,2.604790606971231,20.479,0.0,0.0,20.479,46.22040000000002,50.645,40.984,3.4842971386820056,-4.726999999999997,0.6107166666666666,0.0306268363913845,0.702,0.09128333333333338,2446.3658000000287,195.64062935137517,2881.4,60.329900000000016,28.111983333333338,34.027049935184564,68.01872754957104,20,100,0,130,0
47.703636416664295,65.39044959253563,191.08,0.0,191.08,-139.875,143.37636358333572,8.169266666666669,2.6079658578066405,20.479,0.0,0.0,20.479,46.22764166666669,50.645,40.914,3.478164336456042,-4.629000000000005,0.6089166666666664,0.035551009743540495,0.694,0.08508333333333351,2448.383400000058,194.8089439045622,2883.6,60.36420000000001,28.086616666666657,34.03351491666589,68.03396646008582,20,100,0,130,0
47.70897480555387,65.39692380330096,191.01,0.0,191.01,-140.115,143.3010251944461,8.171742499999999,2.614817539874011,20.479,0.0,0.0,20.479,46.23541249999998,50.645,40.98,3.4594831210912225,-4.555,0.6123000000000002,0.03316231269153055,0.695,0.08269999999999977,2451.5981333334034,194.90210240383706,2882.6,60.37046666666665,27.936349999999997,34.03870993518462,68.0449036558665,20,100,0,130,0
47.70755833333161,65.39408144421478,191.0,0.0,191.0,-140.163,143.2924416666684,8.172170833333327,2.6164442880066914,20.479,0.0,0.0,20.479,46.22069583333334,50.645,40.996,3.4619788962104945,-4.632999999999996,0.6052833333333335,0.031956056515512046,0.681,0.07571666666666654,2454.4596666667057,193.57432721459125,2883.4,60.26655,27.97006666666666,34.03347499999942,68.04248178873698,20,100,0,130,0
47.708385194442684,65.39302399710219,190.98,0.0,190.98,-139.959,143.2716148055573,8.164365000000007,2.607261083411587,20.479,0.0,0.0,20.479,46.20730000000003,50.645,40.93,3.489156323675685,-4.702999999999996,0.5996166666666666,0.024847392979005022,0.656,0.05638333333333345,2455.4535333333865,194.48515535499823,2887.4,59.94648333333332,28.15033333333334,34.026683398147576,68.02513247349277,20,100,0,130,0
47.70094447222026,65.38353128016273,191.01,0.0,191.01,-139.954,143.30905552777972,8.159339166666657,2.60914362921327,20.479,0.0,0.0,20.479,46.20357916666664,50.641,40.926,3.4910064166709565,-4.629000000000005,0.6009833333333333,0.0302674472260533,0.692,0.09101666666666663,2454.201033333363,194.92948879838428,2889.4,59.89856666666666,27.964416666666672,34.021287601851185,68.02294235660204,20,100,0,130,0
47.70801197222087,65.39361880532302,191.03,0.0,191.03,-139.93599999999998,143.32198802777913,8.171465833333333,2.615559641331808,20.479,0.0,0.0,20.479,46.19140416666666,50.641,40.902,3.483281502297847,-4.625,0.6022333333333337,0.028623426855842266,0.682,0.07976666666666632,2454.801700000043,194.64904063111408,2887.6,60.23876666666667,27.87728333333334,34.02362732407362,68.03780187351067,20,100,0,130,0
47.71277519444253,65.39791931361769,191.03,0.0,191.03,-139.791,143.3172248055575,8.16184916666667,2.6128856007075063,20.479,0.0,0.0,20.479,46.17578749999998,50.641,40.902,3.489723797778318,-4.527000000000001,0.5982333333333334,0.0360693149397932,0.677,0.07876666666666665,2455.5435666667063,194.7816783794554,2887.8,59.87161666666669,28.020533333333347,34.01680395370306,68.04687422926499,20,100,0,130,0
47.683723888887464,65.34464188756091,191.09,0.0,191.09,-139.882,143.40627611111253,8.166145833333331,2.603463050652483,20.479,0.0,0.0,20.479,46.13266249999999,50.566,40.895,3.4882106907203365,-4.643999999999998,0.5987666666666668,0.027728934081762593,0.657,0.05823333333333325,2458.0405000000765,193.2752222393547,2891.8,59.78006666666669,28.205350000000013,33.99417740740693,67.97583387229515,20,100,0,115,1
47.68988599999871,65.36939411671169,191.06,0.0,191.06,-139.75900000000001,143.3701140000013,8.161750833333336,2.6121510452087424,20.479,0.0,0.0,20.479,46.12122083333334,50.559,40.895,3.470540615583934,-4.6370000000000005,0.6130666666666669,0.0278165093440999,0.68,0.06693333333333318,2456.41116666667,195.7174357615652,2889.8,59.738899999999994,27.85831666666667,33.99095255555513,68.00936167126454,20,100,0,115,1
47.68967255555354,65.36949785772376,191.06,0.0,191.06,-139.541,143.37032744444645,8.16262833333334,2.6138919576311928,20.479,0.0,0.0,20.479,46.105558333333306,50.566,40.891,3.479989419009147,-4.605000000000004,0.6057833333333335,0.02768716992635894,0.671,0.06521666666666659,2455.801233333347,195.38043877980343,2889.4,59.71836666666666,27.922416666666663,33.98595307407339,68.0110769852813,20,100,0,115,1
47.68402613888747,65.35866745903212,191.13,0.0,191.13,-139.676,143.44597386111252,8.160563333333323,2.6115203713285053,20.479,0.0,0.0,20.479,46.10574166666672,50.574,40.902,3.477374261889629,-4.555,0.6072333333333334,0.03008539634849986,0.688,0.08076666666666654,2458.9563666666813,195.63825739723077,2893.6,59.632333333333335,28.01641666666667,33.983443712962504,68.00027322670913,20,100,0,115,1
47.688881222220004,65.3690068752412,191.02,0.0,191.02,-139.555,143.33111877778,8.16333333333332,2.6108204480071007,20.479,0.0,0.0,20.479,46.095808333333345,50.559,40.895,3.475161283505239,-4.609000000000002,0.6015833333333335,0.026478191644603723,0.667,0.06541666666666657,2459.2188000000474,195.69652378482243,2891.6,59.65583333333334,27.94798333333334,33.982674296295556,68.0063055148929,20,100,0,115,1
47.68789536110888,65.36359279669253,191.06,0.0,191.06,-139.657,143.37210463889113,8.16659499999999,2.6102609721879224,20.479,0.0,0.0,20.479,46.096649999999975,50.559,40.848,3.4795144401068567,-4.5859999999999985,0.6053500000000003,0.03054245447608508,0.682,0.07664999999999977,2458.5274333333778,196.45182829611358,2893.4,59.74350000000001,27.877299999999984,33.983713453702954,68.00439622335654,20,100,0,115,1
47.69334344444273,65.37051946090247,191.12,0.0,191.12,-139.568,143.42665655555726,8.171870833333331,2.605325234424725,20.479,0.0,0.0,20.479,46.08266250000002,50.562,40.82,3.4869704847858665,-4.616999999999997,0.6068166666666667,0.029393007162529298,0.687,0.08018333333333338,2453.8272333333484,195.36784270704896,2887.6,60.02894999999998,27.99401666666667,33.98262559259203,68.00523770248972,20,100,0,115,1
47.68921358333151,65.36682674758059,191.09,0.0,191.09,-139.756,143.4007864166685,8.164188333333316,2.6138984037738724,20.479,0.0,0.0,20.479,46.06735,50.539,40.828,3.475021056256004,-4.551000000000002,0.6096333333333332,0.03125833674108734,0.687,0.0773666666666668,2454.7300333333797,195.5550027430864,2887.6,59.756066666666676,27.77883333333333,33.973583972221604,68.01198348809555,20,100,0,115,1
47.69949530555367,65.37805640705467,191.06,0.0,191.06,-139.68099999999998,143.36050469444632,8.166528333333346,2.616021989600294,20.479,0.0,0.0,20.479,46.06007916666669,50.484,40.84,3.45824175190615,-4.530999999999999,0.6051666666666667,0.02910539973587912,0.672,0.0668333333333333,2454.944766666704,195.33080358650687,2889.4,59.78160000000002,27.84833333333334,33.97536760185124,68.02318379639085,20,100,0,115,1
47.697800083331266,65.37620683704104,191.06,0.0,191.06,-139.823,143.36219991666874,8.1715925,2.6061965678428045,20.479,0.0,0.0,20.479,46.0618166666666,50.512,40.887,3.457255808234391,-4.549999999999997,0.6039333333333334,0.03215948955380951,0.676,0.07206666666666661,2455.9669333333777,195.39690073812642,2887.6,59.96563333333332,27.825499999999995,33.97706974999929,68.01456289443765,20,100,0,115,1
47.53026016666587,65.145275672626,191.13,0.0,191.13,-139.81900000000002,143.59973983333413,8.027885833333322,2.641564657104578,20.479,0.0,0.0,20.479,46.02367500000005,50.43,40.824,3.451812516817104,-4.617000000000004,0.6137166666666666,0.02745788248817568,0.671,0.057283333333333464,2483.3367333333667,195.94324401845287,2919.6,56.48104999999999,27.700749999999992,33.860606999999746,67.81429821221876,20,100,2,115,1
47.462248638887644,65.17834536529453,190.71,0.0,190.71,-139.014,143.24775136111236,8.008215833333326,2.6717454960966185,20.479,0.0,0.0,20.479,45.9610125,50.316,40.809,3.4329355303430376,-4.4410000000000025,0.613066666666667,0.02935225378501434,0.678,0.06493333333333307,2484.899066666692,198.2767678404098,2921.4,55.35599999999999,27.63233333333333,33.81049232407366,67.87944311517617,20,73,2,115,0
47.45739238888818,65.17112643699794,190.74,0.0,190.74,-139.191,143.2826076111118,8.015959999999982,2.663794174275186,20.477,0.0,0.0,20.477,45.8911916666667,50.309,40.719,3.451476430901468,-4.5190000000000055,0.6139333333333334,0.02832132015180868,0.682,0.06806666666666661,2484.155966666719,197.85328689440914,2919.6,55.616249999999965,27.914033333333325,33.78818135185162,67.86324193142492,20,73,2,115,0
47.4715025277778,65.18871979781102,190.7,0.0,190.7,-139.135,143.2284974722222,8.013672499999984,2.6686257620965743,20.479,0.0,0.0,20.479,45.84192083333331,50.246,40.656,3.4502916713138,-4.530999999999999,0.6126333333333333,0.029552576914033884,0.682,0.0693666666666668,2485.115733333363,197.8947886387039,2921.4,55.471066666666665,27.989683333333332,33.77569862037037,67.88689813682161,20,73,2,115,0
47.46617119444452,65.1811412969317,190.68,0.0,190.68,-139.171,143.2138288055555,8.006114166666652,2.671273978214929,20.249,0.0,0.0,20.249,45.810674999999996,50.199,40.652,3.4495918979110978,-4.515999999999998,0.6092333333333334,0.034111167546896276,0.682,0.07276666666666665,2487.880300000016,197.21943574662217,2918.6,55.20421666666667,27.94518333333333,33.76098678703706,67.88652644269352,20,73,2,115,0
47.47447724999971,65.18252014456316,190.74,0.0,190.74,-139.02,143.2655227500003,8.008179166666666,2.679500087578293,20.479,0.0,0.0,20.479,45.771608333333376,50.129,40.582,3.4433939210214906,-4.527000000000001,0.6163166666666667,0.033874890288979484,0.698,0.08168333333333322,2487.603600000067,198.17327314264995,2921.6,55.17118333333333,27.891366666666666,33.75142158333325,67.89589512243043,20,73,2,115,0
47.47287916666667,65.18249899179806,190.77,0.0,190.77,-139.054,143.29712083333334,8.009564166666651,2.679954419816293,20.479,0.0,0.0,20.479,45.7201833333334,50.098,40.57,3.4438573427496384,-4.516000000000005,0.6147833333333335,0.02911583625630486,0.68,0.06521666666666659,2486.9753000000433,197.97067158473573,2921.4,55.21503333333335,27.83093333333331,33.73420888888891,67.89156924787066,20,73,2,115,0
47.4787770833339,65.19239262115757,190.65,0.0,190.65,-139.131,143.1712229166661,8.009036666666669,2.67767316214874,20.479,0.0,0.0,20.479,45.70894583333337,50.059,40.562,3.426613682891862,-4.476999999999997,0.6178333333333332,0.031794982370726414,0.702,0.08416666666666672,2487.4863999999952,197.9627602962672,2921.6,55.16373333333331,27.677633333333343,33.732253194444645,67.90186076567703,20,73,2,115,0
47.47069930555572,65.18181309212247,190.65,0.0,190.65,-139.156,143.1793006944443,8.014707499999984,2.6691927203605537,20.479,0.0,0.0,20.479,45.683595833333406,50.051,40.508,3.4332291396738404,-4.4609999999999985,0.6144000000000001,0.028986963756085452,0.687,0.0726,2487.330300000021,198.25168682880124,2923.8,55.37290000000002,27.806833333333326,33.7230008796297,67.8799927762391,20,73,2,115,0
47.47327494444531,65.18324896738905,190.68,0.0,190.68,-139.054,143.2067250555547,8.011097499999998,2.676714246165144,20.479,0.0,0.0,20.479,45.68935833333337,50.047,40.57,3.4148419697829873,-4.4879999999999995,0.61365,0.026418294252022443,0.672,0.05835000000000001,2486.3659333333694,198.45444673114983,2921.6,55.2387,27.5822,33.72457692592622,67.88638150780622,20,73,2,115,0
47.47301277777813,65.18072986684666,190.69,0.0,190.69,-139.076,143.21698722222186,8.01091416666666,2.678096251645349,20.479,0.0,0.0,20.479,45.6792916666667,50.043,40.57,3.4250122472268787,-4.446000000000005,0.61325,0.026608667505921436,0.677,0.06375000000000008,2485.6119000000344,198.40816294928698,2919.6,55.26834999999999,27.68903333333333,33.7210728703705,67.88543478599793,20,73,2,115,0
47.488385666666346,65.15055157305093,190.68,0.0,190.68,-139.111,143.19161433333366,8.030570833333314,2.6714280013296032,20.141,0.0,0.0,20.141,45.674250000000015,50.043,40.492,3.429578796856747,-4.452999999999996,0.6188500000000001,0.036817380291452366,0.699,0.08014999999999983,2483.480600000025,197.99444740658925,2919.4,56.08961666666667,27.62608333333334,33.731068833333225,67.85879695467199,20,80,2,115,0
47.49030533333354,65.1542011777404,190.66,0.0,190.66,-139.135,143.16969466666646,8.028804166666658,2.665070813227215,19.784,0.0,0.0,19.784,45.6762416666667,50.051,40.516,3.4235749941422404,-4.530999999999999,0.6180666666666664,0.029462913583625083,0.691,0.07293333333333352,2479.8010666666814,197.3981259001219,2914.6,56.16848333333332,27.621633333333325,33.731783722222296,67.84873490455125,20,80,2,115,0
47.501768722221975,65.17044156002855,190.61,0.0,190.61,-139.1,143.10823127777803,8.022559166666674,2.656686414895169,20.268,0.0,0.0,20.268,45.670679166666694,50.035,40.48,3.432263188536109,-4.582000000000001,0.6220333333333335,0.027933314455989223,0.68,0.0579666666666665,2481.168900000004,197.28381870706968,2915.6,56.06454999999999,27.75805,33.73166901851845,67.8550612893797,20,80,2,115,0
47.499946416667186,65.16398194681987,190.59,0.0,190.59,-139.149,143.0900535833328,8.02854999999998,2.6672485357498186,20.111,0.0,0.0,20.111,45.63077499999999,50.035,40.402,3.4660183080166034,-4.618000000000002,0.6201666666666666,0.030510440928470998,0.697,0.07683333333333331,2483.4756333333617,196.74710533281473,2917.4,56.13034999999999,28.154750000000003,33.71975713888906,67.86174092349816,20,80,2,115,0
47.51235138888933,65.17327444094666,190.65,0.0,190.65,-139.165,143.13764861111068,8.028744999999992,2.664829371577979,20.24,0.0,0.0,20.24,45.62367083333334,50.035,40.398,3.4559100691193203,-4.536000000000001,0.6150000000000001,0.03057693824669785,0.693,0.07799999999999985,2486.3469000000396,197.23000451123875,2921.6,55.97128333333334,28.047766666666657,33.721589074074224,67.86868075077133,20,80,2,115,0
47.51765963888914,65.18080291498308,190.74,0.0,190.74,-139.184,143.22234036111087,8.030660833333325,2.674502775292106,20.081,0.0,0.0,20.081,45.637445833333345,50.043,40.426,3.4301977834920505,-4.4609999999999985,0.6241999999999999,0.02762263871340909,0.692,0.06780000000000008,2487.0100333333635,197.00223729587984,2920.4,56.03713333333333,27.694083333333335,33.728588768518605,67.8829283289886,20,80,2,115,0
47.50958222222256,65.17376172987754,190.73,0.0,190.73,-139.20100000000002,143.2204177777774,8.026621666666642,2.667694177321866,20.243,0.0,0.0,20.243,45.63662500000001,50.047,40.441,3.4429086748424558,-4.546999999999997,0.61425,0.029417292850363874,0.68,0.06575000000000009,2483.6656666667136,197.93389082909817,2921.8,56.05295,27.80151666666666,33.7242762962964,67.87087320004977,20,80,2,115,0
47.51787847222222,65.18140883155483,190.66,0.0,190.66,-139.07199999999997,143.14212152777776,8.025174999999988,2.667227275747621,20.166,0.0,0.0,20.166,45.60330833333334,50.023,40.402,3.4692653082475204,-4.609000000000002,0.6149000000000001,0.030367076283927957,0.689,0.07409999999999983,2483.4189000000365,196.50712312202904,2915.6,56.060266666666685,27.9894,33.71545393518519,67.87900318358638,20,80,2,115,0
47.51884216666714,65.18353383861152,190.77,0.0,190.77,-139.238,143.25115783333285,8.024854166666653,2.659224323539051,20.348,0.0,0.0,20.348,45.61290833333333,49.965,40.41,3.422628723756552,-4.43,0.61415,0.029388585931460674,0.689,0.07484999999999997,2484.085966666702,196.62752791472136,2915.8,55.93451666666665,27.603033333333336,33.718868222222376,67.87214674808203,20,80,2,115,0
47.50306772222225,65.1682712214517,190.63,0.0,190.63,-139.21800000000002,143.12693227777774,8.026529166666654,2.6744107244559894,20.479,0.0,0.0,20.479,45.603912500000014,49.961,40.43,3.431646730827453,-4.440999999999995,0.6064166666666664,0.0271526080569397,0.677,0.07058333333333366,2484.2404333333748,196.9383749951657,2919.4,55.98976666666666,27.793799999999997,33.7111697962963,67.86983455396464,20,80,2,115,0
47.53131794444525,65.15581784332967,190.63,0.0,190.63,-139.14399999999998,143.09868205555475,8.031655833333309,2.661326399100913,19.978,0.0,0.0,19.978,45.61667500000003,49.953,40.492,3.4052259054510334,-4.367000000000004,0.6087666666666667,0.028140908557885584,0.676,0.06723333333333337,2483.542100000063,195.90938358167674,2917.6,56.375283333333336,27.457866666666668,33.72654959259287,67.84528515098847,20,90,2,115,0
47.52732305555644,65.1478407998142,190.65,0.0,190.65,-139.16799999999998,143.12267694444358,8.030775833333323,2.6616593676515308,20.19,0.0,0.0,20.19,45.6059041666667,49.969,40.484,3.426082383284689,-4.5390000000000015,0.6093833333333334,0.029112343276923757,0.681,0.07161666666666666,2483.1719333333763,196.27406538745637,2919.4,56.376316666666675,27.656299999999995,33.72133435185216,67.83861251074265,20,90,2,115,0
47.53951625000035,65.16340929375406,190.65,0.0,190.65,-139.12099999999998,143.11048374999967,8.032575000000001,2.662069192319309,20.169,0.0,0.0,20.169,45.606979166666655,49.965,40.426,3.4381468376711926,-4.551000000000002,0.6137499999999999,0.029710823799542468,0.685,0.07125000000000015,2484.9760333333766,195.8847555030899,2920.4,56.32520000000001,27.790950000000002,33.72635680555567,67.85518930987291,20,90,2,115,0
47.52955458333318,65.14957236446419,190.65,0.0,190.65,-139.103,143.12044541666683,8.034632499999983,2.6647498379509225,20.008,0.0,0.0,20.008,45.612741666666686,49.969,40.402,3.434295434239369,-4.534999999999997,0.5893833333333333,0.02785683232789818,0.649,0.05961666666666676,2486.3681000000383,196.08588067771956,2918.6,56.34658333333332,27.602433333333337,33.72564291666662,67.84217903474301,20,90,2,115,0
47.533823138889325,65.16021033585943,190.63,0.0,190.63,-139.00199999999998,143.09617686111068,8.031797499999982,2.6559844862410333,19.682,0.0,0.0,19.682,45.61159999999999,49.977,40.48,3.429218697748431,-4.524000000000001,0.61425,0.02658955128030815,0.68,0.06575000000000009,2485.9338333333726,196.35888168616597,2919.4,56.266933333333334,27.51141666666667,33.725740212963096,67.84278437338078,20,90,2,115,0
47.53181238888929,65.16085789971382,190.71,0.0,190.71,-139.14000000000001,143.17818761111073,8.030107500000002,2.6643302298930625,20.479,0.0,0.0,20.479,45.60243750000002,49.992,40.43,3.4284354819389544,-4.5120000000000005,0.6135833333333333,0.027636436073959644,0.67,0.05641666666666678,2484.623733333346,196.70328433219768,2919.6,56.346766666666646,27.437666666666658,33.72145246296311,67.85282456568085,20,90,2,115,0
47.531844027777986,65.15415423072993,190.65,0.0,190.65,-139.08,143.118155972222,8.025978333333326,2.654581915070068,19.583,0.0,0.0,19.583,45.5803916666667,49.98,40.41,3.451729549604411,-4.582000000000001,0.6113333333333332,0.0269114471684554,0.686,0.07466666666666688,2482.8014333333526,196.56584928923107,2919.4,56.30783333333333,27.610233333333333,33.71273800925934,67.83564759296846,20,90,2,115,0
47.531212944444846,65.16049090328227,190.69,0.0,190.69,-139.111,143.15878705555514,8.03049333333332,2.6585892513314215,19.679,0.0,0.0,19.679,45.58375000000006,49.953,40.414,3.4405206323690782,-4.594000000000001,0.6111166666666671,0.02600331899719837,0.672,0.060883333333332956,2481.0362666666906,196.61210231788513,2917.6,56.460216666666646,27.509099999999997,33.71515209259274,67.84508347361088,20,90,2,115,0
47.53481130555562,65.15610914879667,190.7,0.0,190.7,-139.26500000000001,143.16518869444437,8.036508333333327,2.6613691776690986,19.943,0.0,0.0,19.943,45.56517916666669,49.949,40.348,3.4479276811042348,-4.5120000000000005,0.6126,0.02628475100877354,0.678,0.06540000000000001,2480.367700000046,196.01788343196526,2915.4,56.56513333333332,27.709416666666662,33.71216626851855,67.84376307747455,20,90,2,115,0
47.535109500000054,65.16043010834794,190.66,0.0,190.66,-139.167,143.12489049999994,8.033248333333322,2.655153131828452,20.161,0.0,0.0,20.161,45.55409583333335,49.934,40.398,3.44812012017599,-4.534999999999997,0.6188833333333335,0.035515616840314394,0.711,0.09211666666666651,2480.7054000000385,196.0084418991249,2917.2,56.48763333333333,27.592216666666666,33.707484555555574,67.85109885701671,20,90,2,115,0
47.54747536111171,65.14888871423392,190.66,0.0,190.66,-139.239,143.1125246388883,8.034724166666651,2.6362642281550324,20.479,0.0,0.0,20.479,45.54708750000002,49.922,40.398,3.4445151167909334,-4.5120000000000005,0.6182166666666669,0.032851020501996585,0.712,0.09378333333333311,2481.863633333389,194.9690303046321,2915.8,56.53961666666665,27.520650000000003,33.70976234259279,67.81800396289094,20,100,2,115,0
47.55456150000058,65.15124841679767,190.66,0.0,190.66,-139.163,143.10543849999942,8.032419999999997,2.640986314339229,20.479,0.0,0.0,20.479,45.54377500000002,49.914,40.402,3.440340143158466,-4.5390000000000015,0.6118166666666666,0.02950925833842012,0.678,0.06618333333333348,2484.7116666667084,195.74936425479544,2919.4,56.426000000000016,27.716900000000006,33.71025216666686,67.82174398947532,20,100,2,115,0
47.55900452777831,65.16177824923793,190.72,0.0,190.72,-139.194,143.16099547222169,8.028649999999988,2.649404832373648,20.479,0.0,0.0,20.479,45.53944583333337,49.898,40.402,3.4342146869236565,-4.43,0.6107833333333335,0.02707183893415513,0.677,0.06621666666666659,2486.1884000000455,195.3869298788976,2919.4,56.15454999999999,27.766749999999995,33.70903345370389,67.83825492054572,20,100,2,115,0
47.5571135833335,65.1556205183763,190.66,0.0,190.66,-139.322,143.10288641666648,8.03544166666665,2.639991146950536,20.479,0.0,0.0,20.479,45.537362500000015,49.898,40.332,3.436534887240904,-4.5120000000000005,0.6075666666666668,0.030917806106890544,0.673,0.06543333333333323,2486.597133333362,195.63370252262092,2925.4,56.34993333333334,27.599850000000004,33.70997258333339,67.82652947143372,20,100,2,115,0
47.555242638888394,65.14831663208095,190.63,0.0,190.63,-139.091,143.0747573611116,8.032404999999997,2.643212284694509,20.479,0.0,0.0,20.479,45.52510416666667,49.914,40.312,3.442371829013767,-4.5390000000000015,0.6105833333333334,0.03406140599756671,0.694,0.08341666666666658,2482.6513000000173,195.37283168053284,2917.6,56.387216666666674,27.645583333333327,33.70425060185169,67.82559032277302,20,100,2,115,0
47.55731225000148,65.16281812034255,190.66,0.0,190.66,-139.258,143.10268774999852,8.027943333333324,2.650826252316851,20.479,0.0,0.0,20.479,45.53014166666671,49.895,40.402,3.431550143869156,-4.457000000000001,0.6142500000000002,0.03315583390647714,0.695,0.08074999999999977,2481.7538333333673,195.00617967214254,2915.8,56.310216666666655,27.678733333333334,33.70513241666717,67.84680020656587,20,100,2,115,0
47.55162722222326,65.15575473124592,190.6,0.0,190.6,-139.266,143.04837277777673,8.025597499999984,2.6484959485498534,20.479,0.0,0.0,20.479,45.52700833333335,49.906,40.344,3.441610098032006,-4.445,0.61745,0.03192970297706183,0.678,0.06054999999999999,2481.722766666669,195.66925573005048,2916.8,56.24545,27.60428333333334,33.70141101851886,67.83618038277284,20,100,2,115,0
47.55857288888953,65.16150634793739,190.66,0.0,190.66,-139.25300000000001,143.10142711111047,8.028947500000013,2.6389577193684373,20.479,0.0,0.0,20.479,45.52425416666665,49.898,40.242,3.44330658411361,-4.629000000000005,0.6139333333333332,0.027065436503174035,0.691,0.07706666666666673,2481.522766666677,195.60540362508763,2917.8,56.460583333333346,27.58201666666665,33.703924851852065,67.827529503809,20,100,2,115,0
47.55906000000035,65.16204676190706,190.65,0.0,190.65,-139.17899999999997,143.09093999999965,8.023840833333312,2.6426973240336635,20.479,0.0,0.0,20.479,45.48723333333336,49.887,40.23,3.4780831763071767,-4.445999999999998,0.6152333333333332,0.027658551665370876,0.684,0.06876666666666686,2481.8839000000166,195.76478214712554,2917.8,56.33186666666667,27.980383333333315,33.69004472222234,67.8324026376061,20,100,2,115,0
47.55744733333368,65.16418942958074,190.6,0.0,190.6,-139.264,143.04255266666632,8.027910000000002,2.6401670939171953,20.479,0.0,0.0,20.479,45.496720833333335,49.895,40.27,3.4423408416159265,-4.436999999999998,0.6159166666666667,0.029337482051248812,0.678,0.06208333333333338,2481.475600000025,195.62315897671215,2916.6,56.45343333333333,27.671150000000004,33.69402605555567,67.83369400554919,20,100,2,115,0
47.63114988888836,65.26073063347387,190.73,0.0,190.73,-139.18900000000002,143.09885011111163,8.073445833333313,2.635423254148448,20.479,0.0,0.0,20.479,45.505195833333346,49.895,40.312,3.437666565182215,-4.4410000000000025,0.6156000000000001,0.027552845987917463,0.678,0.0623999999999999,2470.59396666668,195.2995097621884,2911.8,57.49508333333336,27.61168333333333,33.736597185185005,67.92370673361023,20,100,1,115,1
47.564189416666075,65.30311566974673,190.77,0.0,190.77,-139.44,143.20581058333394,8.054359166666663,2.671389463347999,20.479,0.0,0.0,20.479,45.51358333333334,49.895,40.336,3.4289068572512034,-4.438000000000002,0.6179833333333334,0.028686790006969335,0.689,0.0710166666666665,2473.629766666687,197.3957452276633,2905.8,56.40746666666667,27.36115000000001,33.71071063888869,68.0031919231017,20,73,1,115,0
47.5578508055548,65.29473300118119,190.81,0.0,190.81,-139.468,143.2521491944452,8.05749583333333,2.657841060441371,20.479,0.0,0.0,20.479,45.49497916666671,49.937,40.254,3.47324839867446,-4.609000000000002,0.6199333333333333,0.023989310237055972,0.669,0.0490666666666667,2472.545866666701,198.01890319845612,2905.6,56.61148333333334,27.924149999999997,33.70344193518495,67.97656337185961,20,73,1,115,0
47.555684361110735,65.29464399965859,191.06,0.0,191.06,-139.508,143.50431563888927,8.05158333333332,2.670083708218958,20.479,0.0,0.0,20.479,45.498949999999994,49.922,40.23,3.473018130492272,-4.440999999999995,0.6220666666666669,0.027919901574948353,0.685,0.06293333333333317,2469.043800000054,197.89853285571473,2905.4,56.526466666666686,27.978899999999996,33.70207256481468,67.99264760945249,20,73,1,115,0
47.56829947222217,65.31445555094989,190.84,0.0,190.84,-139.461,143.27170052777782,8.059376666666658,2.661043133858557,20.479,0.0,0.0,20.479,45.51660833333336,49.914,40.324,3.4398609604961257,-4.456999999999994,0.6222,0.029616646716194357,0.687,0.06480000000000008,2468.3533000000393,197.42350874725554,2899.6,56.71190000000002,27.548150000000003,33.71476149074073,68.00511533152464,20,73,1,115,0
47.56415705555475,65.30806176252352,190.84,0.0,190.84,-139.467,143.27584294444526,8.056624999999986,2.6590200254269147,20.479,0.0,0.0,20.479,45.509112499999986,49.898,40.398,3.428230702388197,-4.472999999999999,0.6264833333333336,0.02988253368121653,0.696,0.06951666666666634,2466.1657666667015,197.54620735096893,2899.8,56.76091666666669,27.347650000000005,33.70996485185157,67.99696432163165,20,73,1,115,0
47.56180888888797,65.30029908187151,190.84,0.0,190.84,-139.429,143.27819111111205,8.065171666666645,2.658672768118929,20.479,0.0,0.0,20.479,45.51767083333333,49.906,40.32,3.4385727061111697,-4.457000000000001,0.6231499999999998,0.030002160939121537,0.694,0.07085000000000019,2466.244866666727,196.83487494593376,2897.8,56.911133333333346,27.42865000000001,33.71488379629598,67.98897401092957,20,73,1,115,0
47.57068274999993,65.31117756477246,190.87,0.0,190.87,-139.374,143.29931725000006,8.060874999999987,2.6601964549052717,20.479,0.0,0.0,20.479,45.513191666666685,49.926,40.32,3.437040807326462,-4.542999999999999,0.6163166666666666,0.030060104574097062,0.688,0.07168333333333332,2467.523666666717,196.75834813585183,2897.8,56.79358333333333,27.304316666666676,33.7149164722222,68.00143412425183,20,73,1,115,0
47.57193847222139,65.31181079931156,190.87,0.0,190.87,-139.33700000000002,143.2980615277786,8.057393333333328,2.6645891105188184,20.479,0.0,0.0,20.479,45.50444583333333,49.91,40.227,3.439593886760515,-4.448999999999998,0.6188333333333331,0.03188760274839658,0.693,0.07416666666666683,2471.347233333383,196.04621785589612,2899.6,56.59396666666666,27.35161666666667,33.71125921296268,68.00828751257878,20,73,1,115,0
47.574504249998526,65.30613310035919,190.85,0.0,190.85,-139.23999999999998,143.27549575000148,8.059529999999997,2.673458332443721,20.479,0.0,0.0,20.479,45.48459166666665,49.898,40.258,3.456286226127361,-4.535000000000004,0.6138333333333333,0.02765842910515659,0.68,0.0661666666666667,2477.0189000000623,196.60496445443934,2909.4,56.348983333333344,27.687299999999997,33.70620863888839,68.00724986190806,20,73,1,115,0
47.575956361110144,65.31687069826266,190.84,0.0,190.84,-139.353,143.26404363888986,8.061741666666654,2.664279329115133,20.479,0.0,0.0,20.479,45.476820833333335,49.895,40.246,3.4611557126697696,-4.445,0.61335,0.03189061016896908,0.693,0.07965,2474.5583666667158,197.96216167803783,2909.4,56.55526666666667,27.889266666666675,33.704839620370045,68.01304063754677,20,73,1,115,0
47.603449055554236,65.29307478569513,190.8,0.0,190.8,-139.394,143.1965509444458,8.082335833333312,2.666754723193974,20.479,0.0,0.0,20.479,45.47633749999999,49.887,40.27,3.447084478866975,-4.43,0.6147666666666667,0.03440209230268213,0.734,0.1192333333333333,2472.756966666716,195.5579818251051,2904.4,57.36196666666667,27.713066666666673,33.720707462962515,67.99423160119179,20,80,1,115,0
47.611020361110164,65.30690375115142,190.84,0.0,190.84,-139.487,143.22897963888983,8.076990833333333,2.6628955953139166,20.312,0.0,0.0,20.312,45.50019166666668,49.883,40.41,3.417927097689263,-4.445,0.6135666666666668,0.03244205612549425,0.7,0.08643333333333314,2473.095133333347,195.57449961706573,2903.6,57.29461666666666,27.46943333333333,33.72940095370339,68.00224140259083,20,80,1,115,0
47.61086049999865,65.3059567807644,190.84,0.0,190.84,-139.385,143.22913950000134,8.077729999999985,2.6592325898786213,20.318,0.0,0.0,20.318,45.498291666666695,49.887,40.344,3.4285998994083795,-4.433,0.6164666666666665,0.030021724713984392,0.69,0.07353333333333345,2473.3819666667255,195.80433130421758,2903.4,57.29478333333335,27.49095000000001,33.72896072222178,67.99521109535702,20,80,1,115,0
47.610489638888076,65.30240205911495,190.85,0.0,190.85,-139.467,143.2395103611119,8.079375833333328,2.6658607326316694,20.099,0.0,0.0,20.099,45.4778166666667,49.879,40.324,3.4353492181679415,-4.524000000000001,0.6236999999999998,0.03300143807857829,0.709,0.08530000000000015,2473.7244000000455,196.35710454014787,2907.8,57.39163333333336,27.490700000000007,33.7225607129627,68.0012642298252,20,80,1,115,0
47.6118966666662,65.29950998146401,190.8,0.0,190.8,-139.472,143.1881033333338,8.07582416666666,2.652155832597881,20.186,0.0,0.0,20.186,45.45835833333334,49.832,40.238,3.444330893224737,-4.617000000000004,0.61345,0.0328687296656033,0.683,0.06955,2475.2615333334115,195.1366080714153,2908.6,57.17928333333332,27.51596666666666,33.71535972222207,67.9845345437275,20,80,1,115,0
47.61325844444328,65.30096256360731,190.79,0.0,190.79,-139.273,143.1767415555567,8.078034166666669,2.6650627833815554,20.083,0.0,0.0,20.083,45.43270416666664,49.816,40.238,3.467765695730416,-4.600999999999999,0.5975166666666668,0.03927801458040529,0.687,0.08948333333333325,2474.492166666684,195.75787356532055,2907.8,57.34155000000001,27.783883333333335,33.70799892592553,68.00530336156928,20,80,1,115,0
47.61388199999833,65.29883188294667,190.84,0.0,190.84,-139.508,143.2261180000017,8.075290000000004,2.658448946579184,20.203,0.0,0.0,20.203,45.426754166666605,49.816,40.238,3.467860282553654,-4.524000000000001,0.61415,0.03071069211479111,0.688,0.07384999999999997,2475.1366000000653,195.70769023497652,2905.6,57.24509999999999,27.74581666666666,33.705308722221645,67.98799152164065,20,80,1,115,0
47.62241611111032,65.31216396822326,190.88,0.0,190.88,-139.39,143.25758388888968,8.073759166666653,2.654248643411197,20.241,0.0,0.0,20.241,45.41141666666665,49.816,40.199,3.46847773051595,-4.528000000000006,0.6137,0.032415365680544025,0.688,0.07429999999999992,2475.9276666666956,195.89294246783626,2905.4,57.16240000000002,27.747133333333338,33.70253064814788,67.998827977315,20,80,1,115,0
47.60654824999881,65.29691786760843,190.84,0.0,190.84,-139.473,143.2334517500012,8.075546666666662,2.654687668383881,19.851,0.0,0.0,19.851,45.408745833333334,49.816,40.23,3.455538025245218,-4.472999999999999,0.6107999999999999,0.03393603154890296,0.689,0.07820000000000005,2476.5517000000127,196.10618079533944,2907.8,57.206083333333346,27.635350000000013,33.69694691666627,67.98554156754122,20,80,1,115,0
47.6172443888878,65.30755718428449,190.85,0.0,190.85,-139.517,143.2327556111122,8.082325833333327,2.6613527089684896,20.023,0.0,0.0,20.023,45.41296249999997,49.816,40.23,3.463744164133825,-4.601999999999997,0.6137166666666666,0.029901018443437736,0.688,0.07428333333333337,2476.758100000066,196.13251470611434,2907.4,57.31998333333331,27.741933333333332,33.7041775740737,67.99881091169642,20,80,1,115,0
47.64484424999839,65.3014830333474,190.82,0.0,190.82,-139.613,143.1751557500016,8.08711166666666,2.652207277985965,20.479,0.0,0.0,20.479,45.415525,49.82,40.23,3.454032908053471,-4.523000000000003,0.6161833333333333,0.029296550191231497,0.682,0.06581666666666675,2474.7764000000266,195.6238381112577,2909.6,57.69238333333331,27.579733333333344,33.715826972221684,67.9829868615246,20,90,1,115,0
47.65092063888822,65.30805898613144,190.84,0.0,190.84,-139.466,143.1890793611118,8.08997083333332,2.6563073794388,20.148,0.0,0.0,20.148,45.40517916666666,49.816,40.242,3.458608321285636,-4.530999999999999,0.6164000000000001,0.03120962476490391,0.685,0.0686,2475.3672666666826,195.2439552343123,2907.8,57.70375000000002,27.654766666666664,33.715356879629404,67.99557599033514,20,90,1,115,0
47.65750349999876,65.31099083131647,190.85,0.0,190.85,-139.537,143.19249650000123,8.088841666666658,2.6576027324451896,20.197,0.0,0.0,20.197,45.392166666666654,49.82,40.18,3.46605766268537,-4.597000000000001,0.6138500000000001,0.03256691937055357,0.688,0.07414999999999983,2476.4333666667176,196.16108297793951,2911.6,57.66766666666668,27.630800000000008,33.71283727777736,68.00116048313221,20,90,1,115,0
47.645335861110205,65.30306992414326,190.93,0.0,190.93,-139.6,143.2846641388898,8.084295833333334,2.647440814706179,19.447,0.0,0.0,19.447,45.38072083333334,49.82,40.164,3.4657083732527822,-4.449000000000005,0.6168833333333333,0.03260658749428711,0.689,0.0721166666666666,2473.61593333336,194.696434233003,2903.6,57.60523333333333,27.599866666666667,33.7034508425923,67.98311732634372,20,90,1,115,0
47.650798833332324,65.30576969712274,190.94,0.0,190.94,-139.672,143.28920116666768,8.08651916666666,2.649931262828164,20.295,0.0,0.0,20.295,45.3616,49.82,40.16,3.4748787580667613,-4.5390000000000015,0.6177500000000002,0.030648153648040525,0.689,0.0712499999999997,2472.9420000000123,195.4457139476759,2907.0,57.66691666666668,27.692816666666666,33.699639333332996,67.98634911359895,20,90,1,115,0
47.64817827777662,65.2985793428974,190.82,0.0,190.82,-139.555,143.17182172222337,8.090808333333326,2.657717157701167,20.246,0.0,0.0,20.246,45.35661249999998,49.812,40.102,3.4607953211759312,-4.457000000000001,0.62025,0.03199238521686695,0.709,0.08875,2473.4456666666874,195.1730122020056,2902.6,57.76646666666667,27.56861666666667,33.69853303703665,67.98828888581544,20,90,1,115,0
47.651330749999175,65.30413385356226,190.82,0.0,190.82,-139.434,143.16866925000082,8.087264166666655,2.651571118956025,20.049,0.0,0.0,20.049,45.36244583333329,49.793,40.238,3.4456943924884107,-4.448999999999998,0.6170333333333332,0.029197147914268688,0.692,0.07496666666666674,2474.584500000039,194.89517442611492,2907.4,57.657416666666656,27.467050000000008,33.700346916666376,67.98490212043257,20,90,1,115,0
47.65651388888743,65.30895973378652,190.87,0.0,190.87,-139.526,143.21348611111256,8.083514166666658,2.6505263328881967,20.268,0.0,0.0,20.268,45.36098333333334,49.801,40.152,3.448451968463611,-4.5390000000000015,0.6173500000000001,0.029364353461932204,0.686,0.06864999999999999,2476.0496333333954,194.95300340198608,2907.4,57.60958333333334,27.532000000000007,33.70033712962914,67.98885042013664,20,90,1,115,0
47.65328149999901,65.30568331775848,190.82,0.0,190.82,-139.51,143.16671850000097,8.08843416666665,2.6558864209965134,20.021,0.0,0.0,20.021,45.34644583333333,49.812,40.152,3.456180512884052,-4.543000000000006,0.6225833333333334,0.027713602892997066,0.69,0.06741666666666657,2477.0522000000287,195.31913516751783,2907.4,57.584550000000014,27.447083333333346,33.696053833332996,67.98928334164799,20,90,1,115,0
47.66111922222111,65.313581817478,190.82,0.0,190.82,-139.537,143.15888077777888,8.084993333333328,2.6535703780783857,20.271,0.0,0.0,20.271,45.323495833333354,49.793,40.082,3.4764382147638453,-4.527000000000001,0.6232666666666667,0.03204597685776426,0.691,0.0677333333333332,2477.409466666723,195.16464747400548,2907.6,57.58498333333336,27.65525,33.6898694629626,67.99919817241414,20,90,1,115,0
47.67156308333224,65.29675844193906,190.85,0.0,190.85,-139.594,143.17843691666775,8.082574166666669,2.6420451184968026,20.479,0.0,0.0,20.479,45.303454166666626,49.777,40.059,3.485023703716194,-4.452999999999996,0.6129166666666667,0.03075672265864109,0.689,0.07608333333333328,2475.5641333333756,195.05196963559567,2907.6,57.49399999999999,27.727650000000004,33.68586380555518,67.9695602830945,20,100,1,115,0
47.676105388887805,65.302645281825,190.9,0.0,190.9,-139.46,143.2238946111122,8.080975,2.643511056965448,20.479,0.0,0.0,20.479,45.279729166666655,49.762,40.055,3.490566610318507,-4.5589999999999975,0.6126,0.03204245065639952,0.697,0.08439999999999992,2476.7545666666933,194.69387715106052,2907.6,57.44925,27.77366666666667,33.67893651851816,67.97819878944685,20,100,1,115,0
47.66821522222089,65.2983609035682,190.8,0.0,190.8,-139.458,143.13178477777913,8.08377999999999,2.6344717812568295,20.479,0.0,0.0,20.479,45.27297083333334,49.734,39.992,3.4878194353165255,-4.563000000000002,0.6101833333333333,0.03054726355558653,0.682,0.07181666666666675,2471.423300000048,195.59276999007076,2907.8,57.70264999999999,27.75856666666667,33.674988685184736,67.96337994838062,20,100,1,115,0
47.67342752777658,65.30179550578504,190.89,0.0,190.89,-139.628,143.2165724722234,8.084377499999995,2.6296151349818326,20.454,0.0,0.0,20.454,45.26464166666664,49.73,40.066,3.4719029901700917,-4.469000000000001,0.6107666666666667,0.03199966454626435,0.689,0.07823333333333327,2469.6686000000327,194.29217974284214,2901.8,57.76373333333334,27.51411666666666,33.67414889814774,67.96341030531313,20,100,1,115,0
47.664445194443296,65.30064235053281,190.84,0.0,190.84,-139.513,143.17555480555671,8.079672499999996,2.6398435474865596,20.479,0.0,0.0,20.479,45.265750000000004,49.73,40.066,3.470283515481735,-4.563000000000002,0.6064000000000002,0.03837336646995268,0.688,0.08159999999999978,2469.1018000000095,194.76570967114296,2901.4,57.635883333333325,27.550133333333335,33.66995589814777,67.97885926448933,20,100,1,115,0
47.665220999999164,65.29546171172956,190.84,0.0,190.84,-139.37699999999998,143.17477900000085,8.083622500000004,2.6322838211503066,20.479,0.0,0.0,20.479,45.2599666666667,49.73,40.0,3.4859486056011506,-4.6839999999999975,0.6103666666666666,0.024097940461028575,0.667,0.056633333333333424,2467.361066666687,194.26978291958196,2899.6,57.82996666666668,27.745766666666672,33.669603388888625,67.9518434733409,20,100,1,115,0
47.66781902777615,65.29699788879213,190.84,0.0,190.84,-139.53300000000002,143.17218097222386,8.089802499999987,2.630477846940828,20.476,0.0,0.0,20.476,45.236500000000014,49.711,39.988,3.499173161150428,-4.551000000000002,0.6237166666666666,0.032440345076780015,0.692,0.06828333333333336,2467.6122666667106,194.5191252581883,2902.0,58.023816666666654,27.889733333333343,33.66470717592538,67.95991608080975,20,100,1,115,0
47.67029513888806,65.30480336821373,190.84,0.0,190.84,-139.64000000000001,143.16970486111194,8.086725833333325,2.629594718643839,20.477,0.0,0.0,20.477,45.23938750000002,49.707,40.066,3.4697315313183363,-4.550999999999995,0.6664333333333334,0.06826602169098567,0.823,0.15656666666666652,2468.13443333335,194.32648362498585,2903.4,57.93493333333333,27.631033333333335,33.66546949074047,68.00266410854856,20,100,1,115,0
47.678691166665935,65.3061766031014,190.82,0.0,190.82,-139.608,143.14130883333405,8.08047333333333,2.630861343831004,20.479,0.0,0.0,20.479,45.200179166666686,49.703,39.914,3.5036215509025936,-4.635999999999996,0.6943,0.09605053401593228,0.877,0.18269999999999997,2468.307266666664,194.63238874432045,2901.6,57.84135000000002,27.832716666666666,33.65311455555531,68.03308848094834,20,100,1,115,0
47.68423299999851,65.3162195489795,190.84,0.0,190.84,-139.547,143.1557670000015,8.087411666666657,2.6315605965234523,20.479,0.0,0.0,20.479,45.18706250000002,49.691,39.887,3.5042833001856812,-4.527000000000001,0.6247333333333334,0.03476549363985213,0.712,0.0872666666666666,2471.103833333367,194.2211432037806,2903.6,57.850550000000005,27.676666666666673,33.6529023888884,67.98254563914281,20,100,1,115,0
47.79827005555374,65.47494839578509,191.14,0.0,191.14,-139.575,143.34172994444623,8.188684166666645,2.6151984504422034,20.479,0.0,0.0,20.479,45.19169583333332,49.723,39.98,3.4993799037033426,-4.559000000000005,0.6222999999999999,0.03341637678277129,0.701,0.0787000000000001,2461.5386666666986,195.32377186148622,2895.8,59.98420000000002,27.734049999999993,33.72621668518457,68.12356322301007,20,100,0,115,1
47.72547036110934,65.51401293666355,191.12,0.0,191.12,-140.038,143.39452963889067,8.16343499999999,2.657847313345749,20.479,0.0,0.0,20.479,45.217920833333324,49.719,39.969,3.487679281092944,-4.535000000000004,0.6216166666666667,0.029786296284158683,0.681,0.059383333333333344,2464.354733333363,197.32141157894347,2893.6,58.69546666666669,27.696200000000008,33.70227539814755,68.20164654629346,20,73,0,115,0
47.7199379722206,65.50702060996288,191.14,0.0,191.14,-139.892,143.42006202777938,8.15870666666666,2.657209727057099,20.479,0.0,0.0,20.479,45.23702083333334,49.777,39.988,3.504762572549063,-4.633000000000003,0.6139833333333332,0.031639650979811626,0.695,0.08101666666666674,2460.068000000029,198.27001295120908,2893.6,58.758150000000015,27.812549999999995,33.70522182407353,68.19586998799979,20,73,0,115,0
47.72720605555446,65.51069360546714,191.14,0.0,191.14,-140.03900000000002,143.41279394444553,8.160285833333335,2.656855040529679,20.479,0.0,0.0,20.479,45.25842083333334,49.777,39.977,3.506204628579471,-4.641000000000005,0.6210166666666666,0.031395504194324075,0.691,0.0699833333333334,2459.901633333348,196.7774363011126,2888.6,58.80941666666666,27.773066666666654,33.71530424074038,68.19894415019114,20,73,0,115,0
47.728928166664446,65.51766623788018,191.09,0.0,191.09,-140.01500000000001,143.36107183333556,8.161682499999989,2.653619731252419,20.479,0.0,0.0,20.479,45.26334583333336,49.812,39.988,3.524333528671978,-4.567,0.6127833333333335,0.03584292080385488,0.702,0.0892166666666665,2460.7646999999974,196.55289059277843,2891.6,58.85200000000001,27.78693333333334,33.717985499999266,68.20712888993646,20,73,0,115,0
47.72267916666526,65.51238780879132,191.13,0.0,191.13,-140.089,143.40732083333472,8.163024999999983,2.653561474029833,20.479,0.0,0.0,20.479,45.27847500000001,49.812,39.988,3.5224275410289367,-4.656000000000006,0.6179000000000002,0.031501789026409405,0.691,0.07309999999999972,2461.955066666694,197.02187417681887,2893.6,58.81216666666667,27.775933333333327,33.72139305555508,68.19745107184755,20,73,0,115,0
47.7116523055537,65.49893934391356,191.41,0.0,191.41,-139.938,143.69834769444628,8.16139083333332,2.6472480392980327,20.479,0.0,0.0,20.479,45.29767916666669,49.812,39.977,3.5205057181743147,-4.625,0.6189833333333332,0.037457995307135415,0.706,0.08701666666666674,2459.2562333333826,196.59925266601863,2891.0,58.89436666666667,27.856166666666663,33.723574101851234,68.18364537851873,20,73,0,115,0
47.72249127777631,65.51384125415942,191.16,0.0,191.16,-139.959,143.4375087222237,8.164121666666661,2.654505217893486,20.479,0.0,0.0,20.479,45.2977958333333,49.812,40.004,3.511392154985164,-4.5660000000000025,0.6170166666666669,0.029723865698969856,0.69,0.07298333333333307,2463.5390333333703,195.95198913698226,2895.4,58.771433333333334,27.68748333333333,33.728136259258754,68.19807033775187,20,73,0,115,0
47.72649497222094,65.5152600644101,191.16,0.0,191.16,-140.02,143.43350502777906,8.166904166666646,2.654347553372464,20.479,0.0,0.0,20.479,45.31749999999999,49.812,40.059,3.4959938471169396,-4.527000000000001,0.6136333333333333,0.036454739370881145,0.688,0.07436666666666669,2466.491033333364,195.81776124465497,2897.8,58.69683333333337,27.480416666666667,33.736966379629195,68.20606235715344,20,73,0,115,0
47.72846936110928,65.51692198065152,191.15,0.0,191.15,-139.908,143.42153063889072,8.167698333333322,2.660095377709726,20.479,0.0,0.0,20.479,45.317054166666665,49.82,40.066,3.5072321396754624,-4.617000000000004,0.6092833333333332,0.02549914698916696,0.677,0.06771666666666687,2469.5313000000315,196.60997112837686,2897.6,58.600233333333335,27.63586666666667,33.737740620369756,68.2025165053504,20,73,0,115,0
47.724786444443026,65.51320357917712,191.14,0.0,191.14,-139.93,143.41521355555696,8.174291666666669,2.6501596389067394,20.479,0.0,0.0,20.479,45.31937916666671,49.812,40.016,3.517000925270104,-4.575000000000003,0.6069999999999999,0.03379399204452008,0.688,0.08100000000000007,2471.4918333333667,196.06911501546944,2898.4,58.71448333333334,27.74925,33.7394857592588,68.19715721012838,20,73,0,115,0
47.75853258333191,65.49773387256832,191.15,0.0,191.15,-139.966,143.3914674166681,8.188010833333312,2.641801761330913,20.479,0.0,0.0,20.479,45.337891666666685,49.82,40.02,3.5040160647972267,-4.472000000000001,0.6057333333333333,0.03255913351336679,0.68,0.0742666666666667,2471.334066666696,195.4623511606496,2897.6,59.28626666666669,27.596416666666673,33.76147836111064,68.1720947674126,20,80,0,115,0
47.75218738888689,65.4848718402239,191.11,0.0,191.11,-140.061,143.35781261111313,8.185899166666657,2.649372134661829,20.479,0.0,0.0,20.479,45.32924583333333,49.812,40.016,3.5183113321151214,-4.625,0.6094666666666667,0.033759602107597146,0.701,0.09153333333333324,2471.795666666697,195.8376540377566,2900.0,59.346266666666665,27.720466666666663,33.75577746296229,68.16800357699333,20,80,0,115,0
47.74830916666485,65.48585826973813,191.17,0.0,191.17,-139.905,143.42169083333513,8.184068333333316,2.6442404776072723,20.033,0.0,0.0,20.033,45.32472500000001,49.816,39.992,3.5406691279826434,-4.628999999999998,0.6102166666666667,0.032652817599330426,0.692,0.08178333333333321,2470.923700000024,196.72110277502722,2900.6,59.323183333333304,28.049950000000013,33.752367499999394,68.16275156494473,20,80,0,115,0
47.751878305553745,65.48830100503456,191.12,0.0,191.12,-139.905,143.36812169444624,8.18052583333334,2.638325120956323,20.31,0.0,0.0,20.31,45.34341250000003,49.816,39.992,3.5102689356628956,-4.616999999999997,0.6137833333333337,0.03438520161923558,0.693,0.07921666666666627,2470.187233333364,195.78417124637693,2895.6,59.267000000000024,27.748316666666653,33.758605546295705,68.16101132761011,20,80,0,115,0
47.752233138887846,65.49221086748972,191.22,0.0,191.22,-139.995,143.46776686111215,8.182014999999984,2.644836466536372,20.323,0.0,0.0,20.323,45.341250000000024,49.816,40.059,3.523789546169064,-4.609000000000002,0.6110666666666666,0.028918275651682073,0.674,0.0629333333333334,2470.8576000000166,196.13917542975204,2900.6,59.356133333333325,27.703750000000003,33.758499379629285,68.16596560967777,20,80,0,115,0
47.75378430555354,65.48905341718729,191.06,0.0,191.06,-140.00400000000002,143.30621569444645,8.183577499999982,2.6419308335826934,20.479,0.0,0.0,20.479,45.32918749999998,49.812,39.988,3.525154795000269,-4.722999999999999,0.6090500000000002,0.033552602263372505,0.687,0.07794999999999985,2469.7854000000457,196.31045556974547,2899.4,59.365883333333336,27.65246666666667,33.7555164351845,68.16453685303335,20,80,0,115,0
47.75984669444266,65.49693743568058,191.09,0.0,191.09,-140.05700000000002,143.33015330555736,8.179084166666657,2.6361947018074186,20.152,0.0,0.0,20.152,45.30441250000002,49.805,39.969,3.547188437088069,-4.7350000000000065,0.6085166666666667,0.030332894080137448,0.688,0.07948333333333324,2467.55770000001,194.59842421894055,2892.6,59.26755,27.85568333333333,33.74778112036978,68.16346503156812,20,80,0,115,0
47.74508174999782,65.48677668854891,191.14,0.0,191.14,-139.942,143.39491825000215,8.182282499999976,2.647342045829508,20.263,0.0,0.0,20.263,45.326454166666664,49.816,39.977,3.530332251420806,-4.582000000000001,0.6115666666666665,0.036206267210397915,0.705,0.09343333333333348,2468.346166666722,195.5617203844322,2897.4,59.39570000000001,27.82933333333334,33.75127280555483,68.17032500158882,20,80,0,115,0
47.74963894444295,65.49153375192819,191.09,0.0,191.09,-139.859,143.34036105555705,8.183987499999997,2.647311858736756,20.386,0.0,0.0,20.386,45.31985833333336,49.805,39.992,3.534777504306485,-4.6370000000000005,0.6060333333333335,0.031059792891506503,0.69,0.08396666666666641,2470.3695000000057,195.37291268815144,2899.4,59.37091666666665,27.919500000000006,33.751161592592105,68.16990540355646,20,80,0,115,0
47.74615788888677,65.48589871667821,191.09,0.0,191.09,-139.987,143.34384211111325,8.185516666666654,2.6534908475039147,20.025,0.0,0.0,20.025,45.31186666666666,49.816,39.988,3.534894345289127,-4.589999999999996,0.60715,0.033793402725925833,0.692,0.08484999999999998,2471.5871000000684,197.0402102981412,2905.0,59.36186666666669,27.83683333333334,33.74784707407336,68.17318296690804,20,80,0,115,0
47.77850494444308,65.4771960595449,191.14,0.0,191.14,-139.962,143.3614950555569,8.192496666666635,2.643267723267852,20.211,0.0,0.0,20.211,45.29553749999998,49.816,39.988,3.538501895415606,-4.559000000000005,0.6034833333333335,0.02850898857165109,0.67,0.06651666666666656,2466.48930000002,195.47821304211632,2895.6,59.81851666666666,27.752766666666666,33.755513037036565,68.1489727713844,20,90,0,115,0
47.775992361109445,65.48003970731229,191.14,0.0,191.14,-140.131,143.36400763889054,8.195760833333326,2.6454426934830884,20.224,0.0,0.0,20.224,45.30052500000003,49.828,39.977,3.5327684343992694,-4.574000000000005,0.6037833333333336,0.028141947499054666,0.672,0.06821666666666648,2465.6500666667303,194.70963917397643,2893.6,59.90935,27.686700000000016,33.75742606481427,68.15362434829443,20,90,0,115,0
47.779592361109394,65.47960575865868,191.15,0.0,191.15,-140.048,143.3704076388906,8.198395833333315,2.6391277694790882,20.337,0.0,0.0,20.337,45.31401250000003,49.82,40.027,3.513853496851091,-4.5390000000000015,0.5959666666666666,0.029789639119500205,0.66,0.06403333333333339,2467.444600000038,193.57793824160072,2892.4,59.86916666666666,27.6273,33.764000231480914,68.14852316725727,20,90,0,115,0
47.78126036110956,65.49033539889923,191.09,0.0,191.09,-140.047,143.30873963889044,8.19114583333332,2.627127832209848,20.479,0.0,0.0,20.479,45.31287500000004,49.812,39.992,3.5222585542832823,-4.629000000000005,0.5998666666666668,0.029506946419540794,0.674,0.07413333333333327,2467.4308000000046,194.46063953428043,2897.4,59.71433333333336,27.773816666666665,33.761760398147636,68.14697017752863,20,90,0,115,0
47.783861999998656,65.48689286828488,191.06,0.0,191.06,-139.921,143.27613800000134,8.192785,2.6391122848068025,20.19,0.0,0.0,20.19,45.29338333333341,49.82,39.992,3.536608205808879,-4.6910000000000025,0.6044833333333332,0.030214202332659246,0.673,0.06851666666666689,2466.976533333339,194.32288185659215,2895.4,59.85736666666667,27.80346666666667,33.75667677777736,68.15621935542434,20,90,0,115,0
47.78154044444219,65.48259952795264,191.13,0.0,191.13,-140.237,143.3484595555578,8.191860833333305,2.63973746921696,20.146,0.0,0.0,20.146,45.28569166666667,49.812,39.98,3.5291163420293756,-4.641000000000005,0.6054999999999999,0.027000000000000017,0.666,0.06050000000000011,2467.9607000000096,194.09008759472258,2895.4,59.78925000000001,27.745166666666666,33.75303098148072,68.1493369971696,20,90,0,115,0
47.7870011944429,65.48819718732186,191.19,0.0,191.19,-140.144,143.4029988055571,8.190892499999977,2.6369213294468663,20.425,0.0,0.0,20.425,45.2884625,49.812,39.98,3.5180384925989583,-4.555,0.5908999999999999,0.038233759153175756,0.669,0.07810000000000017,2469.3391000000406,194.7432041701372,2897.8,59.745183333333344,27.735483333333335,33.75545206481429,68.1633522759219,20,90,0,115,0
47.784243222220155,65.49081042475825,191.15,0.0,191.15,-139.89,143.36575677777984,8.18677499999999,2.6307764290968505,20.274,0.0,0.0,20.274,45.29924166666669,49.816,40.004,3.5092528618590357,-4.6129999999999995,0.6117666666666668,0.03330412844905889,0.697,0.08523333333333316,2469.068366666682,195.51248175266392,2901.0,59.66144999999999,27.635533333333324,33.756753296295614,68.15489098230417,20,90,0,115,0
47.77605238888712,65.48318773002826,191.2,0.0,191.2,-140.004,143.42394761111285,8.187819166666658,2.6358183413138154,20.277,0.0,0.0,20.277,45.301591666666674,49.812,39.98,3.518220869077476,-4.600999999999999,0.6069333333333333,0.0340153836915537,0.693,0.08606666666666662,2468.5471000000352,195.24689779893222,2898.6,59.754283333333326,27.69843333333333,33.75515440740682,68.15302145503364,20,90,0,115,0
47.773874194442946,65.48385180999738,191.13,0.0,191.13,-139.882,143.35612580555704,8.183898333333325,2.6431206973035337,20.479,0.0,0.0,20.479,45.29332083333336,49.812,39.992,3.5229788141695044,-4.559000000000005,0.6096166666666665,0.028703092413959425,0.671,0.06138333333333357,2468.199933333365,195.36488725764178,2899.6,59.72558333333333,27.69121666666667,33.75036445370321,68.15567559971487,20,90,0,115,0
47.79591024999816,65.47880554150585,191.19,0.0,191.19,-140.004,143.39408975000185,8.182421666666661,2.619625125604069,20.479,0.0,0.0,20.479,45.29252916666669,49.805,39.977,3.518244555496935,-4.551000000000002,0.6037166666666668,0.03409612119033469,0.68,0.07628333333333326,2467.782733333366,194.89367107656378,2897.4,59.71760000000001,27.565616666666667,33.75695369444384,68.13252678830025,20,100,0,115,0
47.802905888887146,65.48860763467505,191.39,0.0,191.39,-139.923,143.58709411111283,8.17920166666663,2.627757971661123,20.479,0.0,0.0,20.479,45.29815000000004,49.816,39.988,3.4991549802391173,-4.620999999999995,0.6010666666666667,0.02948016665469688,0.668,0.06693333333333329,2467.477600000049,194.46368603359076,2895.4,59.59580000000002,27.408766666666647,33.76008585185127,68.14584577299087,20,100,0,115,0
47.80139002777579,65.48133798394835,191.15,0.0,191.15,-139.912,143.3486099722242,8.181963333333329,2.62858431541421,20.479,0.0,0.0,20.479,45.29097500000002,49.801,40.008,3.5054183963207017,-4.550000000000004,0.6022666666666667,0.029974490095699316,0.674,0.07173333333333332,2465.176300000048,195.46787164762162,2897.6,59.699466666666666,27.403350000000007,33.75810945370304,68.13989678945826,20,100,0,115,0
47.79712286110939,65.47873827836919,191.16,0.0,191.16,-140.112,143.3628771388906,8.18706916666668,2.614031222475362,20.479,0.0,0.0,20.479,45.27574166666669,49.812,40.0,3.525656965387751,-4.698999999999998,0.6098333333333333,0.03159390987584378,0.69,0.08016666666666661,2463.289633333375,193.71001672851713,2891.4,59.950316666666644,27.49745,33.75331123148092,68.12436341072039,20,100,0,115,0
47.79686138888766,65.47763998111829,191.19,0.0,191.19,-139.996,143.39313861111233,8.18067833333333,2.6201156189013677,20.479,0.0,0.0,20.479,45.26956250000002,49.812,39.98,3.533082065719206,-4.616999999999997,0.6092166666666667,0.032947874428838834,0.675,0.0657833333333333,2464.241366666692,193.7299495458151,2896.0,59.76376666666667,27.695683333333342,33.74903407407367,68.1307034744485,20,100,0,115,0
47.80373755555366,65.48482026874711,191.28,0.0,191.28,-139.93099999999998,143.47626244444635,8.179680833333332,2.6253740142237714,20.479,0.0,0.0,20.479,45.2552666666667,49.816,39.98,3.5313743640830046,-4.633000000000003,0.6052999999999998,0.030003559110912747,0.674,0.0687000000000002,2465.217966666702,193.74462977708606,2893.6,59.71033333333334,27.667200000000005,33.74622835185123,68.14019784208179,20,100,0,115,0
47.80018427777601,65.48072882421779,191.13,0.0,191.13,-140.001,143.329815722224,8.187363333333321,2.626313405023614,20.479,0.0,0.0,20.479,45.24777500000002,49.801,39.926,3.525053848575316,-4.608999999999995,0.6014666666666666,0.03129383253617654,0.676,0.07453333333333345,2466.4725333333654,194.3437373323075,2897.4,59.73164999999998,27.510316666666668,33.74510753703645,68.13833606177758,20,100,0,115,0
47.802875027776075,65.48006932420172,191.22,0.0,191.22,-139.93900000000002,143.41712497222392,8.192405833333316,2.620199886268725,20.479,0.0,0.0,20.479,45.24217916666671,49.762,39.988,3.513103488737089,-4.596999999999994,0.6058333333333333,0.03617198403984129,0.695,0.08916666666666662,2465.195333333361,195.10488448749996,2899.8,59.91575,27.523433333333337,33.7458200092587,68.13644119451028,20,100,0,115,0
47.80492924999863,65.48330284097486,191.15,0.0,191.15,-139.89,143.34507075000138,8.184424166666645,2.626848288511987,20.479,0.0,0.0,20.479,45.234354166666726,49.738,39.992,3.513417862264317,-4.617000000000004,0.6020833333333335,0.031080699590029362,0.674,0.07191666666666652,2465.24150000006,194.65280053608976,2894.4,59.75301666666664,27.55146666666667,33.74123586111067,68.14123182907689,20,100,0,115,0
47.807216722220474,65.48630311743932,191.12,0.0,191.12,-139.97799999999998,143.31278327777954,8.188575833333324,2.6161302328844696,20.479,0.0,0.0,20.479,45.226337500000014,49.746,39.926,3.517716842074507,-4.609000000000002,0.6037499999999999,0.03148021977826928,0.674,0.07025000000000015,2466.0048333333652,194.68494780402466,2895.4,59.97083333333333,27.678916666666666,33.74071001851794,68.13391357010207,20,100,0,115,0
47.791020027776064,65.45496326098029,191.15,0.0,191.15,-139.986,143.35897997222395,8.18372833333333,2.6077653846633577,20.479,0.0,0.0,20.479,45.21510000000008,49.723,39.988,3.509625271513116,-4.605000000000004,0.5994666666666665,0.03159407081612726,0.669,0.06953333333333356,2466.3401666666596,191.92161072709584,2894.8,59.76738333333336,27.66693333333333,33.729949453703156,68.09432271645977,20,100,0,100,1
47.805114749998054,65.48818734839114,191.27,0.0,191.27,-140.0,143.46488525000194,8.183321666666663,2.6081010395287376,20.479,0.0,0.0,20.479,45.20977500000006,49.734,39.98,3.5071054831107196,-4.527000000000001,0.5993833333333334,0.03549986472481589,0.683,0.08361666666666667,2468.500100000021,194.23029192440652,2896.6,59.74153333333332,27.61286666666667,33.73273713888826,68.13178825264468,20,100,0,100,1
47.805728388887026,65.48566740760276,191.16,0.0,191.16,-140.022,143.35427161111298,8.181690833333326,2.6071319045179897,20.479,0.0,0.0,20.479,45.18867083333339,49.723,39.922,3.5175279826561687,-4.609000000000002,0.6077166666666668,0.0341740766389422,0.691,0.08328333333333315,2468.4408000000294,194.08248113523095,2895.6,59.73303333333335,27.61236666666667,33.72536335185125,68.1269733887597,20,100,0,100,1
47.80806941666445,65.48406881610472,191.16,0.0,191.16,-139.903,143.35193058333556,8.176372499999987,2.6126849400390793,20.479,0.0,0.0,20.479,45.1712416666667,49.719,39.82,3.538050153256671,-4.6839999999999975,0.6017333333333333,0.034801552014225905,0.691,0.0892666666666666,2469.9500666666836,194.5788787698692,2897.4,59.56129999999999,27.765916666666673,33.718561194443716,68.13155530815803,20,100,0,100,1
47.80812444444267,65.48788612893908,191.16,0.0,191.16,-139.967,143.35187555555734,8.183244166666661,2.6010790651449356,19.741,0.0,0.0,19.741,45.155095833333284,49.695,39.816,3.5418567872286695,-4.605000000000004,0.6103999999999999,0.0332056764597944,0.686,0.07560000000000011,2470.097233333353,194.92016022931762,2899.4,59.690333333333356,27.917199999999998,33.715488148147536,68.12217087054381,20,100,0,100,1
47.813725611109284,65.49138186528951,191.15,0.0,191.15,-139.935,143.33627438889073,8.183080833333308,2.6174083345217634,20.471,0.0,0.0,20.471,45.152841666666696,49.656,39.91,3.5203902895453574,-4.530999999999999,0.6033666666666667,0.037126429284438746,0.687,0.08363333333333334,2469.5588333333717,195.49225146290553,2901.0,59.55230000000002,27.637416666666653,33.71654937036976,68.14591662909572,20,100,0,100,1
47.80881669444258,65.4866954810955,191.2,0.0,191.2,-139.92399999999998,143.3911833055574,8.183207499999996,2.6149261315261274,20.479,0.0,0.0,20.479,45.12201249999995,49.656,39.828,3.542749601711765,-4.702999999999996,0.6029833333333333,0.034886494723951486,0.686,0.08301666666666674,2469.542700000007,194.4487699902859,2895.6,59.56365000000002,27.799633333333336,33.704678898147506,68.13650810734558,20,100,0,100,1
47.80987647221999,65.48510695517523,191.19,0.0,191.19,-139.95,143.38012352778,8.18915749999997,2.615951165084861,20.347,0.0,0.0,20.347,45.12446249999998,49.652,39.809,3.525978885811765,-4.546999999999997,0.6039499999999999,0.02904258999983139,0.678,0.07405000000000017,2472.0485666667255,194.36113609245396,2898.4,59.53816666666668,27.654366666666657,33.70783215740665,68.13010071025992,20,100,0,100,1
47.81965499999792,65.49652992383413,191.19,0.0,191.19,-140.067,143.3703450000021,8.190235833333322,2.617008663946673,20.479,0.0,0.0,20.479,45.11066666666658,49.602,39.832,3.5269984983343043,-4.535000000000004,0.5984166666666667,0.03141698324407029,0.668,0.06958333333333333,2469.936733333343,194.88206887104005,2901.8,59.63793333333334,27.74853333333333,33.70685249999928,68.14495557102488,20,100,0,100,1
47.817099166664576,65.49641590831874,191.15,0.0,191.15,-140.03199999999998,143.33290083333543,8.195735833333318,2.609028049009133,20.188,0.0,0.0,20.188,45.11974999999998,49.621,39.836,3.5045515348259677,-4.534999999999997,0.6029666666666669,0.028293238496728674,0.666,0.06303333333333316,2467.687966666693,192.8151948847098,2890.6,59.870850000000004,27.60711666666667,33.710861666665956,68.13373719582461,20,100,0,100,1
47.64139897222199,65.25868553954265,191.2,0.0,191.2,-140.048,143.558601027778,8.055733333333318,2.6363654949712085,20.479,0.0,0.0,20.479,45.11231249999998,49.562,39.816,3.4858211026493784,-4.546999999999997,0.593283333333333,0.03878541210417127,0.661,0.06771666666666698,2497.206866666717,194.93075165086725,2931.8,56.48793333333333,27.44253333333334,33.60314826851843,67.93383644661805,20,100,2,100,1
47.57456891666604,65.28562712265955,190.72,0.0,190.72,-139.23399999999998,143.14543108333396,8.032399166666654,2.674395721509564,20.479,0.0,0.0,20.479,45.02913333333324,49.543,39.82,3.504834655930496,-4.604999999999997,0.6094499999999999,0.02780770835699695,0.679,0.06955000000000011,2496.263600000021,197.77921509778045,2930.6,55.39189999999999,27.538466666666668,33.54536713888864,67.98783055252612,20,73,2,100,0
47.57880022222186,65.28348509216362,190.74,0.0,190.74,-139.382,143.16119977777817,8.037466666666651,2.674823787803985,20.479,0.0,0.0,20.479,44.97165833333323,49.449,39.816,3.4725091985222267,-4.448999999999998,0.6080666666666666,0.03273771818698421,0.701,0.09293333333333331,2497.309233333368,197.51030871430558,2926.6,55.37486666666667,27.287133333333326,33.52930840740725,67.99104659815458,20,73,2,100,0
47.580573027777326,65.28346821404075,190.77,0.0,190.77,-139.27800000000002,143.1894269722227,8.036267499999981,2.6729637671245596,20.479,0.0,0.0,20.479,44.920749999999984,49.371,39.742,3.467922015960943,-4.527000000000001,0.6062166666666668,0.03183063851107295,0.678,0.0717833333333332,2496.816200000022,196.51995672990952,2927.4,55.37460000000001,27.394533333333342,33.51253017592577,67.98826261967638,20,73,2,100,0
47.58189733333276,65.28982415578096,190.76,0.0,190.76,-139.302,143.17810266666723,8.028278333333319,2.680383775727811,20.479,0.0,0.0,20.479,44.89276250000002,49.324,39.66,3.4652018370954414,-4.555,0.6120999999999998,0.030348651995864707,0.713,0.10090000000000021,2494.8018666666744,196.67800421689086,2923.6,55.258300000000006,27.448316666666663,33.5009793888887,68.00055658350463,20,73,2,100,0
47.587051694444206,65.29444728554537,190.76,0.0,190.76,-139.449,143.1729483055558,8.028710833333303,2.684711778756732,20.479,0.0,0.0,20.479,44.86308333333337,49.301,39.676,3.474679029957636,-4.534999999999997,0.6054999999999999,0.03001383861612136,0.677,0.07150000000000012,2496.53583333332,196.8199311304301,2927.6,55.14878333333332,27.495150000000002,33.49294862037029,68.00917290291824,20,73,2,100,0
47.58654211111127,65.28920535090509,190.71,0.0,190.71,-139.369,143.12345788888874,8.028902499999976,2.679523911690567,20.479,0.0,0.0,20.479,44.82947500000002,49.301,39.586,3.4845991778588723,-4.5190000000000055,0.6117666666666667,0.032006549470999665,0.688,0.07623333333333326,2495.8307000000323,196.82206703481017,2927.6,55.23548333333331,27.5835,33.48163987037042,68.00073581206667,20,73,2,100,0
47.580048638888634,65.28964568404554,190.74,0.0,190.74,-139.34099999999998,143.15995136111138,8.028551666666646,2.680662741987036,20.479,0.0,0.0,20.479,44.81703749999999,49.301,39.594,3.481401401483767,-4.530999999999999,0.6080000000000001,0.031731393854229045,0.693,0.08499999999999985,2496.737000000015,197.09837220464544,2927.4,55.16908333333333,27.60598333333333,33.47521260185176,68.0020398198868,20,73,2,100,0
47.59044547222215,65.29144715952022,190.72,0.0,190.72,-139.479,143.12955452777786,8.034194999999983,2.686363706191566,20.479,0.0,0.0,20.479,44.81492916666666,49.289,39.582,3.4674735619628647,-4.522999999999996,0.6119500000000001,0.03156291806234289,0.682,0.07004999999999995,2497.6758333333437,197.46645867848727,2927.6,55.22310000000001,27.418283333333346,33.47985654629627,68.00937378377414,20,73,2,100,0
47.58773452777772,65.28889791835662,190.73,0.0,190.73,-139.261,143.14226547222228,8.030311666666636,2.678045530684191,20.479,0.0,0.0,20.479,44.80610833333334,49.289,39.594,3.473169198455758,-4.530999999999999,0.6083833333333335,0.029578445923963578,0.679,0.07061666666666655,2495.4629333333723,197.81986697335813,2927.4,55.224066666666694,27.59853333333333,33.474718175925894,67.99652189496477,20,73,2,100,0
47.58632072222154,65.29313484611767,190.9,0.0,190.9,-139.343,143.31367927777848,8.029527499999977,2.6754640228114104,20.479,0.0,0.0,20.479,44.79699999999998,49.27,39.57,3.477023232690495,-4.527000000000001,0.6058500000000003,0.0335931919051001,0.692,0.08614999999999962,2490.485766666654,196.84750424478366,2922.4,55.45488333333334,27.716016666666672,33.47094940740717,68.00219206083418,20,73,2,100,0
47.60851808333256,65.2632956216517,190.69,0.0,190.69,-139.36,143.08148191666743,8.04509249999998,2.6709880115933653,19.864,0.0,0.0,19.864,44.816712499999994,49.219,39.578,3.4398013523714055,-4.4609999999999985,0.6085333333333334,0.028820582726596045,0.68,0.07146666666666668,2489.710666666693,196.30048136989686,2919.8,56.084050000000026,27.47733333333333,33.490107694444184,67.96310421597165,20,80,2,100,0
47.60635005555495,65.26547381943728,190.7,0.0,190.7,-139.338,143.09364994444505,8.046392499999982,2.675732875705058,19.568,0.0,0.0,19.568,44.820079166666694,49.277,39.672,3.4475317078384653,-4.530999999999999,0.6143333333333334,0.03190381023239441,0.689,0.07466666666666655,2489.79033333338,196.1346988251597,2921.6,56.08575000000001,27.582816666666666,33.490940574073875,67.97311050537472,20,80,2,100,0
47.609675111110285,65.27044815892074,190.73,0.0,190.73,-139.38400000000001,143.1203248888897,8.03692666666664,2.66030760127472,20.456,0.0,0.0,20.456,44.80641666666669,49.262,39.578,3.473784385875683,-4.532000000000004,0.6150833333333333,0.026487791666060682,0.688,0.07291666666666663,2490.079766666657,196.1297670545355,2921.6,55.91086666666667,27.76206666666667,33.48433948148121,67.95724355186152,20,80,2,100,0
47.608211749998986,65.26769966668441,190.77,0.0,190.77,-139.423,143.16178825000102,8.037989999999995,2.661154928383674,20.258,0.0,0.0,20.258,44.81051249999999,49.242,39.582,3.4481987584342297,-4.442,0.6231166666666668,0.02797946684573801,0.689,0.06588333333333318,2491.6459333333396,196.11668828200047,2921.4,55.81826666666669,27.353766666666658,33.485571416666325,67.95683406191382,20,80,2,100,0
47.607148333333214,65.26791466431789,190.68,0.0,190.68,-139.455,143.0728516666668,8.045649999999975,2.668136748230129,19.616,0.0,0.0,19.616,44.81084166666671,49.242,39.656,3.4432415640714944,-4.457000000000001,0.6157166666666666,0.03454306654493321,0.698,0.08228333333333337,2491.453300000034,196.68681388500866,2921.8,55.97693333333334,27.32066666666667,33.48787999999997,67.97059447909294,20,80,2,100,0
47.60682913888825,65.26865212108162,190.88,0.0,190.88,-139.356,143.27317086111174,8.049038333333316,2.677382404634751,20.184,0.0,0.0,20.184,44.82682916666669,49.23,39.66,3.4319316126818182,-4.457000000000001,0.6263166666666666,0.029184098100179575,0.69,0.06368333333333331,2491.8178333333667,196.04189647326504,2921.8,56.10976666666667,27.189033333333334,33.49423221296275,67.97521862381655,20,80,2,100,0
47.612793916666114,65.27277176840458,190.71,0.0,190.71,-139.43699999999998,143.0972060833339,8.046606666666648,2.664941840415951,20.195,0.0,0.0,20.195,44.840724999999956,49.258,39.66,3.421298994693078,-4.563000000000002,0.6204333333333333,0.030582129858246758,0.694,0.07356666666666667,2493.9643333333697,196.9070839283656,2924.6,55.936666666666675,27.09348333333334,33.50004186111091,67.96829573867878,20,80,2,100,0
47.611037944443986,65.26770719739183,190.7,0.0,190.7,-139.486,143.088962055556,8.04268083333332,2.6638257235043814,20.158,0.0,0.0,20.158,44.853116666666594,49.262,39.73,3.4143230200255963,-4.398000000000003,0.6183666666666667,0.03173885319698694,0.695,0.07663333333333322,2493.004033333362,196.36429719597137,2927.2,55.96415,27.009350000000005,33.502278481481305,67.9632717740932,20,80,2,100,0
47.60685741666606,65.26601733631966,190.74,0.0,190.74,-139.357,143.13314258333395,8.042173333333311,2.667378076837418,19.905,0.0,0.0,19.905,44.86565833333329,49.289,39.738,3.4243912936678016,-4.405999999999999,0.6138999999999999,0.02869459288815492,0.681,0.06710000000000016,2492.580100000019,195.83557002173436,2923.6,56.07790000000001,27.13548333333334,33.50489636111089,67.96209000604524,20,80,2,100,0
47.60429744444383,65.26647831336976,190.82,0.0,190.82,-139.575,143.21570255555616,8.045000833333305,2.6754362180081643,19.664,0.0,0.0,19.664,44.88040416666663,49.285,39.805,3.406705744941666,-4.420999999999999,0.61845,0.03482081249843042,0.709,0.09054999999999991,2490.437866666736,196.6910849952322,2925.0,56.04833333333333,27.07299999999999,33.509900814814586,67.97673534387634,20,80,2,100,0
47.62152877777711,65.24955143916384,190.71,0.0,190.71,-139.49099999999999,143.0884712222229,8.050033333333312,2.6679583727614418,20.063,0.0,0.0,20.063,44.8873916666666,49.289,39.809,3.409514889102226,-4.409999999999997,0.6184833333333333,0.02897953203273234,0.68,0.061516666666666775,2489.3254000000197,195.827513892642,2922.4,56.41628333333334,27.109233333333332,33.51965125925901,67.94648934395802,20,90,2,100,0
47.62912299999946,65.24919921316176,190.71,0.0,190.71,-139.437,143.08087700000056,8.049741666666643,2.65958684324173,19.889,0.0,0.0,19.889,44.87458333333335,49.297,39.691,3.443246841733857,-4.469000000000001,0.6095999999999997,0.028410549484899083,0.676,0.06640000000000035,2489.8920333333604,195.46078303029492,2920.6,56.329716666666656,27.456899999999997,33.51781599999982,67.93719660588839,20,90,2,100,0
47.6288776388886,65.25455984385314,190.89,0.0,190.89,-139.32999999999998,143.26112236111138,8.046914999999984,2.6538851378144197,20.24,0.0,0.0,20.24,44.87552916666667,49.301,39.676,3.4528972503884168,-4.534999999999997,0.6089166666666668,0.03192113781725245,0.678,0.06908333333333327,2491.7536000000277,194.92654305294366,2921.4,56.16388333333334,27.655000000000012,33.51710726851842,67.9403661194848,20,90,2,100,0
47.628397499999394,65.24688597062116,190.84,0.0,190.84,-139.401,143.2116025000006,8.052659166666643,2.662897880555667,19.897,0.0,0.0,19.897,44.84930000000005,49.289,39.656,3.468795853193109,-4.535000000000004,0.6118666666666667,0.02899764260825627,0.69,0.07813333333333328,2491.5066000000256,195.78232190207632,2923.4,56.240750000000006,27.705333333333332,33.51011888888869,67.93878149378509,20,90,2,100,0
47.632834305554574,65.24527013280718,190.73,0.0,190.73,-139.34199999999998,143.0971656944454,8.061448333333317,2.668480740711872,19.631,0.0,0.0,19.631,44.852475,49.289,39.66,3.4413603991534987,-4.457000000000001,0.5978333333333335,0.04072444261114818,0.685,0.0871666666666665,2493.6395333333644,195.12775829558046,2922.6,56.27283333333334,27.338116666666668,33.5155858796293,67.9544753161302,20,90,2,100,0
47.63580513888785,65.25634336604321,190.72,0.0,190.72,-139.419,143.08419486111217,8.055498333333322,2.6627929078423658,20.006,0.0,0.0,20.006,44.85919583333339,49.297,39.66,3.456162720747364,-4.523000000000003,0.6104500000000002,0.02792145460248526,0.677,0.06654999999999989,2494.456533333366,195.54652158586953,2927.4,56.219200000000015,27.50826666666666,33.51683310185152,67.94705772848806,20,90,2,100,0
47.639362472221144,65.25832618565143,190.74,0.0,190.74,-139.468,143.10063752777887,8.050719166666653,2.6582435929510915,20.086,0.0,0.0,20.086,44.83994166666667,49.301,39.598,3.484060667236531,-4.535000000000004,0.6114833333333334,0.02535409682849503,0.669,0.05751666666666666,2494.547633333353,195.9430645157436,2925.8,56.1538,27.74813333333333,33.51000776851816,67.94192387543102,20,90,2,100,0
47.62818569444334,65.24587709616934,190.77,0.0,190.77,-139.39499999999998,143.14181430555666,8.05036499999997,2.660155157691777,20.036,0.0,0.0,20.036,44.830108333333335,49.285,39.57,3.4761744827093892,-4.535000000000004,0.6114333333333332,0.03159401716945719,0.691,0.07956666666666679,2490.4856333333796,196.65480010753134,2925.0,56.24683333333333,27.70181666666666,33.50288634259221,67.93762627103057,20,90,2,100,0
47.63567274999867,65.2573110121826,190.71,0.0,190.71,-139.34799999999998,143.07432725000135,8.047480833333331,2.6574552815511012,20.246,0.0,0.0,20.246,44.83032500000003,49.25,39.609,3.4504788332131358,-4.469000000000001,0.6089999999999999,0.03344309611812434,0.693,0.08400000000000007,2490.826100000044,195.49340364984636,2923.4,56.2348833333333,27.475250000000017,33.50449286111068,67.94820938985181,20,90,2,100,0
47.627372805554636,65.25021717670226,190.73,0.0,190.73,-139.427,143.10262719444535,8.052384999999967,2.67009471584836,20.414,0.0,0.0,20.414,44.833349999999996,49.273,39.66,3.4428108982590877,-4.523000000000003,0.6128500000000001,0.031999377642253087,0.689,0.07614999999999983,2490.5864666666744,195.71730582862543,2923.6,56.35764999999999,27.339083333333352,33.5043692685182,67.95231127019288,20,90,2,100,0
47.650321888888264,65.24565497803911,190.76,0.0,190.76,-139.416,143.10967811111172,8.048245833333313,2.6537028748252607,20.479,0.0,0.0,20.479,44.84340416666665,49.258,39.656,3.435311115371764,-4.4879999999999995,0.60955,0.02778819710425788,0.676,0.06645000000000001,2490.7942000000344,195.01365680574816,2923.8,56.25324999999997,27.367533333333327,33.51399062962941,67.92714604996863,20,100,2,100,0
47.659359805554956,65.25666107577261,190.73,0.0,190.73,-139.426,143.07064019444505,8.056493333333322,2.654769797714032,20.479,0.0,0.0,20.479,44.84477083333336,49.258,39.691,3.4304381829701027,-4.4609999999999985,0.6161166666666668,0.033334509866242215,0.693,0.07688333333333319,2496.1128666666577,194.16416006726027,2929.2,56.19473333333334,27.288583333333342,33.520207990740545,67.94476538335289,20,100,2,100,0
47.649601888888256,65.23759118365552,190.76,0.0,190.76,-139.38799999999998,143.11039811111175,8.061808333333317,2.650626256105373,20.479,0.0,0.0,20.479,44.85933333333333,49.273,39.738,3.427181580711585,-4.390999999999998,0.6193166666666664,0.038129792465293175,0.715,0.09568333333333356,2496.421433333279,196.0301342724362,2929.4,56.26191666666664,27.23795,33.52358118518497,67.92634723222619,20,100,2,100,0
47.647902305554524,65.2501745562976,190.7,0.0,190.7,-139.449,143.05209769444548,8.05102666666664,2.650023197712157,20.479,0.0,0.0,20.479,44.859129166666705,49.277,39.738,3.4334789577221296,-4.4609999999999985,0.6154833333333333,0.03758357541856466,0.706,0.09051666666666669,2486.395566666685,198.27510331971828,2931.0,56.41744999999998,27.219166666666652,33.51935271296262,67.93778132942832,20,100,2,100,0
47.64478252777643,65.25046493529008,190.71,0.0,190.71,-139.38,143.0652174722236,8.046661666666653,2.6495034350938984,20.479,0.0,0.0,20.479,44.84287083333338,49.277,39.664,3.4406219279410215,-4.527000000000001,0.6116333333333335,0.03292980035488267,0.693,0.08136666666666648,2484.1609333333786,194.96907352295804,2917.6,56.42305000000002,27.214849999999995,33.51143834259215,67.93289817073887,20,100,2,100,0
47.63710572222112,65.24214995342994,190.71,0.0,190.71,-139.332,143.0728942777789,8.045274999999982,2.6403373873378655,20.279,0.0,0.0,20.279,44.82379166666669,49.277,39.582,3.4640639987416466,-4.535000000000004,0.6133333333333334,0.03279451518148579,0.691,0.07766666666666655,2483.634933333329,195.26062362438887,2917.6,56.47736666666667,27.457366666666662,33.5020574629626,67.91528185594929,20,100,2,100,0
47.63687197222196,65.24150373593072,190.77,0.0,190.77,-139.43699999999998,143.13312802777804,8.043309166666653,2.6498821803791355,20.479,0.0,0.0,20.479,44.82300000000003,49.234,39.66,3.452287288597598,-4.4609999999999985,0.6215833333333334,0.035348287263025614,0.711,0.08941666666666659,2483.9938000000366,194.95814120223392,2917.6,56.29483333333334,27.381400000000006,33.50106037962954,67.92673420357288,20,100,2,100,0
47.63717480555531,65.24181366586568,190.7,0.0,190.7,-139.404,143.06282519444468,8.043199166666646,2.651145211402535,20.479,0.0,0.0,20.479,44.833458333333326,49.234,39.664,3.428295569042564,-4.522999999999996,0.6135833333333331,0.02673047626926842,0.671,0.05741666666666689,2485.4437000000094,195.1986220767284,2919.6,56.27018333333334,27.217216666666673,33.504610768518425,67.91968935353748,20,100,2,100,0
47.63814055555445,65.23609115810486,190.73,0.0,190.73,-139.236,143.09185944444553,8.044949166666647,2.651558628596278,20.479,0.0,0.0,20.479,44.80937916666669,49.285,39.586,3.465767595063916,-4.551000000000002,0.6109166666666668,0.030322722735999404,0.693,0.08208333333333317,2485.64029999999,195.2810081940131,2919.6,56.34281666666668,27.538716666666666,33.497489629629264,67.91797250943713,20,100,2,100,0
47.63371419444312,65.23172986692727,190.72,0.0,190.72,-139.382,143.08628580555688,8.045348333333317,2.6498346004682545,20.479,0.0,0.0,20.479,44.79866250000001,49.277,39.52,3.4833759857359774,-4.531000000000006,0.6086166666666666,0.033641727351743415,0.68,0.07138333333333347,2486.860533333373,195.15283562870547,2919.6,56.29611666666664,27.510966666666665,33.492575009258815,67.91520619474727,20,100,2,100,0
47.709858027775965,65.33617731034938,190.87,0.0,190.87,-139.176,143.16014197222404,8.09583249999998,2.6413263894029733,20.479,0.0,0.0,20.479,44.80980416666667,49.285,39.578,3.4696925766631836,-4.5,0.6155,0.030391513088304956,0.688,0.0724999999999999,2477.3552333333614,196.25043813545219,2919.4,57.49835,27.370500000000003,33.53849823148087,68.00789521284067,20,100,1,100,1
47.65574852777644,65.37868386246436,190.84,0.0,190.84,-139.61599999999999,143.18425147222356,8.073475833333328,2.6777876689690516,20.479,0.0,0.0,20.479,44.818354166666715,49.277,39.578,3.4635719046204727,-4.535000000000004,0.6109500000000003,0.030677339398037344,0.688,0.07704999999999962,2477.8181666667156,196.38143074392002,2909.4,56.43353333333332,27.38988333333333,33.515859509258824,68.08714887083144,20,73,1,100,0
47.65044891666543,65.39137468476532,190.88,0.0,190.88,-139.525,143.22955108333457,8.077031666666654,2.674032199226349,20.479,0.0,0.0,20.479,44.8165,49.277,39.57,3.4777119275532336,-4.5390000000000015,0.6167833333333331,0.025194222950043494,0.674,0.057216666666666915,2479.0175000000113,196.8115440492804,2907.6,56.50906666666666,27.67811666666666,33.514660194444026,68.09060110694172,20,73,1,100,0
47.6520390555541,65.39331888989257,190.89,0.0,190.89,-139.619,143.2379609444459,8.08010999999998,2.665049452959976,20.479,0.0,0.0,20.479,44.798999999999985,49.289,39.52,3.49853219909681,-4.609000000000002,0.6175833333333335,0.036010022929907036,0.706,0.08841666666666648,2479.8442000000573,197.0495161754971,2909.4,56.62613333333333,27.888800000000007,33.51038301851802,68.09437836578245,20,73,1,100,0
47.64751883333165,65.39004138325468,190.85,0.0,190.85,-139.687,143.20248116666835,8.079198333333304,2.668185461203307,20.479,0.0,0.0,20.479,44.81212083333336,49.273,39.559,3.4678139168512567,-4.477000000000004,0.6098166666666667,0.03815778644872718,0.691,0.08118333333333327,2479.983466666686,196.98815868581025,2909.4,56.536183333333305,27.577449999999995,33.51294599999944,68.09638463090671,20,73,1,100,0
47.656926611109505,65.39814700903788,190.88,0.0,190.88,-139.74900000000002,143.2230733888905,8.083430833333322,2.6734972292383112,20.479,0.0,0.0,20.479,44.84081666666667,49.285,39.738,3.4318865470303046,-4.4609999999999985,0.6122333333333336,0.029364088909995582,0.688,0.07576666666666632,2480.6025000000427,196.97739860961332,2909.6,56.53085000000001,27.16933333333333,33.527058037036504,68.1010083271862,20,73,1,100,0
47.6592289166647,65.39930258532434,190.85,0.0,190.85,-139.579,143.19077108333528,8.082024166666647,2.6717132212364687,20.479,0.0,0.0,20.479,44.83617916666669,49.285,39.676,3.4493734094115975,-4.511000000000003,0.6146333333333334,0.02839847612685732,0.683,0.06836666666666669,2481.4357666667047,197.12532221792853,2913.4,56.49299999999997,27.226766666666663,33.525810749999344,68.09941428268766,20,73,1,100,0
47.652299611109186,65.39829833516217,190.85,0.0,190.85,-139.655,143.1977003888908,8.083384166666635,2.667038187233066,20.479,0.0,0.0,20.479,44.820487499999984,49.297,39.566,3.4823180924370227,-4.667999999999999,0.6173499999999997,0.026277415062613798,0.671,0.05365000000000031,2479.5958000000164,197.95671413839963,2911.8,56.72539999999999,27.55065,33.5187237592586,68.09161393745784,20,73,1,100,0
47.650282944443525,65.39822100598606,190.89,0.0,190.89,-139.73100000000002,143.23971705555647,8.076124999999987,2.6714182676390386,20.479,0.0,0.0,20.479,44.80638333333331,49.289,39.5,3.497648136737598,-4.5390000000000015,0.6206333333333335,0.03100736198348938,0.7,0.07936666666666647,2472.8975333333815,197.37471983662783,2907.4,56.68601666666667,27.76973333333334,33.51093042592561,68.10064663560858,20,73,1,100,0
47.66926233333141,65.41718582792168,190.89,0.0,190.89,-139.704,143.22073766666858,8.079023333333312,2.677199481175661,20.479,0.0,0.0,20.479,44.793037499999976,49.277,39.57,3.491045679424199,-4.6370000000000005,0.6161166666666664,0.030452013746925487,0.691,0.07488333333333352,2476.8755333333606,196.483307593994,2907.6,56.632533333333335,27.75596666666667,33.51377438888823,68.12483732284427,20,73,1,100,0
47.67318819444303,65.41599939266526,190.9,0.0,190.9,-139.722,143.22681180555696,8.083374999999979,2.672282657181851,20.479,0.0,0.0,20.479,44.78390833333332,49.285,39.5,3.5068966194502873,-4.695,0.6165833333333334,0.03354546202691016,0.709,0.09241666666666659,2478.632100000037,196.40555811924813,2905.4,56.632433333333324,27.920599999999997,33.51349050925878,68.12182751187402,20,73,1,100,0
47.68587102777598,65.38409443608579,190.84,0.0,190.84,-139.724,143.15412897222402,8.09861166666664,2.662760719580089,20.003,0.0,0.0,20.003,44.77543750000003,49.273,39.484,3.4848804203580013,-4.448999999999998,0.6189833333333337,0.036390766041776934,0.712,0.0930166666666663,2476.7194666667033,196.05964551248675,2907.4,57.34828333333329,27.71873333333332,33.51997339814755,68.08324592170766,20,80,1,100,0
47.69715316666467,65.38841528172557,190.84,0.0,190.84,-139.55599999999998,143.14284683333534,8.098880833333315,2.65900447987324,20.222,0.0,0.0,20.222,44.80294583333337,49.285,39.656,3.454882498832009,-4.425999999999995,0.61365,0.02887602078318943,0.683,0.06935000000000002,2479.1931000000072,195.46642668171074,2907.6,57.21491666666667,27.39253333333333,33.532993277777116,68.076295782382,20,80,1,100,0
47.686001972220936,65.37550293477138,190.81,0.0,190.81,-139.797,143.12399802777907,8.096904999999975,2.662298812138223,19.973,0.0,0.0,19.973,44.79136249999997,49.273,39.578,3.475149583164171,-4.597999999999999,0.6106833333333336,0.03157369193804981,0.68,0.06931666666666647,2475.9739000000236,197.09501106324583,2907.8,57.31051666666665,27.595199999999995,33.524756490740295,68.06937543884764,20,80,1,100,0
47.689476111109364,65.37861569353662,190.89,0.0,190.89,-139.716,143.20052388889061,8.086520833333322,2.6611310348960107,19.958,0.0,0.0,19.958,44.76965833333335,49.27,39.488,3.5000271546964137,-4.6129999999999995,0.6083500000000001,0.03215788645133493,0.681,0.07264999999999999,2476.082200000022,196.3047933490383,2907.4,57.37963333333332,27.777349999999995,33.51521842592535,68.07190461488396,20,80,1,100,0
47.693102027776426,65.38389978930378,190.88,0.0,190.88,-139.867,143.18689797222356,8.08356999999998,2.6542701168703786,20.211,0.0,0.0,20.211,44.758112499999996,49.246,39.504,3.4955137440111903,-4.679000000000002,0.6142666666666667,0.030533597314626276,0.684,0.06973333333333331,2475.5269666666927,196.0804714685974,2907.6,57.32888333333335,27.612450000000003,33.51159484259213,68.06870350348879,20,80,1,100,0
47.700025416664815,65.39480023607162,190.85,0.0,190.85,-139.697,143.14997458333517,8.082568333333327,2.6499852780047526,20.308,0.0,0.0,20.308,44.753545833333376,49.242,39.492,3.502475322826965,-4.428999999999995,0.5955666666666668,0.04337630637574228,0.68,0.08443333333333325,2475.638333333319,195.50216948566364,2905.8,57.26789999999999,27.719100000000008,33.51204652777717,68.08816182045211,20,80,1,100,0
47.700509472220894,65.39194392625542,190.87,0.0,190.87,-139.76999999999998,143.16949052777912,8.088366666666646,2.6496193669179817,20.341,0.0,0.0,20.341,44.76666250000002,49.215,39.586,3.4557743718373914,-4.43,0.6141999999999999,0.022161043847408912,0.663,0.04880000000000018,2476.9331000000043,195.6440569092009,2907.4,57.289099999999976,27.339749999999995,33.518512879629185,68.0637243370208,20,80,1,100,0
47.69174833333189,65.38225344348487,190.9,0.0,190.9,-139.663,143.2082516666681,8.084967499999992,2.660974069573559,19.859,0.0,0.0,19.859,44.75362916666666,49.223,39.52,3.466802090743607,-4.518999999999998,0.6173999999999998,0.02989314302645343,0.691,0.07360000000000011,2477.309033333376,196.00114256396554,2908.4,57.339033333333326,27.426466666666673,33.51011499999951,68.07312065608488,20,80,1,100,0
47.69355330555429,65.38788487703343,190.87,0.0,190.87,-139.81400000000002,143.1764466944457,8.085122499999967,2.6598866329056854,19.868,0.0,0.0,19.868,44.756325,49.223,39.512,3.4753448874035042,-4.534999999999997,0.6125000000000003,0.028985969721193862,0.677,0.06449999999999978,2478.7978333333544,195.50397942147836,2906.8,57.291999999999994,27.53865000000001,33.511666935184756,68.0767574796603,20,80,1,100,0
47.69881352777679,65.39130356771913,190.82,0.0,190.82,-139.657,143.1211864722232,8.087077499999998,2.6539169792222688,20.229,0.0,0.0,20.229,44.772170833333334,49.215,39.57,3.456931447001989,-4.448999999999998,0.61665,0.027230855504839082,0.679,0.062350000000000017,2479.8802666667075,195.87446952550386,2907.6,57.218900000000005,27.35151666666667,33.51935395370338,68.07245140244625,20,80,1,100,0
47.7298788888875,65.38508187648515,190.84,0.0,190.84,-139.75,143.1101211111125,8.09785833333332,2.6467766983016876,20.019,0.0,0.0,20.019,44.77465,49.219,39.594,3.4473743441377596,-4.428999999999995,0.6175333333333334,0.0322282467255923,0.697,0.07946666666666657,2480.1358000000546,195.0598668878482,2911.4,57.536699999999996,27.184149999999995,33.534129074073604,68.06408682151243,20,90,1,100,0
47.719997361109925,65.37617542859988,190.91,0.0,190.91,-139.751,143.19000263889006,8.104374166666654,2.651812179566215,20.328,0.0,0.0,20.328,44.78623749999999,49.219,39.578,3.4424585766780624,-4.442,0.6162666666666667,0.026825150522689956,0.671,0.0547333333333333,2480.4234000000397,195.71360721331584,2913.4,57.51581666666667,27.217349999999996,33.53686967592552,68.05481275868878,20,90,1,100,0
47.71353530555432,65.36798204350625,190.89,0.0,190.89,-139.732,143.17646469444566,8.10900249999998,2.653904407911551,19.934,0.0,0.0,19.934,44.791079166666684,49.27,39.594,3.4548409620710943,-4.527000000000001,0.6189166666666668,0.02705630768066359,0.681,0.06208333333333327,2480.916433333362,195.5804266974674,2913.6,57.557599999999994,27.31923333333332,33.53787232407367,68.04894275909847,20,90,1,100,0
47.71281763888766,65.37306028505311,190.84,0.0,190.84,-139.56799999999998,143.12718236111235,8.10249666666664,2.650551211810023,20.207,0.0,0.0,20.207,44.797212499999986,49.27,39.578,3.464049281299858,-4.527000000000001,0.6187499999999998,0.02954262935407991,0.683,0.06425000000000025,2479.2889000000323,196.0196572144209,2909.6,57.58059999999998,27.343666666666664,33.53750893518476,68.05315412621722,20,90,1,100,0
47.71919438888752,65.37806528894811,191.06,0.0,191.06,-139.748,143.34080561111247,8.105592499999975,2.6554353313112453,19.725,0.0,0.0,19.725,44.78938749999999,49.27,39.578,3.469304445356609,-4.523000000000003,0.6173833333333333,0.03582447400664954,0.724,0.10661666666666669,2479.3069666667147,195.44114411147112,2909.4,57.62128333333332,27.41363333333333,33.538058129629164,68.06932509426599,20,90,1,100,0
47.717106583331116,65.37791448680056,190.88,0.0,190.88,-139.794,143.16289341666888,8.108331666666645,2.657608688266047,19.836,0.0,0.0,19.836,44.787300000000045,49.242,39.57,3.4664235330467412,-4.534999999999997,0.6152166666666667,0.029280115116627176,0.692,0.0767833333333332,2479.2918666666933,195.54086818967272,2909.6,57.69531666666665,27.505216666666676,33.537579416665935,68.06480329018324,20,90,1,100,0
47.718299166664856,65.37474221119413,190.91,0.0,190.91,-139.528,143.19170083333515,8.10615833333331,2.6522121177478426,19.896,0.0,0.0,19.896,44.78567500000002,49.273,39.57,3.4735574150559794,-4.436999999999998,0.6169166666666668,0.03255831361281993,0.69,0.07308333333333317,2479.815833333383,195.33912261699228,2909.6,57.62861666666665,27.445749999999997,33.53671083333273,68.0595126425548,20,90,1,100,0
47.72473580555412,65.3830284592354,190.85,0.0,190.85,-139.823,143.1252641944459,8.108036666666644,2.6501189871136805,20.176,0.0,0.0,20.176,44.791137500000055,49.25,39.578,3.4638398738092984,-4.5190000000000055,0.6135,0.032181424266129244,0.68,0.0665,2478.5849000000253,195.02198860982375,2907.6,57.62666666666666,27.46678333333333,33.5413033240736,68.06532887061522,20,90,1,100,0
47.72681824999866,65.39124125424482,190.88,0.0,190.88,-139.63500000000002,143.15318175000135,8.103270833333323,2.651590641783211,20.098,0.0,0.0,20.098,44.792720833333334,49.27,39.66,3.452081714014547,-4.452999999999996,0.6146333333333334,0.03234766995337424,0.692,0.07736666666666658,2477.3681666666907,195.1267523471666,2907.6,57.65713333333336,27.29448333333334,33.54093663888844,68.07517956598141,20,90,1,100,0
47.72071872222077,65.38269891023427,190.87,0.0,190.87,-139.573,143.14928127777924,8.102598333333315,2.6565697715518706,19.911,0.0,0.0,19.911,44.81041666666671,49.262,39.656,3.4383648056830083,-4.527999999999999,0.6123000000000001,0.02836702549780681,0.681,0.06869999999999998,2478.529100000027,195.07413823063376,2909.4,57.62185000000001,27.131733333333326,33.54457790740693,68.06763570728394,20,90,1,100,0
47.74197730555417,65.3810964924999,190.87,0.0,190.87,-139.68900000000002,143.12802269444583,8.100332499999986,2.642051353539398,20.479,0.0,0.0,20.479,44.79981666666672,49.273,39.582,3.465635681595128,-4.6129999999999995,0.6137499999999999,0.02966915021661848,0.692,0.07825000000000004,2476.077433333382,195.10609717690738,2907.6,57.62390000000002,27.41361666666667,33.54737549074029,68.05281699625593,20,100,1,100,0
47.77906361111018,65.35381696037382,190.9,0.0,190.9,-139.85999999999999,143.12093638888982,8.101530833333324,2.64775497911101,20.479,0.0,0.0,20.479,44.77850833333331,49.285,39.578,3.474983786713529,-4.465000000000003,0.6120333333333333,0.02814247448353642,0.674,0.061966666666666725,2474.122433333344,193.74913626830187,2903.6,57.63625,27.501066666666656,33.553034259258936,68.02971441396836,20,100,1,100,0
47.78922049999894,65.34698135705109,190.88,0.0,190.88,-139.68200000000002,143.09077950000105,8.101406666666657,2.6465784374944183,20.479,0.0,0.0,20.479,44.79305833333332,49.258,39.582,3.458646560441785,-4.465000000000003,0.6018833333333335,0.02922971071872873,0.66,0.05811666666666648,2473.9485666667265,193.93819552946866,2903.4,57.66688333333334,27.43928333333333,33.561228499999636,68.02278950526423,20,100,1,100,0
47.740711916664395,65.3725555643524,190.87,0.0,190.87,-139.788,143.1292880833356,8.099712499999983,2.6446193817962844,20.479,0.0,0.0,20.479,44.79863749999996,49.258,39.609,3.44706288138341,-4.425999999999995,0.6131833333333334,0.031381464715395574,0.687,0.07381666666666664,2474.4293000000207,193.83527898899138,2903.6,57.607299999999995,27.27263333333333,33.546353972221446,68.04855641086408,20,100,1,100,0
47.77347427777651,65.3446052462339,190.91,0.0,190.91,-139.685,143.1365257222235,8.104416666666664,2.6422463866999446,20.479,0.0,0.0,20.479,44.80460833333332,49.277,39.66,3.449829372521467,-4.426000000000002,0.6116333333333335,0.031179070917473434,0.681,0.06936666666666658,2474.9861333333597,193.99662829461883,2903.6,57.6481,27.309266666666662,33.56083309259216,68.01803070385131,20,100,1,100,0
47.742686833331916,65.3695018098625,190.82,0.0,190.82,-139.584,143.0773131666681,8.103394166666652,2.6470981645397846,20.479,0.0,0.0,20.479,44.81414583333339,49.277,39.66,3.4417545174750583,-4.4609999999999985,0.6116833333333336,0.032889899364789636,0.692,0.08031666666666637,2475.5563000000443,194.18490093963405,2903.6,57.623899999999985,27.2108,33.55340894444399,68.04948987376707,20,100,1,100,0
47.73929619444245,65.37538599952823,190.93,0.0,190.93,-139.672,143.19070380555755,8.103437499999977,2.6519995429374044,20.479,0.0,0.0,20.479,44.81888749999995,49.25,39.672,3.426893220730201,-4.296999999999997,0.6146500000000003,0.026562893067879383,0.674,0.05934999999999979,2475.4960000000024,194.7548199762563,2905.4,57.64066666666666,27.198600000000006,33.55387373148079,68.05394843553351,20,100,1,100,0
47.73531022222029,65.37356653949914,190.85,0.0,190.85,-139.72500000000002,143.1146897777797,8.101752499999975,2.648069832495969,20.479,0.0,0.0,20.479,44.82549583333333,49.289,39.711,3.422763626832979,-4.453000000000003,0.6085499999999999,0.028743414868541383,0.67,0.061450000000000116,2474.5884666666807,194.3657689915455,2905.6,57.630449999999996,27.023250000000008,33.554186185184534,68.05037978686364,20,100,1,100,0
47.72470911110948,65.35787407067951,190.82,0.0,190.82,-139.777,143.0952908888905,8.097731666666647,2.6488433275316092,20.479,0.0,0.0,20.479,44.84789166666673,49.297,39.699,3.4333648664548333,-4.442,0.6151333333333331,0.02680214174762697,0.673,0.057866666666666955,2470.75250000003,195.00472684270628,2903.6,57.665000000000006,27.134799999999988,33.55677748148096,68.03351953995875,20,100,1,100,0
47.7253690277765,65.36497816508238,190.9,0.0,190.9,-139.81799999999998,143.1746309722235,8.095521666666636,2.64273352419999,20.479,0.0,0.0,20.479,44.84137916666669,49.297,39.676,3.450213494392243,-4.433,0.6192,0.029389148233630497,0.683,0.06380000000000008,2474.671700000022,194.57996991783492,2905.6,57.61216666666667,27.25336666666667,33.554089953703276,68.037100837516,20,100,1,100,0
47.83868891666416,65.51986506187411,191.11,0.0,191.11,-139.731,143.27131108333586,8.19773083333331,2.6236271291496402,20.479,0.0,0.0,20.479,44.85290833333336,49.297,39.691,3.445984733939073,-4.475999999999999,0.6143833333333336,0.028502210242375346,0.682,0.06761666666666644,2464.8977666667074,194.5880463602786,2899.4,59.77043333333334,27.156316666666665,33.62977602777695,68.17199440126613,20,100,0,100,1
47.780295027775956,65.57366998870077,191.19,0.0,191.19,-140.121,143.40970497222403,8.179625833333313,2.662997245481209,20.479,0.0,0.0,20.479,44.87298333333331,49.297,39.656,3.4441610949920194,-4.469000000000001,0.6082666666666668,0.029244652802078632,0.689,0.0807333333333331,2470.1688333333423,195.82116435676855,2895.4,58.662766666666684,27.086966666666676,33.610968064814195,68.26591188698406,20,73,0,100,0
47.770620305553024,65.56499582288602,191.14,0.0,191.14,-140.111,143.36937969444696,8.18239916666663,2.662446887299171,20.479,0.0,0.0,20.479,44.90370416666666,49.363,39.738,3.4464852024966817,-4.390999999999998,0.6076333333333335,0.0333110490483348,0.683,0.07536666666666658,2472.5912000000512,196.65214049166443,2899.6,58.60839999999997,27.093750000000007,33.61890787962877,68.26075375923352,20,73,0,100,0
47.773337722220255,65.56669407895978,191.15,0.0,191.15,-139.97299999999998,143.37666227777976,8.182106666666659,2.655310834279939,20.479,0.0,0.0,20.479,44.94138749999991,49.398,39.742,3.455217688654902,-4.468999999999994,0.6088999999999998,0.030733794131133838,0.69,0.08110000000000017,2470.0107000000235,196.70175415806065,2897.4,58.79288333333332,27.2327,33.632277296295605,68.25273870737087,20,73,0,100,0
47.77869569444266,65.57325998860293,191.13,0.0,191.13,-140.12300000000002,143.35130430555733,8.17750666666664,2.6622645928339725,20.479,0.0,0.0,20.479,44.96104583333326,49.437,39.738,3.4696377359619284,-4.464000000000006,0.6033833333333333,0.031726635159295954,0.669,0.06561666666666677,2467.768866666695,196.71071816711597,2895.6,58.73378333333333,27.3796,33.63908273148085,68.26725121659621,20,73,0,100,0
47.768671666664645,65.56646646903648,191.17,0.0,191.17,-140.157,143.40132833333536,8.174137499999976,2.654538005054235,20.479,0.0,0.0,20.479,44.98919166666659,49.461,39.805,3.4716107442746087,-4.551000000000002,0.6052999999999998,0.021064308313964726,0.657,0.05170000000000019,2466.6233000000325,196.50854668079054,2895.6,58.715166666666654,27.338083333333323,33.644000277777074,68.24206878240469,20,73,0,100,0
47.77218647221978,65.56926169588463,191.14,0.0,191.14,-140.00900000000001,143.3678135277802,8.173948333333309,2.6618980145497266,20.479,0.0,0.0,20.479,44.98725833333325,49.465,39.742,3.48162931726787,-4.534999999999997,0.6118166666666663,0.03266029137604811,0.689,0.0771833333333336,2468.1045333333605,196.37382242160223,2895.6,58.64846666666667,27.322266666666668,33.64446437962878,68.2638200018104,20,73,0,100,0
47.76918561110918,65.56601140682648,191.16,0.0,191.16,-140.15599999999998,143.39081438889082,8.174236666666642,2.660444132058667,20.479,0.0,0.0,20.479,45.00151249999994,49.492,39.809,3.4758700015428543,-4.538999999999994,0.6130499999999999,0.0308343991264874,0.685,0.07195000000000018,2468.243933333368,196.19298259009798,2895.4,58.67446666666665,27.17933333333334,33.64831159259192,68.25728993801164,20,73,0,100,0
47.779380555553736,65.55325447275214,191.09,0.0,191.09,-140.082,143.31061944444627,8.177557499999994,2.6504854362110204,20.479,0.0,0.0,20.479,45.0161291666666,49.535,39.805,3.487741036193401,-4.546999999999997,0.6172166666666666,0.03031422537171298,0.689,0.07178333333333331,2468.0027000000314,196.42618690115316,2893.6,58.801116666666644,27.269783333333326,33.65768907407344,68.23405413433487,20,73,0,100,0
47.78220366666473,65.55759462749107,191.14,0.0,191.14,-140.062,143.35779633333527,8.173139166666648,2.6569572772459535,20.479,0.0,0.0,20.479,45.01997499999992,49.547,39.809,3.493654786189208,-4.628999999999998,0.6144333333333332,0.03335904657960965,0.713,0.0985666666666668,2468.0216000000464,196.3473372867156,2893.8,58.67481666666666,27.29148333333333,33.6584392777771,68.24791095131663,20,73,0,100,0
47.76238952777601,65.55682557350445,191.13,0.0,191.13,-140.105,143.367610472224,8.180507499999967,2.648837714478142,20.479,0.0,0.0,20.479,45.02766249999994,49.555,39.738,3.5013844313109006,-4.604999999999997,0.61595,0.034713561556432154,0.711,0.09504999999999997,2469.476266666688,195.8830345825499,2895.4,58.86918333333336,27.41291666666666,33.656853175925306,68.24037684953903,20,73,0,100,0
47.792561916664454,65.54097561700254,191.11,0.0,191.11,-140.03199999999998,143.31743808333556,8.194165833333312,2.649002925709279,20.071,0.0,0.0,20.071,45.03781249999993,49.547,39.82,3.4980497642230834,-4.616999999999997,0.6149666666666668,0.033200452655004216,0.692,0.07703333333333318,2467.3141333333824,196.52898987399382,2899.0,59.50791666666668,27.372799999999998,33.67484674999923,68.22317899536684,20,80,0,100,0
47.7864993333311,65.53626296988944,191.17,0.0,191.17,-140.03300000000002,143.38350066666888,8.192618333333318,2.65329440922329,20.114,0.0,0.0,20.114,45.04001666666658,49.559,39.809,3.501921719847352,-4.616999999999997,0.6165999999999998,0.031924805721241026,0.694,0.07740000000000014,2464.2783666667056,195.47673867895293,2891.4,59.613700000000016,27.470533333333336,33.673044777777,68.22148218483397,20,80,0,100,0
47.78727488888723,65.53724791672845,191.14,0.0,191.14,-140.23,143.35272511111276,8.190946666666633,2.644716841768352,20.221,0.0,0.0,20.221,45.041791666666604,49.547,39.797,3.501723213318233,-4.648000000000003,0.6176833333333334,0.03435531768310905,0.7,0.0823166666666666,2464.7047666666954,195.35224232236396,2891.8,59.48403333333335,27.469516666666667,33.67333774074016,68.21632007617991,20,80,0,100,0
47.79146694444251,65.54114299573841,191.19,0.0,191.19,-140.105,143.3985330555575,8.19260916666665,2.64673691048249,19.991,0.0,0.0,19.991,45.03245833333329,49.555,39.75,3.508837255457413,-4.625,0.6120166666666668,0.03059051124991334,0.69,0.07798333333333318,2464.9546333333783,196.25637043339043,2891.8,59.536033333333336,27.50869999999999,33.67217814814748,68.21847041747081,20,80,0,100,0
47.801239555553906,65.55188210247267,191.12,0.0,191.12,-140.059,143.3187604444461,8.196268333333325,2.6498418247279,20.015,0.0,0.0,20.015,45.04397083333323,49.535,39.809,3.4999996884613336,-4.617999999999995,0.6162500000000001,0.03245054907999588,0.701,0.08474999999999988,2463.1948333333767,195.31389336005293,2892.0,59.676983333333325,27.45378333333333,33.68049290740682,68.23417447628057,20,80,0,100,0
47.79204116666484,65.54525838706836,191.14,0.0,191.14,-140.089,143.34795883333516,8.193743333333313,2.6405499188648633,20.248,0.0,0.0,20.248,45.04265833333326,49.543,39.809,3.50414836882305,-4.625,0.6167333333333335,0.03373268126477252,0.697,0.08026666666666649,2462.398866666727,195.95766071487915,2893.0,59.63656666666667,27.41086666666667,33.67614761111047,68.21954098719799,20,80,0,100,0
47.79325499999819,65.54541735541798,191.09,0.0,191.09,-140.109,143.2967450000018,8.19288666666665,2.644060557302182,20.01,0.0,0.0,20.01,45.03479999999994,49.543,39.754,3.5097462784241444,-4.632999999999996,0.6166166666666666,0.03258058674683995,0.696,0.07938333333333336,2460.7153666667346,195.30125596275357,2887.4,59.66855,27.45239999999999,33.6736472222216,68.22205849946701,20,80,0,100,0
47.79241758333111,65.55188187302664,191.2,0.0,191.2,-140.097,143.40758241666887,8.195484999999994,2.641567394564262,20.027,0.0,0.0,20.027,45.03345833333323,49.527,39.805,3.5020262034481378,-4.648000000000003,0.6124833333333332,0.028825301778105834,0.688,0.07551666666666679,2461.1341000000475,195.65404707002395,2889.8,59.68039999999999,27.48271666666667,33.67378697222144,68.222274569369,20,80,0,100,0
47.794868499998046,65.55452356102235,191.09,0.0,191.09,-140.19799999999998,143.29513150000196,8.189977499999985,2.6383439096932118,20.411,0.0,0.0,20.411,45.0226416666666,49.547,39.805,3.503509732891551,-4.542999999999999,0.6119000000000002,0.034788318709648346,0.697,0.08509999999999973,2460.6251333333535,196.05845795273584,2889.8,59.54171666666665,27.450449999999993,33.66916255555488,68.2276557894252,20,80,0,100,0
47.7912734999984,65.54271828202472,191.13,0.0,191.13,-140.083,143.3387265000016,8.19186499999997,2.65082452153633,19.924,0.0,0.0,19.924,45.025429166666605,49.547,39.789,3.5008809296610726,-4.632999999999996,0.6138666666666668,0.03693442042904396,0.691,0.07713333333333316,2460.2356333333864,195.65861214289333,2889.6,59.72843333333332,27.390466666666665,33.66952255555499,68.2304772239901,20,80,0,100,0
47.81414036110921,65.53140758953137,191.06,0.0,191.06,-140.087,143.2458596388908,8.194952499999983,2.6303137494592246,20.228,0.0,0.0,20.228,45.017149999999944,49.547,39.738,3.5101956427255168,-4.555,0.6182333333333333,0.033823753896982174,0.698,0.07976666666666665,2457.723833333357,195.099234947804,2885.6,59.988933333333335,27.424016666666652,33.67541428703638,68.19554509288757,20,90,0,100,0
47.82498002777613,65.54090449045968,191.44,0.0,191.44,-140.11999999999998,143.61501997222388,8.196061666666651,2.6315600578640947,20.364,0.0,0.0,20.364,45.01500416666658,49.543,39.77,3.4975984689772166,-4.545999999999999,0.6146333333333337,0.03431754340436878,0.695,0.08036666666666625,2459.354800000032,194.8939710550815,2887.8,59.9384,27.356366666666656,33.67868195370312,68.20678209172814,20,90,0,100,0
47.82499005555371,65.54152943940956,191.2,0.0,191.2,-140.125,143.37500994444628,8.203451666666643,2.6377832491927746,20.021,0.0,0.0,20.021,45.02032499999993,49.543,39.742,3.5007435735245194,-4.620999999999995,0.6099500000000001,0.03235995904126802,0.696,0.08604999999999985,2463.188333333339,194.23558713009703,2891.8,59.924449999999986,27.491850000000003,33.68292224074009,68.21167264764361,20,90,0,100,0
47.81722394444215,65.53325075963042,191.19,0.0,191.19,-139.953,143.37277605555784,8.198888333333308,2.637825267333182,20.061,0.0,0.0,20.061,45.026745833333266,49.547,39.758,3.5015846439592204,-4.6129999999999995,0.60205,0.030967136763382495,0.682,0.07995000000000008,2464.487166666677,194.59565020785757,2893.6,59.846083333333304,27.422766666666657,33.68095270370291,68.20204316372698,20,90,0,100,0
47.82472463888678,65.51903157254547,191.19,0.0,191.19,-140.14,143.36527536111322,8.19947499999998,2.6439260747259015,19.972,0.0,0.0,19.972,45.04887916666663,49.543,39.82,3.4898983893180895,-4.546999999999997,0.6057833333333333,0.030780299481294748,0.672,0.0662166666666667,2463.7559333333684,194.90726361964425,2892.6,59.91885000000001,27.361716666666673,33.691026268517795,68.19373794675266,20,90,0,100,0
47.80604286110925,65.52473363593131,191.13,0.0,191.13,-140.184,143.32395713889076,8.196837499999978,2.6324821911076945,20.203,0.0,0.0,20.203,45.062712499999975,49.555,39.82,3.471051355301469,-4.5319999999999965,0.6022499999999997,0.028116962128260498,0.672,0.06975000000000031,2464.6875000000036,195.22426634372303,2891.8,59.80181666666665,27.283833333333334,33.688530953703065,68.18533278916728,20,90,0,100,0
47.807522861109184,65.52459754956895,191.23,0.0,191.23,-140.1,143.4224771388908,8.200244166666627,2.642475838113154,20.249,0.0,0.0,20.249,45.07465416666669,49.547,39.809,3.4753574021052143,-4.535000000000004,0.6021499999999999,0.02959605161480906,0.674,0.07185000000000019,2465.6844666666816,194.9734814492994,2891.6,59.85801666666668,27.22056666666667,33.6941403981475,68.19666943929691,20,90,0,100,0
47.81015577777574,65.52933518931485,191.17,0.0,191.17,-139.94,143.35984422222424,8.195637499999972,2.6285250879296003,20.345,0.0,0.0,20.345,45.074524999999966,49.547,39.836,3.4933424666543282,-4.600999999999999,0.59535,0.03120724872335523,0.673,0.07765,2466.1183666666866,195.0491968389774,2893.8,59.76120000000002,27.455016666666666,33.69343942592523,68.18906752596781,20,90,0,100,0
47.80930894444293,65.52844049520398,191.15,0.0,191.15,-140.072,143.34069105555707,8.197600833333308,2.6376443084213284,19.654,0.0,0.0,19.654,45.078104166666655,49.547,39.816,3.50019030707712,-4.555000000000007,0.6053666666666666,0.03205501979074904,0.683,0.07763333333333344,2466.06220000001,195.25155044835216,2895.6,59.83905000000001,27.50611666666667,33.69500464814763,68.19813982341606,20,90,0,100,0
47.810318638887104,65.52982214799285,191.22,0.0,191.22,-139.99599999999998,143.4096813611129,8.201168333333312,2.6328696195770815,20.063,0.0,0.0,20.063,45.07476666666667,49.555,39.816,3.489862084369796,-4.535000000000004,0.5975333333333332,0.03172897230632943,0.669,0.07146666666666679,2463.783466666713,193.86357805029965,2889.6,59.90365000000001,27.303366666666665,33.69541787962903,68.19442073987625,20,90,0,100,0
47.825501027775964,65.51718359277459,191.19,0.0,191.19,-140.06799999999998,143.36449897222403,8.195458333333308,2.6288093306688105,20.479,0.0,0.0,20.479,45.08982916666668,49.543,39.832,3.487341862161049,-4.542999999999999,0.5992833333333337,0.02854261854571737,0.666,0.06671666666666631,2463.825766666712,194.4016082074027,2891.6,59.80884999999999,27.297533333333334,33.70359617592532,68.17453554198912,20,100,0,100,0
47.83128544444287,65.52065405336243,191.16,0.0,191.16,-139.946,143.32871455555713,8.197836666666655,2.629691073289726,20.479,0.0,0.0,20.479,45.08075,49.547,39.816,3.5010450197227576,-4.604999999999997,0.6022166666666667,0.03378350398112871,0.686,0.08378333333333332,2464.307600000023,194.50374196875146,2893.8,59.85776666666665,27.348516666666672,33.703290703703175,68.18412863063328,20,100,0,100,0
47.84037844444253,65.53293296894861,191.17,0.0,191.17,-140.207,143.32962155555745,8.198062499999972,2.6284062997675286,20.479,0.0,0.0,20.479,45.07047083333328,49.547,39.809,3.502760443875547,-4.600999999999999,0.6030166666666666,0.03221458332077376,0.682,0.0789833333333334,2464.454366666684,194.51523052642952,2897.4,59.849583333333335,27.3514,33.702970592591925,68.19355385203693,20,100,0,100,0
47.82784699999835,65.5225436889067,191.19,0.0,191.19,-140.01100000000002,143.36215300000165,8.194736666666653,2.626244837966625,20.479,0.0,0.0,20.479,45.08625833333335,49.543,39.828,3.496154815458565,-4.518999999999998,0.6074666666666667,0.029064199345858827,0.668,0.06053333333333333,2463.9000666666875,194.25890062853696,2891.6,59.802866666666674,27.374466666666663,33.70294733333278,68.17785272621917,20,100,0,100,0
47.82216861110895,65.51421186139062,191.19,0.0,191.19,-140.045,143.36783138889103,8.195397499999967,2.6162224662327747,20.479,0.0,0.0,20.479,45.08742083333331,49.547,39.844,3.483748480427076,-4.546999999999997,0.6163166666666663,0.027562251062201365,0.688,0.07168333333333365,2458.633500000025,195.69628725116542,2889.8,60.08651666666665,27.31055,33.70166231481408,68.1579965786856,20,100,0,100,0
47.82559352777544,65.51626685896417,191.14,0.0,191.14,-140.163,143.31440647222456,8.19481249999997,2.622486843000712,20.479,0.0,0.0,20.479,45.09585833333333,49.555,39.898,3.484365692791417,-4.510999999999996,0.6133333333333334,0.033891985286593464,0.696,0.08266666666666656,2456.8250000000435,194.3629832809692,2887.6,60.000966666666685,27.311433333333337,33.70542145370291,68.17264568725147,20,100,0,100,0
47.8254325277759,65.51855040151496,191.16,0.0,191.16,-140.111,143.33456747222408,8.190770833333318,2.6284497125794397,20.479,0.0,0.0,20.479,45.07373333333324,49.574,39.816,3.5117895954770657,-4.609999999999999,0.6072833333333333,0.027134374763117575,0.668,0.06071666666666675,2457.3286333333713,193.9534164898715,2887.6,59.95051666666665,27.4454,33.696645564814155,68.17413448885752,20,100,0,100,0
47.831214444442665,65.52949574916619,191.19,0.0,191.19,-140.095,143.35878555555735,8.189843333333313,2.6283862223616365,20.479,0.0,0.0,20.479,45.08210416666662,49.559,39.816,3.5139612488699945,-4.616999999999997,0.60625,0.03621621745543924,0.696,0.08975,2458.5821333333656,194.33704224477373,2891.4,59.938883333333315,27.572449999999996,33.70105398148087,68.19409818898326,20,100,0,100,0
47.8384036388869,65.53594177523043,191.14,0.0,191.14,-140.177,143.30159636111307,8.19443583333332,2.628328587115935,20.479,0.0,0.0,20.479,45.08909999999998,49.555,39.82,3.494819704677315,-4.546999999999997,0.6054333333333334,0.03144614264111976,0.683,0.07756666666666667,2460.071000000016,193.99120699247788,2889.6,59.88184999999998,27.33695,33.70731315740673,68.19571650498747,20,100,0,100,0
47.83046052777628,65.52996195566317,191.2,0.0,191.2,-140.059,143.36953947222372,8.196823333333322,2.6253121122756573,20.479,0.0,0.0,20.479,45.0860375,49.547,39.805,3.4905273310485723,-4.561999999999998,0.5918500000000002,0.031722752888856565,0.652,0.060149999999999815,2461.6660666667026,193.44683116542268,2888.0,59.886383333333356,27.366933333333332,33.7044404537032,68.18699682082767,20,100,0,100,0
47.81878913888707,65.50146393408315,191.19,0.0,191.19,-139.995,143.37121086111293,8.19584166666665,2.6102093189700173,20.226,0.0,0.0,20.226,45.077154166666645,49.547,39.844,3.4902980158908377,-4.5390000000000015,0.5981166666666667,0.03184235089836277,0.674,0.0758833333333333,2468.5784666667064,192.73703639202756,2897.4,59.652516666666685,27.371100000000006,33.69726165740679,68.14351560395153,20,100,0,90,1
47.83169688888743,65.52227498489003,191.12,0.0,191.12,-140.057,143.28830311111258,8.196650833333324,2.6177219146173383,20.479,0.0,0.0,20.479,45.0570083333333,49.543,39.809,3.486701960391757,-4.597999999999999,0.6020666666666667,0.035175524361753224,0.688,0.0859333333333332,2468.9323000000322,194.5285905605332,2895.6,59.646416666666674,27.421333333333344,33.69511868518469,68.17517242386911,20,100,0,90,1
47.82904527777574,65.52086174532083,191.17,0.0,191.17,-140.086,143.34095472222424,8.195230833333301,2.6161898141194238,20.344,0.0,0.0,20.344,45.046229166666556,49.543,39.816,3.4970880142001093,-4.620999999999995,0.6040499999999998,0.03201293435631443,0.683,0.0789500000000003,2468.515200000057,194.70515832596678,2897.8,59.63905000000001,27.483566666666675,33.6901684259252,68.16906449379657,20,100,0,90,1
47.82747327777609,65.51867888293613,191.19,0.0,191.19,-139.988,143.3625267222239,8.194589999999968,2.612187352431579,20.479,0.0,0.0,20.479,45.03994583333327,49.543,39.809,3.4997771789776886,-4.620999999999995,0.6054,0.035907225088543424,0.691,0.0855999999999999,2465.857300000027,195.05254597840752,2893.8,59.76964999999999,27.508716666666672,33.68733637036978,68.16677346045626,20,100,0,90,1
47.88526216666467,65.46701187140806,191.17,0.0,191.17,-140.03900000000002,143.28473783333533,8.192099999999988,2.6157602715396413,20.479,0.0,0.0,20.479,45.03185416666659,49.531,39.828,3.49550023469854,-4.604999999999997,0.6081500000000001,0.032853978424310905,0.689,0.08084999999999987,2462.610600000028,195.66167661618368,2891.6,59.817950000000025,27.30401666666667,33.703072111110416,68.11562612137202,20,100,0,90,1
47.87146827777603,65.49136631764524,191.14,0.0,191.14,-140.106,143.26853172222394,8.190684166666651,2.6186485578711536,20.479,0.0,0.0,20.479,45.033383333333305,49.543,39.816,3.4999233134057466,-4.604999999999997,0.6098833333333336,0.03157723470179792,0.685,0.0751166666666665,2457.264400000015,195.89474127087468,2889.4,59.95860000000001,27.299733333333336,33.698511925925324,68.1415921102182,20,100,0,90,1
47.84316552777603,65.50307923221699,191.09,0.0,191.09,-139.999,143.24683447222398,8.190295833333318,2.6149822344944478,20.479,0.0,0.0,20.479,45.02996249999992,49.535,39.758,3.504041726518394,-4.616999999999997,0.6062499999999998,0.031086334127579704,0.685,0.07875000000000021,2456.44490000003,194.35359102345896,2883.6,59.95815,27.328533333333336,33.68780795370309,68.14914780083902,20,100,0,90,1
47.82313311110945,65.5154366863342,191.14,0.0,191.14,-140.071,143.31686688889053,8.192808333333307,2.6144413439996894,20.479,0.0,0.0,20.479,45.02830416666662,49.547,39.816,3.500700379891624,-4.523999999999994,0.605,0.02684733992441244,0.664,0.05900000000000005,2457.668033333351,194.48204695865996,2889.4,59.972449999999995,27.378999999999994,33.681415203703125,68.1567253702583,20,100,0,90,1
47.84924263888752,65.50377387884522,191.11,0.0,191.11,-139.985,143.2607573611125,8.198114166666652,2.6119964073787387,20.479,0.0,0.0,20.479,45.02162916666659,49.543,39.809,3.498561440165112,-4.5859999999999985,0.6068166666666666,0.0317562174169527,0.686,0.0791833333333335,2461.9869666666877,194.3601411492168,2889.4,59.91865000000002,27.319166666666664,33.689661990740255,68.14752650364092,20,100,0,90,1
47.8339396666651,65.52346493824908,191.15,0.0,191.15,-140.067,143.31606033333492,8.19344416666665,2.6200394868480847,20.479,0.0,0.0,20.479,45.0269916666666,49.559,39.75,3.504993842015453,-4.527000000000001,0.6128666666666668,0.034819859259768084,0.692,0.07913333333333317,2463.6509666667166,194.43645984884617,2889.6,59.747066666666655,27.486766666666654,33.68479183333279,68.17832428435693,20,100,0,90,1
47.65369408333282,65.27527147822744,191.16,0.0,191.16,-140.159,143.50630591666717,8.05425166666664,2.640620835206498,20.479,0.0,0.0,20.479,44.99031666666665,49.508,39.75,3.503735479362631,-4.698999999999998,0.6090666666666666,0.03134978531901015,0.68,0.0709333333333334,2492.4953333333806,195.1765222493776,2926.4,56.39625000000004,27.382900000000014,33.566087472222044,67.94724209875295,20,100,2,90,1
47.58829113888864,65.31423610997585,190.74,0.0,190.74,-139.463,143.15170886111136,8.031972499999979,2.678643634661333,20.479,0.0,0.0,20.479,44.924333333333294,49.379,39.672,3.490303176658587,-4.609000000000002,0.6139499999999999,0.031245026722908326,0.692,0.07805000000000006,2490.8020000000474,198.57415561584648,2923.4,55.490366666666695,27.46113333333333,33.514865657407306,68.02412477136009,20,73,2,90,0
47.643022472221375,65.27655367629728,190.76,0.0,190.76,-139.507,143.1169775277786,8.035840833333317,2.6798691730169177,20.479,0.0,0.0,20.479,44.86792499999999,49.312,39.684,3.4667142406247775,-4.457000000000001,0.6080166666666666,0.030240556260390693,0.677,0.0689833333333334,2490.5553666666938,197.35501698289877,2920.4,55.46046666666667,27.292016666666672,33.515596101851564,67.98666340557459,20,73,2,90,0
47.601531388887814,65.31654717403785,190.77,0.0,190.77,-139.34,143.1684686111122,8.038314166666638,2.682751356567907,20.479,0.0,0.0,20.479,44.829408333333376,49.297,39.66,3.4591263704571693,-4.445,0.6156666666666666,0.033214590762916586,0.688,0.07233333333333336,2489.7752000000237,197.76359410034306,2923.8,55.48843333333334,27.20576666666666,33.48975129629594,68.03251312136867,20,73,2,90,0
47.60427363888772,65.31553963932654,190.71,0.0,190.71,-139.465,143.1057263611123,8.039042499999972,2.6864771129540213,20.479,0.0,0.0,20.479,44.78657499999997,49.25,39.578,3.4658240101980473,-4.593999999999994,0.6106666666666668,0.03160115137715054,0.677,0.06633333333333324,2489.365133333369,197.26916879856137,2921.4,55.3902,27.433749999999996,33.47663037962922,68.03361790365771,20,73,2,90,0
47.59589763888815,65.30734997910162,190.73,0.0,190.73,-139.449,143.13410236111184,8.03390749999998,2.680108739645468,20.479,0.0,0.0,20.479,44.76352499999999,49.23,39.52,3.4773268528013563,-4.497,0.6109500000000001,0.03995523978705019,0.697,0.08604999999999985,2488.6172999999953,197.29527147079355,2921.4,55.36299999999999,27.600883333333332,33.46444337962937,68.02741395853413,20,73,2,90,0
47.60082955555409,65.31585224024572,190.77,0.0,190.77,-139.393,143.1691704444459,8.035476666666646,2.6829090284928028,20.479,0.0,0.0,20.479,44.75805833333335,49.18,39.582,3.438302477915138,-4.428999999999995,0.6071333333333333,0.029107321384697907,0.678,0.07086666666666674,2489.0051333333513,197.42709673042043,2918.6,55.35513333333332,27.291883333333335,33.464788185184695,68.02786859012322,20,73,2,90,0
47.59454361111004,65.3121129881613,190.74,0.0,190.74,-139.39800000000002,143.14545638888995,8.032031666666654,2.6818217099079624,20.479,0.0,0.0,20.479,44.75800416666665,49.16,39.621,3.4277855611953103,-4.428999999999995,0.6058999999999999,0.028603484438681583,0.678,0.07210000000000016,2488.4956000000234,197.28740941654738,2918.6,55.329083333333365,27.261933333333328,33.461526481481116,68.02253818250794,20,73,2,90,0
47.58947566666521,65.30142276644642,190.72,0.0,190.72,-139.489,143.1305243333348,8.031469999999983,2.6750391460302025,20.479,0.0,0.0,20.479,44.74585416666667,49.152,39.527,3.438173305924605,-4.428999999999995,0.6073166666666666,0.0344926873442182,0.709,0.10168333333333335,2488.63683333334,196.99167905500065,2919.6,55.42569999999999,27.50953333333334,33.455599944443954,68.01095459982083,20,73,2,90,0
47.594373083331654,65.30951452334095,190.84,0.0,190.84,-139.386,143.24562691666836,8.032582499999995,2.6760434613497863,20.479,0.0,0.0,20.479,44.751387499999964,49.121,39.586,3.418595021400632,-4.417999999999999,0.6024333333333333,0.029418296316953692,0.661,0.05856666666666677,2488.469666666666,197.47896783458162,2917.6,55.37428333333336,27.351600000000005,33.459447694443874,68.01497628100769,20,73,2,90,0
47.592643666665325,65.30921508148319,190.73,0.0,190.73,-139.438,143.13735633333465,8.033529999999983,2.67821415685745,20.479,0.0,0.0,20.479,44.76182083333333,49.133,39.582,3.4220305744227097,-4.465000000000003,0.6014999999999998,0.029010518256169206,0.672,0.07050000000000023,2486.606733333354,197.12078463542286,2917.6,55.45311666666665,27.39411666666667,33.46266483333288,68.01643975659681,20,73,2,90,0
47.629754416665946,65.30131566132256,190.66,0.0,190.66,-139.332,143.03024558333405,8.047811666666652,2.659374431108674,19.549,0.0,0.0,19.549,44.76749583333335,49.137,39.609,3.415411230651377,-4.375,0.6079833333333331,0.024369675283973907,0.664,0.05601666666666694,2485.5149666666994,196.52897603763833,2917.6,56.218483333333346,27.318566666666662,33.48168730555532,67.98505976771521,20,80,2,90,0
47.624775472221366,65.29597921930703,190.7,0.0,190.7,-139.358,143.07522452777863,8.043299166666642,2.658436923970848,19.786,0.0,0.0,19.786,44.778200000000034,49.141,39.66,3.4161332703075407,-4.433,0.5994833333333335,0.027786407887253735,0.659,0.05951666666666655,2484.959333333331,196.49084369209513,2916.4,56.07431666666667,27.367266666666662,33.48209154629601,67.98220255116513,20,80,2,90,0
47.618498916665644,65.29598957560033,190.71,0.0,190.71,-139.38400000000001,143.09150108333438,8.04521083333331,2.66319446724379,19.264,0.0,0.0,19.264,44.77527083333335,49.148,39.648,3.426895148279962,-4.515000000000001,0.6105333333333333,0.032187726193599414,0.691,0.08046666666666669,2483.6488000000313,196.42655905981084,2914.6,56.20628333333335,27.476650000000006,33.4796601944441,67.99137176903771,20,80,2,90,0
47.61567291666637,65.29013317220664,190.68,0.0,190.68,-139.524,143.06432708333364,8.043000833333327,2.6574921331707064,19.611,0.0,0.0,19.611,44.76356666666666,49.16,39.582,3.436453524200326,-4.4410000000000025,0.6100666666666664,0.0334891162014587,0.685,0.07493333333333363,2484.059799999978,196.7309957736105,2915.6,56.14711666666668,27.472183333333337,33.47408013888879,67.98111442157881,20,80,2,90,0
47.61276177777704,65.2777842327846,190.66,0.0,190.66,-139.445,143.04723822222297,8.044829166666645,2.6662552092182037,19.274,0.0,0.0,19.274,44.76543750000003,49.133,39.598,3.420390896855328,-4.428999999999995,0.6088333333333332,0.03377902602015127,0.696,0.08716666666666673,2482.9257000000503,196.92125465847013,2915.8,56.241233333333334,27.320800000000013,33.47434281481457,67.97781846802296,20,80,2,90,0
47.61106480555476,65.28216060869828,190.73,0.0,190.73,-139.559,143.1189351944452,8.044313333333315,2.6606901790098476,19.585,0.0,0.0,19.585,44.77439166666665,49.137,39.664,3.3972956714757947,-4.3629999999999995,0.6034166666666667,0.02698354279780372,0.667,0.06358333333333333,2483.3561666666433,196.30475347788163,2915.8,56.19548333333333,27.195166666666676,33.47658993518491,67.96983433050593,20,80,2,90,0
47.622527138888294,65.2974126472728,190.7,0.0,190.7,-139.275,143.0774728611117,8.035119999999978,2.6652903508771297,20.479,0.0,0.0,20.479,44.777116666666664,49.141,39.605,3.4203251911346357,-4.5190000000000055,0.6092166666666667,0.028181669524269544,0.668,0.0587833333333333,2485.344166666695,196.72611476367481,2917.4,55.80188333333331,27.433983333333337,33.478254601851646,67.9908846676742,20,80,2,90,0
47.61980186111038,65.29403662147614,190.8,0.0,190.8,-139.345,143.18019813888964,8.043988333333314,2.6696240275684953,20.146,0.0,0.0,20.146,44.76749583333333,49.168,39.578,3.4364262598392985,-4.515000000000001,0.6136833333333335,0.034218387200434665,0.699,0.08531666666666649,2481.496333333358,197.24309831574445,2913.8,56.31645000000001,27.458050000000004,33.47709534259234,67.99787903624507,20,80,2,90,0
47.625043194443116,65.29824115612361,190.78,0.0,190.78,-139.479,143.15495680555688,8.037429166666653,2.656100422209225,20.115,0.0,0.0,20.115,44.77917083333333,49.148,39.609,3.4226228008360273,-4.354999999999997,0.6212833333333335,0.038437751423090256,0.712,0.09071666666666645,2480.547900000017,196.85645998179172,2915.4,56.00525000000002,27.320866666666664,33.48054773148103,67.99277932975592,20,80,2,90,0
47.62183497222057,65.29884355879868,190.7,0.0,190.7,-139.50300000000001,143.07816502777942,8.043115833333315,2.6574233541443735,19.766,0.0,0.0,19.766,44.80889999999998,49.152,39.742,3.390458737429082,-4.3629999999999995,0.6220666666666669,0.0354161060108498,0.699,0.07693333333333308,2485.220499999933,196.7104865422006,2917.0,55.97244999999998,27.18153333333333,33.491283601851286,67.9916830189539,20,80,2,90,0
47.65147172222151,65.29300634923726,190.76,0.0,190.76,-139.321,143.10852827777848,8.046794999999987,2.646538746631693,20.029,0.0,0.0,20.029,44.814995833333384,49.203,39.684,3.4180152851504793,-4.527000000000001,0.6227666666666669,0.032616085595117375,0.693,0.07023333333333304,2485.7053666667043,197.38363676153372,2921.0,56.25730000000001,27.414450000000002,33.50442085185163,67.97216118146407,20,90,2,90,0
47.645054777776906,65.28090060491995,190.76,0.0,190.76,-139.41,143.11494522222307,8.045270833333317,2.6529074712206517,19.551,0.0,0.0,19.551,44.796358333333316,49.207,39.594,3.453417724493604,-4.604999999999997,0.6128333333333333,0.04064862524690445,0.702,0.08916666666666662,2481.3192333333855,196.53303178391138,2917.0,56.48789999999999,27.706749999999985,33.495561314814516,67.97445670138751,20,90,2,90,0
47.65379824999881,65.28632818755308,190.69,0.0,190.69,-139.451,143.0362017500012,8.041604999999986,2.650175319042066,19.631,0.0,0.0,19.631,44.76052916666662,49.195,39.516,3.4751890010887188,-4.542999999999999,0.6194999999999999,0.024868808317220287,0.691,0.07150000000000001,2483.4420333333846,195.27642387178295,2913.8,56.41843333333333,27.768549999999998,33.48531080555514,67.96137231491237,20,90,2,90,0
47.65035177777669,65.27762717646513,190.69,0.0,190.69,-139.595,143.03964822222332,8.042769999999981,2.64930675850946,19.544,0.0,0.0,19.544,44.74022500000007,49.219,39.492,3.5023135699803665,-4.695,0.6205999999999999,0.03399561287747663,0.707,0.08640000000000003,2481.398766666699,196.33570093861192,2915.8,56.54928333333334,27.963666666666672,33.477782259258916,67.96092954785206,20,90,2,90,0
47.657099555554275,65.29087989578908,190.73,0.0,190.73,-139.437,143.0729004444457,8.041862499999985,2.6447327930339593,19.847,0.0,0.0,19.847,44.71548333333342,49.137,39.492,3.492669587136657,-4.600999999999999,0.6234,0.03626232110887816,0.702,0.0786,2481.5913000000337,195.4107163105054,2917.4,56.38743333333333,28.031716666666668,33.4714817962959,67.9718750099319,20,90,2,90,0
47.649974249998735,65.28029990900636,190.69,0.0,190.69,-139.51799999999997,143.04002575000126,8.046746666666655,2.6601800752046816,20.479,0.0,0.0,20.479,44.73157083333336,49.125,39.488,3.4537050596878,-4.420999999999999,0.6201833333333333,0.03303695499709722,0.694,0.07381666666666664,2482.914600000041,195.40391478974823,2912.0,56.47289999999999,27.708316666666658,33.47609724999958,67.97351693920814,20,90,2,90,0
47.659757749999116,65.29222934476266,190.76,0.0,190.76,-139.36499999999998,143.10024225000086,8.046431666666653,2.648103346064894,19.671,0.0,0.0,19.671,44.75514583333339,49.133,39.656,3.4190863028019156,-4.367000000000004,0.6190499999999999,0.027395053988828872,0.675,0.055950000000000166,2481.8664333333536,195.26292823217244,2911.6,56.408483333333315,27.40645000000001,33.48711174999972,67.96772774481639,20,90,2,90,0
47.656541055554314,65.2874671871926,190.69,0.0,190.69,-139.406,143.03345894444567,8.038177499999977,2.6426724451529604,19.901,0.0,0.0,19.901,44.73147083333329,49.16,39.504,3.4558093783362516,-4.609000000000002,0.61235,0.03084890735092191,0.688,0.07565,2483.298366666683,195.65599739223808,2912.6,56.338233333333356,27.70958333333333,33.47539646296253,67.96098853969647,20,90,2,90,0
47.6567264166666,65.29298080460804,190.68,0.0,190.68,-139.371,143.0232735833334,8.04628416666664,2.6483433410579673,19.541,0.0,0.0,19.541,44.72836250000001,49.137,39.488,3.4587201501782348,-4.4609999999999985,0.6177500000000001,0.03256473344596546,0.691,0.07324999999999982,2482.5098666667186,195.9787556720405,2913.6,56.552899999999994,27.695450000000008,33.47712436111109,67.97388887911197,20,90,2,90,0
47.65360627777685,65.28495473952563,190.7,0.0,190.7,-139.465,143.04639372222314,8.044924166666663,2.641958482629112,19.698,0.0,0.0,19.698,44.754904166666634,49.141,39.586,3.4330443001088353,-4.3629999999999995,0.6125833333333334,0.02568669883763078,0.665,0.05241666666666667,2480.427033333351,195.5001205252479,2911.8,56.46396666666666,27.4486,33.48447820370338,67.95259992099237,20,90,2,90,0
47.673106055554264,65.27883662581796,190.78,0.0,190.78,-139.371,143.10689394444574,8.047806666666652,2.6486109345323494,20.479,0.0,0.0,20.479,44.763858333333374,49.148,39.656,3.4190665473430593,-4.464999999999996,0.61695,0.035165673266286064,0.702,0.08504999999999996,2480.7607000000444,195.165187530753,2913.6,56.50286666666667,27.33589999999999,33.494923685184766,67.9626132336166,20,100,2,90,0
47.66996955555474,65.28102151409885,190.91,0.0,190.91,-139.492,143.24003044444527,8.046282499999979,2.6447705222362536,20.479,0.0,0.0,20.479,44.76145833333333,49.137,39.566,3.4244489826943996,-4.3870000000000005,0.6171333333333338,0.030521160576522224,0.688,0.07086666666666619,2480.458000000029,195.02545475911768,2912.4,56.48521666666668,27.45954999999999,33.49257012962935,67.95631319691164,20,100,2,90,0
47.666499666665445,65.2724915513673,190.66,0.0,190.66,-139.413,142.99350033333457,8.048331666666646,2.643582269890351,20.479,0.0,0.0,20.479,44.77992916666667,49.141,39.66,3.4179722081787247,-4.375,0.6087333333333333,0.0409534115905373,0.695,0.0862666666666666,2482.3742666667276,195.08368651748688,2915.4,56.47244999999999,27.40191666666667,33.498253499999585,67.95702723284818,20,100,2,90,0
47.66536583333311,65.27788641693189,190.72,0.0,190.72,-139.433,143.0546341666669,8.046370833333315,2.641919211024558,20.479,0.0,0.0,20.479,44.78309166666668,49.187,39.605,3.4369875286210734,-4.527000000000001,0.6081833333333332,0.03293521718576406,0.676,0.06781666666666686,2482.1540000000473,194.94226028444285,2913.4,56.47123333333334,27.455766666666662,33.49827611111103,67.95274084514222,20,100,2,90,0
47.65414255555502,65.26252804038484,190.63,0.0,190.63,-139.4,142.97585744444498,8.0439008333333,2.6463839330175465,20.479,0.0,0.0,20.479,44.79130833333333,49.187,39.656,3.4243728260534234,-4.465000000000003,0.6074333333333333,0.027702026277639093,0.663,0.055566666666666764,2481.4642000000285,194.97568623992785,2911.6,56.44034999999999,27.337549999999997,33.49645057407388,67.93661399968002,20,100,2,90,0
47.65073808333321,65.261642144232,190.71,0.0,190.71,-139.431,143.0592619166668,8.040800833333309,2.638742655793138,20.383,0.0,0.0,20.383,44.785499999999985,49.195,39.594,3.4353902740049835,-4.507999999999996,0.6171166666666666,0.030487058475085427,0.691,0.0738833333333333,2480.2093666667247,195.1849358398218,2911.6,56.48194999999999,27.536533333333335,33.4923463055555,67.93087185850023,20,100,2,90,0
47.65815666666581,65.2663953168291,190.69,0.0,190.69,-139.543,143.0318433333342,8.042609999999978,2.634262664273817,20.224,0.0,0.0,20.224,44.75845000000002,49.215,39.492,3.4777197847519616,-4.6129999999999995,0.6154500000000002,0.031099852852668433,0.679,0.06354999999999988,2480.678600000035,195.13630692011094,2913.6,56.543749999999996,27.861983333333335,33.48640555555527,67.93175783395559,20,100,2,90,0
47.657002166665706,65.26633422826116,190.66,0.0,190.66,-139.39499999999998,143.0029978333343,8.047544999999987,2.6338135705814136,20.337,0.0,0.0,20.337,44.77095833333331,49.203,39.57,3.4510766954805945,-4.429000000000002,0.6187000000000001,0.032218691280010286,0.693,0.07429999999999981,2481.2223333333377,194.77649331549296,2911.6,56.65821666666667,27.65369999999999,33.491835166666334,67.93236649012258,20,100,2,90,0
47.655225944444034,65.26613302851271,190.69,0.0,190.69,-139.559,143.03477405555597,8.039919999999983,2.6466945479771384,20.479,0.0,0.0,20.479,44.79496666666669,49.207,39.664,3.428367695168875,-4.542999999999999,0.6144833333333332,0.02769781957193651,0.672,0.05751666666666688,2482.4552666666787,195.64653377956608,2913.8,56.42071666666667,27.363099999999996,33.496704203703565,67.94052539606179,20,100,2,90,0
47.656222194443195,65.2643918731183,190.68,0.0,190.68,-139.407,143.02377780555682,8.035607499999985,2.6398265142109927,20.479,0.0,0.0,20.479,44.77218749999999,49.203,39.516,3.460166892341415,-4.4410000000000025,0.6105666666666667,0.023956434093230106,0.655,0.044433333333333325,2480.9266333333644,195.32412497256522,2913.8,56.45403333333335,27.569516666666665,33.48800573148105,67.92817482142253,20,100,2,90,0
47.73504794444289,65.36989062572643,190.98,0.0,190.98,-139.34799999999998,143.2449520555571,8.085584999999996,2.6370629328607658,20.479,0.0,0.0,20.479,44.78676250000002,49.219,39.605,3.4430032607910777,-4.535000000000004,0.6172166666666666,0.031813594613936486,0.687,0.06978333333333342,2470.7343000000646,195.42071331542311,2907.4,57.55773333333332,27.417300000000015,33.535798481480974,68.03876715320114,20,100,1,90,1
47.670260194442555,65.4173161304498,190.8,0.0,190.8,-139.699,143.12973980555745,8.065209999999981,2.6691768228537645,20.479,0.0,0.0,20.479,44.78951666666667,49.223,39.582,3.4541665144205904,-4.515000000000001,0.6111166666666665,0.03306495490603087,0.693,0.08188333333333342,2471.623600000034,197.7737494521675,2899.6,56.65276666666662,27.565733333333334,33.508328953703064,68.1195579082096,20,73,1,90,0
47.66876569444276,65.42238259749176,190.88,0.0,190.88,-139.71200000000002,143.21123430555724,8.06653666666665,2.6715010678053193,20.479,0.0,0.0,20.479,44.80106666666669,49.23,39.582,3.4402906616361855,-4.609000000000002,0.6121666666666671,0.029914662051404143,0.683,0.07083333333333297,2470.7896000000305,196.56066527757375,2899.4,56.64905000000002,27.400683333333333,33.5121230092587,68.1237983273485,20,73,1,90,0
47.671960583331874,65.42516366934358,190.82,0.0,190.82,-139.699,143.14803941666813,8.066234166666655,2.671228763494759,20.479,0.0,0.0,20.479,44.79375833333334,49.207,39.57,3.452049730065081,-4.527000000000001,0.6134166666666665,0.034079812438145986,0.698,0.08458333333333345,2472.3224666667043,196.33602444363405,2899.4,56.63536666666667,27.620016666666665,33.51065102777729,68.13047224527648,20,73,1,90,0
47.65929011110963,65.41085794721434,190.89,0.0,190.89,-139.64,143.23070988889037,8.06793916666665,2.654837061601399,20.209,0.0,0.0,20.209,44.79972916666666,49.207,39.656,3.4342312894989124,-4.535000000000004,0.6066166666666668,0.02697399354347845,0.662,0.05538333333333323,2470.8763000000226,197.33240037480655,2901.6,56.806983333333356,27.341116666666665,33.50898614814764,68.09266900235922,20,73,1,90,0
47.66227558333192,65.42065603405712,190.87,0.0,190.87,-139.79999999999998,143.2077244166681,8.062712499999984,2.664098643912702,20.479,0.0,0.0,20.479,44.81039166666673,49.219,39.598,3.4437237077998115,-4.547000000000004,0.6073333333333334,0.024395516861461533,0.65,0.04266666666666663,2470.549500000039,197.1541217788063,2899.8,56.68886666666667,27.400533333333335,33.51179324999955,68.10915019483127,20,73,1,90,0
47.67736358333146,65.4274347029792,190.85,0.0,190.85,-139.839,143.17263641666852,8.061965833333307,2.6666478526996955,20.479,0.0,0.0,20.479,44.777825,49.215,39.52,3.47314594267522,-4.6129999999999995,0.6052333333333332,0.02284907494820526,0.654,0.04876666666666685,2470.474533333323,197.16049088997744,2901.4,56.65823333333335,27.799400000000002,33.505718138888255,68.1169316306271,20,73,1,90,0
47.67104794444279,65.42157336681903,190.87,0.0,190.87,-139.72799999999998,143.1989520555572,8.06579833333331,2.6669397732467943,20.479,0.0,0.0,20.479,44.767929166666626,49.207,39.512,3.4669624652637094,-4.628999999999998,0.6057500000000001,0.028956205973966632,0.666,0.060249999999999915,2470.077933333342,197.18795430066828,2901.6,56.71049999999998,27.778583333333337,33.50159181481424,68.1174693460398,20,73,1,90,0
47.677176388886984,65.42718667988119,190.84,0.0,190.84,-139.67,143.16282361111303,8.068384166666652,2.6665915110533254,20.479,0.0,0.0,20.479,44.75258333333337,49.219,39.492,3.4811784653577944,-4.428999999999995,0.6107833333333337,0.02185165057308858,0.648,0.03721666666666634,2469.7066333333682,197.5818264897493,2899.6,56.81613333333333,27.966533333333338,33.49938129629567,68.1156298415076,20,73,1,90,0
47.66977286110897,65.42426120025381,190.88,0.0,190.88,-139.73499999999999,143.210227138891,8.070394166666636,2.6621522049715094,20.479,0.0,0.0,20.479,44.77245833333335,49.176,39.578,3.4362914021903155,-4.546999999999997,0.6138333333333335,0.029897092805021893,0.678,0.0641666666666666,2467.920333333343,197.33565378122736,2897.4,56.86330000000001,27.547533333333327,33.50420845370298,68.11631049803033,20,73,1,90,0
47.678542305554124,65.4315317573912,190.88,0.0,190.88,-139.70600000000002,143.20145769444588,8.069970833333302,2.6664612957095843,20.479,0.0,0.0,20.479,44.76719999999998,49.191,39.578,3.4525917997302917,-4.448999999999998,0.6171166666666668,0.02648830356947575,0.672,0.054883333333333284,2467.496766666712,197.2397018846497,2897.6,56.87630000000001,27.722516666666664,33.50523771296247,68.12448135667026,20,73,1,90,0
47.696916333331366,65.3992753252059,190.88,0.0,190.88,-139.66199999999998,143.18308366666864,8.086178333333319,2.652056754808016,19.439,0.0,0.0,19.439,44.76517499999997,49.203,39.582,3.450723373712075,-4.530999999999999,0.6046166666666667,0.03095053005579168,0.669,0.06438333333333335,2468.276300000067,196.37138665946154,2897.6,57.53226666666667,27.57686666666667,33.51608988888822,68.08228261006971,20,80,1,90,0
47.69648255555405,65.40472553532,190.82,0.0,190.82,-139.71800000000002,143.12351744444595,8.082504166666647,2.6496897387069325,19.516,0.0,0.0,19.516,44.78552500000001,49.207,39.664,3.4383142555436197,-4.448999999999998,0.5955833333333332,0.039321056448498294,0.685,0.08941666666666681,2467.323566666695,196.50167496145167,2896.4,57.562283333333326,27.386066666666654,33.5215039074069,68.09373633047542,20,80,1,90,0
47.70464474999838,65.41490611870005,190.89,0.0,190.89,-139.756,143.1853552500016,8.07690916666664,2.644074744649891,20.381,0.0,0.0,20.381,44.7688958333333,49.215,39.578,3.4645660009412382,-4.511000000000003,0.5973833333333333,0.03131907507058336,0.651,0.05361666666666676,2467.53036666668,196.33958178734184,2897.6,57.307366666666674,27.60158333333333,33.516816583332776,68.09029993842051,20,80,1,90,0
47.68960199999808,65.39671124342375,190.84,0.0,190.84,-139.711,143.15039800000193,8.080584999999985,2.6443707528144165,19.887,0.0,0.0,19.887,44.78238333333336,49.215,39.578,3.4523355800158297,-4.534999999999997,0.619733333333333,0.026484960021578925,0.674,0.05426666666666702,2467.809466666708,196.62224564282943,2897.8,57.47438333333333,27.49043333333332,33.51752344444381,68.06756695625974,20,80,1,90,0
47.705025194442506,65.41532228804871,190.87,0.0,190.87,-139.804,143.1649748055575,8.074668333333316,2.6443805829002573,20.346,0.0,0.0,20.346,44.778916666666674,49.207,39.57,3.465735777346875,-4.523000000000003,0.6135499999999999,0.030552774569559255,0.685,0.07145000000000012,2469.2070000000385,196.55921748588415,2899.6,57.19058333333335,27.635100000000005,33.519536731480834,68.09025564551852,20,80,1,90,0
47.696530111109425,65.40609029743402,190.92,0.0,190.92,-139.786,143.22346988889058,8.074244999999989,2.641994800729347,20.232,0.0,0.0,20.232,44.764924999999984,49.215,39.586,3.452791877839387,-4.527000000000001,0.6178833333333336,0.029583029758926245,0.682,0.06411666666666649,2466.9029666667166,196.8863345926369,2899.6,57.29709999999999,27.47814999999999,33.51190003703647,68.0776681279223,20,80,1,90,0
47.69750408333204,65.4094343366497,190.88,0.0,190.88,-139.74099999999999,143.18249591666796,8.08041583333331,2.648440059772509,19.751,0.0,0.0,19.751,44.76936250000005,49.203,39.605,3.4450893348283,-4.452999999999996,0.6131666666666667,0.026909242736144947,0.67,0.05683333333333329,2467.8274000000247,196.44913078471743,2897.6,57.44216666666667,27.425599999999985,33.51576080555514,68.08478363915835,20,80,1,90,0
47.70293205555351,65.41505377029256,190.84,0.0,190.84,-139.704,143.1370679444465,8.080746666666645,2.6429451627745544,19.891,0.0,0.0,19.891,44.802483333333335,49.203,39.66,3.4208870524562025,-4.465000000000003,0.6144499999999999,0.025916701636759545,0.677,0.0625500000000001,2469.0279666667006,196.57612204900556,2900.4,57.390333333333366,27.169566666666658,33.5287206851845,68.08391563470387,20,80,1,90,0
47.6867463888873,65.38929699689696,190.78,0.0,190.78,-139.852,143.0932536111127,8.082370833333304,2.652607397446293,19.307,0.0,0.0,19.307,44.79116666666669,49.215,39.594,3.4408453126855103,-4.534999999999997,0.6121333333333333,0.026207429834515912,0.673,0.060866666666666736,2467.2269333333866,196.99411412889756,2899.6,57.503366666666686,27.381083333333326,33.52009462962909,68.06811182417776,20,80,1,90,0
47.703391694442416,65.40498859334318,190.79,0.0,190.79,-139.62400000000002,143.08660830555758,8.081929166666653,2.6445653841179717,19.816,0.0,0.0,19.816,44.78054583333332,49.23,39.57,3.462232614327753,-4.523000000000003,0.6153166666666668,0.03160802926669576,0.688,0.0726833333333331,2471.161466666692,196.25486644654077,2900.6,57.37576666666666,27.553649999999998,33.52195556481413,68.08116200672784,20,80,1,90,0
47.7314284166642,65.40265863083292,190.84,0.0,190.84,-139.791,143.1085715833358,8.087358333333311,2.6343443643765188,20.018,0.0,0.0,20.018,44.78108750000003,49.203,39.57,3.4496591725180124,-4.440999999999995,0.6155,0.030129382021822998,0.682,0.0665,2471.2787000000394,195.6398495146026,2901.6,57.63020000000001,27.406900000000004,33.53329141666585,68.06713237723126,20,90,1,90,0
47.72555933333181,65.39890698869867,190.85,0.0,190.85,-139.69299999999998,143.1244406666682,8.084893333333314,2.6326715005193733,19.933,0.0,0.0,19.933,44.78477500000004,49.207,39.527,3.4571436754462237,-4.555,0.6094166666666667,0.021194252232235433,0.653,0.04358333333333331,2468.631333333317,195.08313777292346,2898.4,57.62745,27.73283333333333,33.53174255555505,68.05277274145028,20,90,1,90,0
47.72220469444239,65.39258361902513,190.89,0.0,190.89,-139.76,143.1677953055576,8.090112499999977,2.6412029725983706,19.529,0.0,0.0,19.529,44.80027500000001,49.223,39.578,3.4390061118045847,-4.453000000000003,0.6170833333333335,0.02516271903786497,0.687,0.06991666666666652,2470.2072333333563,195.29495272733584,2899.4,57.735383333333324,27.428783333333328,33.53753073148079,68.05894931066136,20,90,1,90,0
47.71978402777593,65.38624649451316,190.84,0.0,190.84,-139.69,143.12021597222406,8.091994166666655,2.6428992822869546,19.529,0.0,0.0,19.529,44.815854166666696,49.203,39.648,3.420670414296906,-4.469000000000001,0.6145000000000002,0.027524103458358855,0.661,0.046499999999999875,2470.551400000036,195.70510754591953,2898.8,57.70570000000001,27.407400000000003,33.54254412036976,68.05666988025847,20,90,1,90,0
47.72584530555371,65.38781556395905,190.87,0.0,190.87,-139.593,143.14415469444629,8.090079166666635,2.6373005402650596,19.841,0.0,0.0,19.841,44.831891666666664,49.25,39.672,3.415118276395602,-4.523000000000003,0.6093500000000003,0.028946370634007942,0.679,0.06964999999999977,2471.1910000000516,195.45531072024656,2899.6,57.62664999999998,27.223616666666672,33.54927204629567,68.05406247485811,20,90,1,90,0
47.71946902777596,65.3909841559192,190.84,0.0,190.84,-139.758,143.12053097222406,8.092823333333303,2.640201531555545,19.533,0.0,0.0,19.533,44.8461708333333,49.285,39.66,3.4299639982471053,-4.378999999999998,0.6193500000000004,0.02737363880990097,0.673,0.05364999999999964,2471.545000000042,195.36404974727466,2899.6,57.74283333333334,27.36494999999999,33.55282106481419,68.05855932628465,20,90,1,90,0
47.71236230555428,65.38224508397812,190.9,0.0,190.9,-139.74699999999999,143.18763769444573,8.096529166666642,2.642337450721528,19.508,0.0,0.0,19.508,44.863516666666605,49.27,39.742,3.408748144999723,-4.410000000000004,0.6162166666666669,0.02795461919725036,0.673,0.056783333333333186,2470.3201000000195,196.42391507924685,2901.6,57.78573333333333,27.209633333333326,33.557469379629175,68.05253715389689,20,90,1,90,0
47.71776530555406,65.39543947380768,190.84,0.0,190.84,-139.799,143.12223469444595,8.089403333333301,2.635511899637937,19.868,0.0,0.0,19.868,44.870712499999954,49.297,39.738,3.4205292986156817,-4.394999999999996,0.6110333333333334,0.028591788952079013,0.68,0.06896666666666662,2467.647233333365,195.61332815370935,2899.6,57.70598333333335,27.334849999999992,33.559293712962436,68.0595431623977,20,90,1,90,0
47.71394327777604,65.38601207725794,190.88,0.0,190.88,-139.795,143.16605672222397,8.092258333333305,2.639134625764282,19.514,0.0,0.0,19.514,44.8725375,49.309,39.738,3.429914425944059,-4.472999999999999,0.6071500000000001,0.025168466280551447,0.659,0.05184999999999995,2466.909666666694,195.5214332625277,2897.8,57.83951666666663,27.442616666666662,33.559579703703115,68.05031516930278,20,90,1,90,0
47.71454683333196,65.38590355622043,190.88,0.0,190.88,-139.72199999999998,143.16545316666804,8.093651666666645,2.64127378954865,19.459,0.0,0.0,19.459,44.881483333333264,49.301,39.73,3.4253967182715246,-4.496000000000002,0.6136166666666668,0.025820824381715887,0.663,0.049383333333333224,2467.659400000021,195.3866736082,2897.8,57.79423333333333,27.396533333333327,33.56322727777729,68.05299817015079,20,90,1,90,0
47.737864333332205,65.37393541118291,190.94,0.0,190.94,-139.645,143.2021356666678,8.087698333333316,2.6328364055924047,20.479,0.0,0.0,20.479,44.89342499999991,49.289,39.738,3.4347615014375195,-4.457000000000001,0.6092333333333336,0.03250103866223809,0.692,0.08276666666666632,2467.757333333386,194.8261719219636,2899.6,57.71258333333336,27.5883,33.57299588888848,68.03927285543755,20,100,1,90,0
47.75509241666524,65.36242652061831,190.92,0.0,190.92,-139.71800000000002,143.16490758333475,8.087411666666645,2.6308985147080075,20.479,0.0,0.0,20.479,44.89094999999994,49.297,39.73,3.438332407787751,-4.4879999999999995,0.6064000000000003,0.026714561508850754,0.654,0.047599999999999754,2467.70536666669,195.31138337010609,2899.4,57.73043333333333,27.55386666666666,33.577818027777276,68.02003959683518,20,100,1,90,0
47.75503847222046,65.3675937817353,190.87,0.0,190.87,-139.808,143.11496152777954,8.087439166666636,2.6364751064862926,20.479,0.0,0.0,20.479,44.86678749999999,49.301,39.691,3.4475020926033078,-4.481000000000002,0.6103500000000001,0.02703909598829828,0.674,0.06364999999999998,2467.835233333361,195.0807460382957,2897.4,57.70444999999999,27.558133333333334,33.56975504629569,68.03110798420988,20,100,1,90,0
47.73336224999848,65.38767192087897,190.8,0.0,190.8,-139.802,143.06663775000152,8.088099999999978,2.635178065051539,20.479,0.0,0.0,20.479,44.88897916666659,49.301,39.738,3.437934872543207,-4.378999999999998,0.60775,0.03293940250350843,0.679,0.07125000000000004,2469.151566666699,194.93297262952186,2899.6,57.690850000000005,27.502233333333336,33.57014713888835,68.05578938843401,20,100,1,90,0
47.726848749998894,65.37758989023034,190.89,0.0,190.89,-139.89999999999998,143.16315125000108,8.085477499999984,2.6350018827182438,20.479,0.0,0.0,20.479,44.89509999999989,49.301,39.805,3.419387756008585,-4.382999999999996,0.6003,0.0223419495985558,0.652,0.05170000000000008,2466.527766666736,195.9230951646131,2899.6,57.71249999999999,27.272183333333327,33.56914208333293,68.03493372254714,20,100,1,90,0
47.734765527776545,65.39081463145604,190.85,0.0,190.85,-139.82,143.11523447222345,8.086840833333326,2.6377626349992407,20.479,0.0,0.0,20.479,44.9046958333332,49.301,39.809,3.419375563143594,-4.366999999999997,0.6044999999999999,0.0294108823397055,0.659,0.054500000000000104,2465.9315333333466,194.72113630986027,2897.4,57.72716666666666,27.27975,33.57543406481435,68.05798814879498,20,100,1,90,0
47.720997888887446,65.37302645697866,190.82,0.0,190.82,-139.72,143.09900211111255,8.086544166666647,2.630065837256974,20.479,0.0,0.0,20.479,44.9130999999999,49.309,39.754,3.426022065746086,-4.457000000000001,0.6018333333333332,0.019844451614670695,0.651,0.0491666666666668,2465.4044000000163,195.07230849498754,2898.4,57.7646,27.26213333333332,33.57354735185133,68.02293674585032,20,100,1,90,0
47.746157027776256,65.36330734344304,190.82,0.0,190.82,-139.658,143.07384297222373,8.087747499999981,2.629004941905629,20.239,0.0,0.0,20.239,44.91149999999989,49.301,39.805,3.424124098365038,-4.457000000000001,0.6144166666666667,0.025083786151289384,0.668,0.053583333333333316,2465.2180666666854,195.05219029724375,2897.4,57.79688333333334,27.266500000000004,33.58180150925871,68.01739607149996,20,100,1,90,0
47.72146644444251,65.36992200761559,190.87,0.0,190.87,-139.736,143.1485335555575,8.089819999999984,2.6231250885712467,20.144,0.0,0.0,20.144,44.92012499999991,49.301,39.809,3.4256600843630607,-4.4680000000000035,0.6124166666666668,0.03232058255194632,0.684,0.07158333333333322,2467.6259666666997,194.59243115147737,2895.8,57.78065000000002,27.306583333333325,33.57713714814747,68.02536767873877,20,100,1,90,0
47.72692244444346,65.37742452861296,190.85,0.0,190.85,-139.779,143.12307755555653,8.087418333333297,2.6291599545709436,20.347,0.0,0.0,20.347,44.91972083333322,49.297,39.809,3.424560804565553,-4.452999999999996,0.6205666666666667,0.031953019892116456,0.7,0.07943333333333324,2467.4521000000304,195.12879420178982,2899.8,57.72491666666667,27.335166666666666,33.57802053703666,68.03853750307601,20,100,1,90,0
47.84227963888741,65.54100292891142,191.16,0.0,191.16,-139.70700000000002,143.31772036111258,8.186359999999976,2.617209998365872,20.479,0.0,0.0,20.479,44.94749583333327,49.34,39.805,3.421894771066222,-4.382999999999996,0.6144666666666667,0.03115704706676974,0.691,0.07653333333333323,2458.110666666728,195.45409828647337,2893.6,59.86451666666665,27.32656666666667,33.65871182407355,68.18936997434406,20,100,0,90,1
47.767537999998005,65.5808296182546,191.15,0.0,191.15,-140.2,143.382462000002,8.166517499999987,2.6499268373352827,20.479,0.0,0.0,20.479,44.96989166666662,49.371,39.828,3.4239423955381807,-4.375,0.6131500000000002,0.030240743085659834,0.683,0.06984999999999986,2459.628566666716,197.5613454216513,2889.4,58.862533333333324,27.4679,33.63464905555487,68.26099719867554,20,73,0,90,0
47.774040972220256,65.56552770019199,191.14,0.0,191.14,-140.314,143.36595902777972,8.166535833333326,2.646495682321516,20.479,0.0,0.0,20.479,45.0093083333333,49.437,39.844,3.424332564344085,-4.527000000000001,0.6123833333333334,0.026836031727326192,0.673,0.06061666666666665,2457.473233333346,197.1091283315518,2885.6,58.975600000000014,27.376166666666656,33.649961712962295,68.23885941424084,20,73,0,90,0
47.76520688888692,65.57758355208263,191.16,0.0,191.16,-140.17600000000002,143.39479311111307,8.167120833333316,2.649917752430223,20.479,0.0,0.0,20.479,45.028991666666656,49.508,39.809,3.4578700472297386,-4.535000000000004,0.6122666666666665,0.025997305379705238,0.673,0.06073333333333353,2457.2144333333576,196.94168183166812,2887.4,58.96959999999999,27.524983333333335,33.653773129628966,68.25349860989256,20,73,0,90,0
47.77018911110931,65.57580001796744,191.14,0.0,191.14,-140.298,143.36981088889067,8.166511666666663,2.6492435129403016,20.479,0.0,0.0,20.479,45.03801666666661,49.535,39.82,3.4790002146370886,-4.604999999999997,0.6154833333333335,0.03194831189231073,0.687,0.07151666666666656,2459.263500000033,196.6319766724757,2887.4,58.95396666666666,27.68458333333334,33.65823914814752,68.25699184280005,20,73,0,90,0
47.76093208333196,65.57649975925777,191.14,0.0,191.14,-140.019,143.37906791666802,8.16636749999997,2.6434950761492075,20.479,0.0,0.0,20.479,45.078666666666685,49.547,39.816,3.44929470162136,-4.445,0.6085,0.029097440041164345,0.682,0.07350000000000001,2459.4012666667054,197.24914246310246,2889.4,58.98328333333335,27.405849999999997,33.668655416666205,68.24909227544815,20,73,0,90,0
47.74978955555444,65.5612381053202,191.15,0.0,191.15,-140.129,143.40021044444558,8.16840333333332,2.6431479697475395,20.479,0.0,0.0,20.479,45.10647083333338,49.543,39.91,3.448390863469932,-4.457000000000001,0.6119000000000001,0.02420442598551217,0.668,0.05609999999999993,2458.7700000000495,197.252861378199,2887.4,59.00361666666672,27.315800000000003,33.67488790740705,68.22859050105326,20,73,0,90,0
47.749419972221105,65.56187960275021,191.14,0.0,191.14,-140.14700000000002,143.39058002777887,8.16892999999998,2.645678969144432,20.479,0.0,0.0,20.479,45.13493749999993,49.547,39.98,3.42842423034116,-4.359999999999999,0.6079333333333332,0.029246970966827737,0.67,0.062066666666666825,2457.3932666667165,197.6547279135344,2889.4,58.98083333333334,27.116499999999995,33.684429157407,68.23680554286146,20,73,0,90,0
47.75587230555427,65.56799662535397,191.11,0.0,191.11,-140.071,143.35412769444574,8.168351666666634,2.6415258902487784,20.479,0.0,0.0,20.479,45.148895833333334,49.555,39.988,3.4504750703144094,-4.542999999999999,0.6066666666666668,0.02786387410655579,0.664,0.057333333333333236,2457.5970666666904,196.36664647550737,2883.6,59.03583333333333,27.39751666666667,33.69103993518474,68.2373863897093,20,73,0,90,0
47.76482555555395,65.57367379680908,191.09,0.0,191.09,-140.064,143.32517444444605,8.164436666666653,2.651820613552308,20.479,0.0,0.0,20.479,45.162545833333326,49.562,39.969,3.450820895301146,-4.617000000000004,0.6016166666666668,0.030111145336010208,0.67,0.06838333333333324,2458.5735000000113,196.5763760383041,2886.4,58.87848333333336,27.357316666666676,33.69726935185131,68.25560555569739,20,73,0,90,0
47.75010363888743,65.56483650189624,191.16,0.0,191.16,-140.10899999999998,143.40989636111257,8.161349999999986,2.6504454424434916,20.479,0.0,0.0,20.479,45.17949166666666,49.629,39.98,3.4705242342017018,-4.621000000000002,0.6096833333333334,0.025652496271742303,0.662,0.05231666666666668,2457.4006666667024,197.4870821197079,2887.4,58.910366666666654,27.550700000000006,33.69698176851802,68.24093444061148,20,73,0,90,0
47.763784111109956,65.53174232366922,191.09,0.0,191.09,-139.916,143.32621588889003,8.175660833333326,2.635504569542495,19.346,0.0,0.0,19.346,45.1851375,49.621,39.977,3.4747210263760984,-4.629000000000005,0.6189833333333332,0.023852293828979132,0.672,0.05301666666666682,2453.3123666666834,196.80626949282933,2883.6,59.76695000000002,27.567000000000007,33.70819414814776,68.19109918704069,20,80,0,90,0
47.78071827777647,65.55088690815353,191.13,0.0,191.13,-140.18,143.3492817222235,8.167863333333319,2.624145435319909,20.249,0.0,0.0,20.249,45.19562499999999,49.625,39.977,3.461758500728209,-4.550999999999995,0.61875,0.026182945024757872,0.68,0.06125000000000003,2453.683633333365,196.89166953866072,2883.6,59.4792,27.480150000000002,33.714735537036596,68.20121528849819,20,80,0,90,0
47.77540466666456,65.55263966453768,191.12,0.0,191.12,-140.15200000000002,143.34459533333543,8.16264999999998,2.6316639812594897,20.479,0.0,0.0,20.479,45.226633333333325,49.641,39.988,3.454347766599085,-4.551000000000002,0.6142666666666667,0.024938477973120578,0.684,0.06973333333333331,2452.3017000000295,197.05117569999624,2881.6,59.38061666666669,27.42293333333333,33.72156266666595,68.2092421237703,20,80,0,90,0
47.83539563888705,65.50822341243598,191.14,0.0,191.14,-140.143,143.30460436111292,8.179284166666646,2.627773664233916,20.011,0.0,0.0,20.011,45.210441666666675,49.668,39.902,3.4899393115434867,-4.714999999999996,0.7029333333333334,0.09800862408727218,0.888,0.1850666666666666,2466.6719000000157,195.71875405499122,2897.4,59.33896666666668,27.533983333333328,33.741707157406786,68.23400570075717,20,80,0,90,0
47.79004247222031,65.54550970435912,191.11,0.0,191.11,-140.125,143.3199575277797,8.181555833333327,2.6302634621109857,19.843,0.0,0.0,19.843,45.16914166666665,49.691,39.816,3.5261334538922795,-4.628999999999998,0.6061666666666669,0.02973964235971269,0.673,0.06683333333333319,2467.0323666666973,195.84717253911057,2895.6,59.382666666666644,27.65694999999999,33.713579990740094,68.20551280882982,20,80,0,90,0
47.780396666664636,65.53924356528917,191.14,0.0,191.14,-140.189,143.35960333333534,8.187654166666661,2.6382657668336496,19.444,0.0,0.0,19.444,45.176516666666686,49.629,39.98,3.4854380597480574,-4.4609999999999985,0.6070333333333334,0.034018423057876064,0.683,0.07596666666666663,2466.6874999999945,195.73106683790454,2893.6,59.4743,27.40286666666668,33.714855833332656,68.2115277551807,20,80,0,90,0
47.79288458333189,65.54950929638402,191.11,0.0,191.11,-140.155,143.31711541666812,8.18070083333331,2.6314103249489325,20.425,0.0,0.0,20.425,45.18175416666667,49.637,39.988,3.479344126439891,-4.5190000000000055,0.60165,0.030466889502084135,0.682,0.08035000000000003,2466.294933333329,195.62048472319074,2897.6,59.19363333333334,27.449116666666672,33.718446527777296,68.21138651083503,20,80,0,90,0
47.794978361109315,65.55678722226357,191.12,0.0,191.12,-140.06900000000002,143.3250216388907,8.181404999999984,2.636276372443069,20.479,0.0,0.0,20.479,45.187325000000016,49.629,39.969,3.4778346956236548,-4.527000000000001,0.5982333333333333,0.03627968879702582,0.687,0.08876666666666677,2467.0807333333646,195.32992962087633,2895.6,59.12131666666668,27.506050000000005,33.721236120369774,68.22934328350365,20,80,0,90,0
47.792961194442476,65.55256635450465,191.13,0.0,191.13,-140.088,143.3370388055575,8.185351666666637,2.6350392247733176,20.479,0.0,0.0,20.479,45.19450000000002,49.668,39.977,3.4838320062395,-4.6129999999999995,0.5988666666666664,0.032984570952249104,0.673,0.0741333333333336,2468.3688333333375,195.42443329027898,2894.4,59.161983333333346,27.637200000000004,33.72427095370305,68.22059015023022,20,80,0,90,0
47.78256641666453,65.53380895696756,191.12,0.0,191.12,-139.94400000000002,143.33743358333547,8.192315833333312,2.6326289136362155,19.839,0.0,0.0,19.839,45.2199875,49.707,39.98,3.4823970132657323,-4.522999999999996,0.60325,0.030455649889133747,0.669,0.06575000000000009,2467.7839000000217,195.49528161819958,2895.6,59.41706666666667,27.620933333333333,33.73162324999928,68.1968935204929,20,80,0,90,0
47.820790583331444,65.54037578697037,191.13,0.0,191.13,-139.996,143.30920941666855,8.197093333333315,2.625149109001741,20.479,0.0,0.0,20.479,45.234879166666595,49.703,39.98,3.475282136883984,-4.554000000000002,0.60695,0.03686872037883716,0.692,0.08504999999999996,2469.3093333333723,195.12374980811214,2901.0,59.49913333333332,27.634716666666673,33.75092102777712,68.20239361635095,20,90,0,90,0
47.80886916666478,65.52557076249309,191.15,0.0,191.15,-140.118,143.34113083333523,8.198053333333318,2.6197070700938694,20.356,0.0,0.0,20.356,45.23714583333331,49.73,39.977,3.4817893105286304,-4.550000000000004,0.5997833333333333,0.03687592189788902,0.698,0.09821666666666662,2470.623600000036,194.77192256588216,2897.6,59.58289999999999,27.565449999999995,33.74802277777713,68.18215375448484,20,90,0,90,0
47.81328099999767,65.53032026414256,191.13,0.0,191.13,-139.97299999999998,143.3167190000023,8.195904999999973,2.6210009680216273,20.324,0.0,0.0,20.324,45.23378750000002,49.719,39.98,3.491837687497281,-4.616999999999997,0.5949000000000001,0.03714136987150856,0.67,0.07509999999999994,2470.21096666671,194.86762624499386,2897.6,59.53666666666668,27.630916666666668,33.74765783333256,68.1884626020357,20,90,0,90,0
47.81196408333166,65.52822362953289,191.2,0.0,191.2,-140.218,143.38803591666834,8.194657499999975,2.6222721908800715,20.416,0.0,0.0,20.416,45.26419583333329,49.723,39.98,3.4748906317913715,-4.476999999999997,0.5943500000000003,0.030590695937917176,0.658,0.06364999999999976,2469.1268333333787,195.07454096505694,2901.0,59.521616666666674,27.644450000000006,33.756939138888306,68.18108651635087,20,90,0,90,0
47.8135671388875,65.51516945981015,191.16,0.0,191.16,-140.18099999999998,143.3464328611125,8.197248333333325,2.624926518213206,19.844,0.0,0.0,19.844,45.27944583333335,49.73,40.086,3.4585060051774774,-4.503999999999998,0.5975166666666664,0.03304208496041184,0.672,0.07448333333333368,2468.3448000000594,195.04644750864077,2895.4,59.697133333333326,27.618883333333333,33.76342043518472,68.17313806298377,20,90,0,90,0
47.8063594999988,65.5272334020335,191.35,0.0,191.35,-140.084,143.5436405000012,8.192617499999976,2.6205477875403713,20.347,0.0,0.0,20.347,45.30105416666666,49.73,40.141,3.4528468408947894,-4.476000000000006,0.5968499999999999,0.03191239332074027,0.673,0.07615000000000016,2468.4645666666943,194.7888120795548,2896.4,59.52191666666667,27.630033333333326,33.76667705555514,68.17969358289461,20,90,0,90,0
47.80855461110907,65.52219253672578,191.06,0.0,191.06,-140.252,143.25144538889094,8.195204166666644,2.6212803703150755,20.153,0.0,0.0,20.153,45.32251666666671,49.773,40.102,3.4515138282837614,-4.484000000000002,0.5952666666666667,0.033059200451058667,0.678,0.08273333333333333,2468.469266666695,194.42567467447378,2895.6,59.58541666666667,27.646283333333326,33.77542514814747,68.17653210749192,20,90,0,90,0
47.79843722222045,65.52201791579002,191.11,0.0,191.11,-140.04,143.31156277777956,8.190799166666636,2.6195417317862644,20.229,0.0,0.0,20.229,45.34717083333335,49.801,40.16,3.458447933505603,-4.461000000000006,0.5929166666666669,0.03211805114012288,0.673,0.08008333333333317,2469.1403666666747,194.799233402208,2896.4,59.49598333333332,27.733150000000006,33.77880240740681,68.1736776987164,20,90,0,90,0
47.80362891666499,65.52708387383221,191.11,0.0,191.11,-140.1,143.30637108333502,8.199694999999977,2.6259928800004726,19.844,0.0,0.0,19.844,45.36315833333333,49.805,40.152,3.45564972727086,-4.461000000000006,0.5996000000000001,0.03285623538066757,0.69,0.09039999999999981,2470.4134333333545,193.8873696373654,2896.6,59.631233333333356,27.72608333333334,33.7888274166661,68.18593298921334,20,90,0,90,0
47.79203244444267,65.51791265167199,191.12,0.0,191.12,-140.129,143.32796755555734,8.191298333333318,2.6188635428770874,20.245,0.0,0.0,20.245,45.37889166666666,49.805,40.164,3.4581791622068825,-4.5390000000000015,0.5941333333333333,0.034811583240117315,0.678,0.08386666666666676,2468.6076000000603,195.48122842705695,2897.4,59.54188333333332,27.701716666666655,33.787407481480884,68.1715877777892,20,90,0,90,0
47.8219095277766,65.52376364859694,191.11,0.0,191.11,-140.254,143.28809047222342,8.192703333333306,2.623493394308539,20.479,0.0,0.0,20.479,45.38725833333338,49.812,40.152,3.468598946642568,-4.543000000000006,0.6015666666666668,0.0366690959647229,0.704,0.10243333333333315,2466.208600000007,194.1224098115375,2892.8,59.700849999999996,27.780016666666654,33.800623731481096,68.1839261388702,20,100,0,90,0
47.80261855555386,65.50577607303185,191.13,0.0,191.13,-140.15,143.32738144444613,8.190909166666657,2.618976552217843,20.479,0.0,0.0,20.479,45.39862916666664,49.805,40.23,3.4613995863258658,-4.528000000000006,0.5967833333333333,0.030749998851683415,0.659,0.0622166666666667,2465.490000000028,194.5987999333224,2891.6,59.66863333333335,27.599283333333336,33.797385629629055,68.15550262410139,20,100,0,90,0
47.80581911111009,65.51279892919729,191.09,0.0,191.09,-140.131,143.28418088888992,8.192636666666653,2.6178686894211163,20.479,0.0,0.0,20.479,45.40782499999997,49.816,40.227,3.4522930846712043,-4.528000000000006,0.5918833333333332,0.03490184379893091,0.671,0.07911666666666684,2462.7148333333685,194.91108463893156,2894.4,59.766916666666674,27.52978333333334,33.802093592592236,68.16556946241734,20,100,0,90,0
47.79765524999841,65.50547885314124,191.13,0.0,191.13,-140.191,143.3323447500016,8.191257499999972,2.6163620729187294,20.479,0.0,0.0,20.479,45.42095416666662,49.812,40.227,3.4513775689445407,-4.532000000000004,0.6005333333333334,0.03388738411650991,0.687,0.08646666666666669,2460.0747333333643,194.36896732118825,2889.6,59.862350000000006,27.516449999999995,33.803288972221665,68.15572831017649,20,100,0,90,0
47.79854063888733,65.50452446214807,191.09,0.0,191.09,-139.911,143.2914593611127,8.190562499999988,2.6124459667844278,20.479,0.0,0.0,20.479,45.44117916666667,49.855,40.258,3.445587397800576,-4.535000000000004,0.6018333333333336,0.03794204620281434,0.692,0.0901666666666664,2460.047966666686,194.6585616024455,2889.8,59.87824999999998,27.519183333333338,33.81009410185133,68.1549124751353,20,100,0,90,0
47.80257786110964,65.51353930251655,191.11,0.0,191.11,-140.025,143.3074221388904,8.191597499999984,2.6110876637556486,20.479,0.0,0.0,20.479,45.440516666666674,49.883,40.23,3.456418790204327,-4.621000000000002,0.6067166666666669,0.030549815759474797,0.676,0.06928333333333314,2457.961566666696,194.90160962851192,2887.6,59.97011666666667,27.68784999999999,33.81156400925877,68.15517678203167,20,100,0,90,0
47.80571444444329,65.5131921228882,191.14,0.0,191.14,-140.256,143.3342855555567,8.191630833333315,2.6234562928160696,20.479,0.0,0.0,20.479,45.45782916666665,49.883,40.23,3.466641242796652,-4.515999999999998,0.5998166666666668,0.03745573281760691,0.685,0.08518333333333328,2457.795600000024,194.1031082614241,2883.8,59.90409999999998,27.95795,33.818391481481086,68.17410414852188,20,100,0,90,0
47.80140411110939,65.50300519311908,191.12,0.0,191.12,-140.054,143.31859588889063,8.190752499999984,2.6245271892380204,20.479,0.0,0.0,20.479,45.46970416666664,49.887,40.23,3.4780518064260346,-4.503999999999998,0.5934500000000001,0.030938662664336796,0.665,0.07154999999999989,2458.932800000028,194.18313792054337,2884.6,59.83905000000001,28.078616666666658,33.820620259258675,68.15847104502144,20,100,0,90,0
47.802624888887344,65.50832729975933,191.11,0.0,191.11,-140.036,143.30737511111266,8.19198166666665,2.6240113724473133,20.479,0.0,0.0,20.479,45.501554166666715,49.898,40.23,3.4488816035122647,-4.440999999999995,0.6003999999999998,0.03553236767431034,0.678,0.07760000000000022,2460.092333333368,193.7268151660338,2891.0,59.79683333333335,27.961266666666656,33.83205357407357,68.16787103988095,20,100,0,90,0
47.79736116666548,65.50491418049529,191.2,0.0,191.2,-139.945,143.4026388333345,8.194391666666645,2.6122857661507703,20.479,0.0,0.0,20.479,45.50992083333333,49.926,40.266,3.4517409575543008,-4.421999999999997,0.5955999999999999,0.03454900719709736,0.674,0.07840000000000014,2460.6672666667077,194.12394497553456,2887.6,59.89453333333332,27.910983333333327,33.833891222221816,68.15174895384317,20,100,0,90,0
47.83576061110935,65.50819455434367,191.16,0.0,191.16,-139.971,143.32423938889065,8.135174999999998,2.592386373330988,20.479,0.0,0.0,20.479,44.969845833333345,49.859,36.422,4.2569791110440525,-8.433,0.6151833333333332,0.03189734151117028,0.696,0.08081666666666676,2465.298933333357,194.49556137033312,2895.0,59.68623333333333,35.70876666666667,33.64692714814756,68.13247826918582,100,100,0,90,1
48.178858722220625,65.45351136163212,191.22,0.0,191.22,-140.209,143.0411412777794,8.110520833333336,2.5734573126469353,20.479,0.0,0.0,20.479,43.71750416666667,49.609,35.348,5.017040177459413,-8.843000000000004,0.6134666666666665,0.03182231743612729,0.705,0.09153333333333347,2476.709400000021,191.72966564694204,2897.8,59.564499999999995,44.61436666666668,33.33562790740688,68.05879099171518,100,100,0,90,1
48.38342336110967,65.47721094030118,191.27,0.0,191.27,-140.33700000000002,142.88657663889035,8.130730000000002,2.5764947865114665,20.39,0.0,0.0,20.39,42.697933333333346,48.562,34.586,5.0330605655629475,-7.780999999999999,0.6112500000000001,0.026873605600404703,0.682,0.07074999999999998,2489.077300000043,191.9660303044312,2910.4,59.39264999999999,46.28891666666668,33.070695564814336,68.08057933241304,100,100,0,90,1
48.40756155555405,65.58397371063114,191.38,0.0,191.38,-140.305,142.97243844444594,8.15542,2.5878332579739167,19.778,0.0,0.0,19.778,41.78328750000002,47.559,33.844,4.915602287194134,-7.354999999999997,0.6079166666666668,0.026315743606858653,0.677,0.06908333333333327,2497.6776000000295,191.3082728323992,2919.6,59.24200000000001,46.63131666666667,32.782089685184694,68.19812271221191,100,100,0,90,1
48.48054791666593,65.6222861740638,191.38,0.0,191.38,-140.661,142.89945208333407,8.197039166666643,2.6003266178948397,19.566,0.0,0.0,19.566,41.00487916666662,46.609,33.355,4.818972740537255,-7.032000000000004,0.5987499999999998,0.03644062968069328,0.684,0.08525000000000027,2504.2167666667065,191.10843047228053,2923.6,59.39918333333335,47.013633333333345,32.56082208333306,68.25905342163934,100,100,0,90,1
48.445131111109575,65.72677464871926,191.43,0.0,191.43,-140.529,142.98486888889045,8.231244166666647,2.6310434519256627,19.583,0.0,0.0,19.583,40.36177916666669,45.809,32.922,4.712591907939573,-6.797000000000004,0.5940999999999997,0.02948524480171311,0.661,0.06690000000000029,2514.3439666666854,190.60343620174905,2931.8,58.919416666666656,47.15650000000002,32.34605148148097,68.38730334544664,100,100,0,90,1
48.49063319444251,65.76106705016844,191.48,0.0,191.48,-140.738,142.9893668055575,8.257840833333328,2.6356311258771368,19.313,0.0,0.0,19.313,39.80675000000003,45.223,32.523,4.628410512291762,-6.574999999999996,0.5867333333333333,0.02317499139134038,0.641,0.054266666666666685,2513.8753000000665,190.5063786770129,2931.8,59.08115000000001,47.371849999999995,32.185074675925286,68.41987316743692,100,100,0,90,1
48.468192444443055,65.82209610224578,191.59,0.0,191.59,-140.99699999999999,143.12180755555696,8.289044166666647,2.653079016433329,19.201,0.0,0.0,19.201,39.3372666666667,44.645,32.273,4.533165372760208,-6.410999999999994,0.5807166666666668,0.030512065780475925,0.65,0.06928333333333325,2518.2419000000273,190.88465147679696,2936.4,59.042950000000005,47.25268333333334,32.03150109259213,68.50568718445957,100,100,0,90,1
48.47985416666483,65.88351171580506,191.56,0.0,191.56,-140.915,143.08014583333517,8.325621666666647,2.6686383342439615,19.124,0.0,0.0,19.124,38.95105833333332,44.219,32.02,4.467223248626414,-6.241999999999997,0.5847333333333334,0.02378638455914392,0.64,0.055266666666666575,2521.801533333362,189.18896855248335,2933.6,59.12409999999997,47.27478333333332,31.918844722221603,68.57593643460817,100,100,0,90,1
48.542902722219964,65.87431073731761,191.56,0.0,191.56,-141.261,143.01709727778004,8.330781666666661,2.6865099159698618,19.411,0.0,0.0,19.411,38.595975,43.801,31.781,4.3944421925282855,-6.160000000000004,0.5777999999999999,0.02763306788393148,0.65,0.07220000000000015,2522.136866666701,190.23731870242162,2941.6,58.947266666666664,47.203083333333346,31.823219796295543,68.5884537211714,100,100,0,90,1
48.65377597222013,65.83038996792513,191.55,0.0,191.55,-141.011,142.89622402777988,8.344799166666679,2.6949018854699633,19.276,0.0,0.0,19.276,38.3081583333333,43.457,31.609,4.324111071723264,-6.0,0.5728666666666665,0.02595724428889641,0.651,0.0781333333333335,2527.91260000006,188.20905249875844,2937.6,58.8055,46.88128333333334,31.768911157406706,68.55124909768398,100,100,0,90,1
48.544850333331745,65.96265306541123,191.58,0.0,191.58,-140.988,143.03514966666827,8.357182500000011,2.6977032304895174,19.008,0.0,0.0,19.008,38.04510000000002,43.176,31.437,4.29628359180993,-5.925999999999998,0.5718166666666668,0.028612247979899728,0.633,0.061183333333333256,2530.426200000038,189.05190981401745,2943.8,58.79721666666665,47.266333333333364,31.64904427777726,68.68896854388065,100,100,0,90,1
48.597907722220356,65.95960549844608,191.59,0.0,191.59,-141.188,142.99209227777965,8.374385833333323,2.701272027972543,19.191,0.0,0.0,19.191,37.8297291666666,42.941,31.359,4.25515984851148,-5.731000000000002,0.5748333333333332,0.027199306239075377,0.666,0.09116666666666684,2532.185700000026,189.38902582434332,2947.0,59.11660000000001,47.264716666666665,31.60067424074009,68.6880768326577,100,100,0,90,1
48.61408083333211,65.99171355984514,191.62,0.0,191.62,-141.11999999999998,143.0059191666679,8.374201666666663,2.707081175930043,19.239,0.0,0.0,19.239,37.64379583333338,42.711,31.203,4.214856666063953,-5.711000000000002,0.5690833333333333,0.02086948276154592,0.621,0.05191666666666672,2534.384433333337,189.1035298150468,2949.4,58.84056666666667,47.06996666666668,31.544026111110714,68.71966421853672,100,100,0,90,1
48.688840027776465,65.95551492223173,191.66,0.0,191.66,-141.221,142.97115997222352,8.381060833333326,2.712905102876555,18.944,0.0,0.0,18.944,37.485350000000025,42.465,31.117,4.184131398390329,-5.554999999999996,0.5668833333333333,0.02571953795790975,0.623,0.056116666666666704,2536.032366666726,188.91806062771616,2947.8,58.71405000000002,47.02025000000002,31.51841695370327,68.6941395630662,100,100,0,90,1
48.722504861108185,65.9615457893162,191.58,0.0,191.58,-141.26,142.85749513889184,8.400477500000004,2.715231078134383,18.989,0.0,0.0,18.989,37.352083333333375,42.344,31.031,4.13783345991359,-5.555,0.5637666666666666,0.027204415560505974,0.627,0.06323333333333336,2539.3768333333537,188.7802766943191,2952.2,59.0261166666667,46.77361666666668,31.491688564813852,68.70398128301109,100,100,0,90,1
48.777905749998396,65.94765855998578,191.68,0.0,191.68,-141.402,142.9020942500016,8.397440000000008,2.7193043650766526,18.989,0.0,0.0,18.989,37.199775000000024,42.187,30.871,4.158050901136675,-5.543000000000003,0.5710166666666666,0.029849618381381747,0.634,0.06298333333333339,2539.83840000006,188.5141651013189,2953.0,58.745666666666665,47.44438333333334,31.45837358333281,68.69681254344381,100,100,0,90,1
48.72885669444294,66.00541870947136,191.6,0.0,191.6,-141.212,142.87114330555704,8.402669166666678,2.7207145632158323,19.136,0.0,0.0,19.136,37.0927916666667,42.012,30.859,4.122681051530658,-5.432999999999996,0.5626499999999999,0.02861777627007498,0.64,0.07735000000000014,2541.072000000024,188.47379307951445,2953.8,58.76060000000002,47.28431666666666,31.408105842592107,68.75475104895727,100,100,0,90,1
48.75315297222001,65.9978003754197,191.62,0.0,191.62,-141.416,142.86684702778,8.414690833333344,2.7212653891185106,19.04,0.0,0.0,19.04,37.01962916666664,41.93,30.871,4.086639950333841,-5.379000000000001,0.5635499999999998,0.028613985557617173,0.63,0.06645000000000023,2542.72380000005,188.89553072306356,2955.6,58.93458333333332,46.95826666666666,31.39582432407333,68.74767975009583,100,100,0,90,1
48.768643888885826,66.00130553874409,191.73,0.0,191.73,-141.286,142.96135611111416,8.409914166666681,2.723053008090373,19.222,0.0,0.0,19.222,36.938295833333385,41.859,30.777,4.062420964404449,-5.378999999999998,0.5654666666666667,0.025156100225016444,0.641,0.07553333333333334,2542.1409666666987,189.3505063212302,2957.6,58.80423333333332,46.85661666666667,31.372284629628627,68.74951464705948,100,100,0,90,1
48.72392299999754,66.05303986123984,191.73,0.0,191.73,-141.293,143.00607700000245,8.417824166666689,2.722639016517098,19.025,0.0,0.0,19.025,36.85394166666669,41.777,30.687,4.059502102322243,-5.227,0.5605666666666664,0.025722355024814462,0.604,0.043433333333333546,2542.9579666666937,189.405936394091,2959.4,58.93321666666666,47.0493,31.331896277776973,68.80140123278174,100,100,0,90,1
48.863097472219685,65.98427855334918,191.68,0.0,191.68,-141.445,142.81690252778031,8.409743333333365,2.72923070375472,19.082,0.0,0.0,19.082,36.807066666666664,41.672,30.707,4.019537343499623,-5.285000000000004,0.5590333333333334,0.027121176082360334,0.627,0.06796666666666662,2543.827500000036,189.07192293522522,2959.6,58.66639999999999,46.61015000000001,31.35996915740657,68.74063043318627,100,100,0,90,1
48.730185527776115,66.08839996652294,191.67,0.0,191.67,-141.356,142.93981447222387,8.413249166666693,2.7322497395520124,19.144,0.0,0.0,19.144,36.72980416666665,41.59,30.617,4.044930441342147,-5.297000000000001,0.5586833333333338,0.02410534202462791,0.617,0.05831666666666624,2544.2557333333534,189.88073252059914,2960.8,58.69293333333332,47.18660000000002,31.291079620369818,68.84475504809959,100,100,0,90,1
48.680713888886544,66.12886393098702,191.59,0.0,191.59,-141.487,142.90928611111346,8.426362500000028,2.729904641292905,19.011,0.0,0.0,19.011,36.6929041666667,41.586,30.594,4.012814319755665,-5.148999999999997,0.55915,0.0252672662898603,0.62,0.06084999999999996,2546.3585000000035,187.75027372895505,2955.6,58.957433333333356,46.85011666666665,31.266660185184424,68.88403583856979,100,100,0,90,1
48.75844622221979,66.09891967063949,191.66,0.0,191.66,-141.579,142.9015537777802,8.429003333333362,2.729040663390878,19.054,0.0,0.0,19.054,36.652141666666665,41.52,30.621,3.999312846408106,-5.199000000000002,0.5611166666666665,0.02536452324700824,0.621,0.05988333333333351,2548.252100000036,188.04885324685685,2957.6,58.89815000000001,46.824983333333336,31.279863740739938,68.85332485727737,100,100,0,90,1
48.78245552777508,66.08603303513222,191.71,0.0,191.71,-141.507,142.92754447222492,8.419875000000024,2.733710753068596,18.969,0.0,0.0,18.969,36.60849166666665,41.488,30.602,3.9968473475472566,-5.222999999999999,0.5567000000000001,0.029028507321047944,0.636,0.07929999999999993,2547.725900000025,187.7289343210583,2957.4,58.63003333333332,46.85375000000001,31.27027406481392,68.84877229552185,100,100,0,90,1
49.290240555552586,65.75258003400364,191.75,0.0,191.75,-141.511,142.4597594444474,8.420258333333354,2.7240411166013385,19.002,0.0,0.0,19.002,36.58148333333335,41.434,30.605,3.983050344890241,-5.129000000000001,0.5644833333333332,0.023850872610740762,0.62,0.05551666666666677,2542.410099999984,188.8068101876948,2957.6,58.97596666666666,46.55665,31.430660740739764,68.50047202321572,100,100,0,90,1
49.14462486110803,65.84792192974263,191.76,0.0,191.76,-141.536,142.61537513889198,8.423274166666692,2.7257247323901352,18.938,0.0,0.0,18.938,36.55721666666668,41.398,30.605,3.969537199257629,-5.051000000000002,0.5587166666666666,0.02283031857700813,0.606,0.047283333333333344,2543.041433333349,188.2781392503269,2953.6,59.01624999999999,46.52985,31.375038564813803,68.59647698070977,100,100,0,90,1
48.98146308333073,65.9779288711218,191.75,0.0,191.75,-141.53400000000002,142.76853691666926,8.413429166666694,2.7284293446761727,19.243,0.0,0.0,19.243,36.52889583333333,41.355,30.547,3.959202375397721,-5.112999999999996,0.5681833333333335,0.022878819800860033,0.612,0.043816666666666504,2542.4541666667037,188.50342004642891,2953.6,58.791733333333326,46.566233333333315,31.30792936111025,68.72923703559884,100,100,0,90,1
49.117414583330834,65.85998237938286,191.84,0.0,191.84,-141.59699999999998,142.72258541666918,8.408761666666676,2.7292320484908044,18.977,0.0,0.0,18.977,36.51320833333339,41.352,30.516,3.9544355719643853,-5.046999999999997,0.5650833333333334,0.024803151567565254,0.63,0.06491666666666662,2541.4500333333594,188.39284349618745,2951.8,58.74066666666666,46.52585,31.346461527776967,68.61401757944122,100,100,0,90,1
48.936102222219404,66.00305692740628,191.75,0.0,191.75,-141.575,142.8138977777806,8.407556666666686,2.723696980421376,19.143,0.0,0.0,19.143,36.4850666666667,41.344,30.523,3.9464268341175717,-5.031000000000002,0.5623333333333335,0.020704266871026018,0.609,0.04666666666666652,2541.5852333333396,188.85694398890314,2953.4,58.836099999999995,46.523083333333346,31.276241851850926,68.74745817469868,100,100,0,90,1
48.97058102777532,65.97808486129138,191.77,0.0,191.77,-141.578,142.7994189722247,8.408185833333336,2.726038902825074,19.218,0.0,0.0,19.218,36.472345833333335,41.324,30.547,3.926104183515155,-5.112999999999996,0.5606166666666667,0.020408615384707087,0.598,0.037383333333333324,2541.5147333334044,188.56923754725676,2953.4,58.812200000000004,46.31585,31.28370423148066,68.72453237950116,100,100,0,90,1
48.798170333329864,66.11084680822455,191.84,0.0,191.84,-141.539,143.04182966667014,8.406958333333355,2.723328517968016,18.988,0.0,0.0,18.988,36.45782083333335,41.289,30.523,3.922012897556791,-5.054999999999996,0.5625333333333332,0.017577399459288948,0.593,0.030466666666666753,2542.292666666688,188.73933706512142,2953.4,58.74436666666666,46.30051666666666,31.220983166665523,68.85175272565185,100,100,0,90,1
48.89131688888574,66.05529230078051,191.82,0.0,191.82,-141.596,142.92868311111425,8.408222500000011,2.727817966258248,19.074,0.0,0.0,19.074,36.43519583333336,41.301,30.539,3.923793699337625,-4.929999999999996,0.5600499999999998,0.020738423358342098,0.593,0.032950000000000146,2542.8014000000385,188.35122359202086,2953.6,58.726683333333305,46.384350000000005,31.244911740739706,68.80384869039709,100,100,0,90,1
48.77128538888561,66.13560941299667,191.7,0.0,191.7,-141.519,142.92871461111437,8.412960000000014,2.722262909086573,19.343,0.0,0.0,19.343,36.42682500000003,41.27,30.523,3.9211190042381383,-5.050999999999998,0.5632833333333332,0.023637152361302136,0.611,0.04771666666666674,2541.498333333358,188.451252130696,2953.6,58.994833333333325,46.34861666666666,31.20369012962855,68.88150947444454,100,100,0,90,1
48.85245680555237,66.082691319639,191.79,0.0,191.79,-141.527,142.9375431944476,8.412504166666688,2.7216542515297624,19.074,0.0,0.0,19.074,36.413958333333355,41.25,30.527,3.922744333098849,-5.0269999999999975,0.5606000000000001,0.0191498993226543,0.605,0.044399999999999884,2541.158666666712,188.21621700129685,2949.6,58.88468333333332,46.39778333333332,31.22630643518414,68.82349547049141,100,100,0,90,1
48.8920841944419,66.05296016094708,191.77,0.0,191.77,-141.448,142.8779158055581,8.41461916666669,2.732904024623955,18.978,0.0,0.0,18.978,36.40074166666666,41.234,30.527,3.926645679561284,-5.038999999999998,0.5608166666666666,0.024856531840569428,0.62,0.059183333333333366,2545.4612333333403,187.77026218859208,2953.4,58.69161666666668,46.478433333333335,31.235815009258417,68.8107207174116,100,100,0,90,1
48.983736027775024,65.9940777960679,191.76,0.0,191.76,-141.429,142.77626397222497,8.414790833333363,2.730050605881669,19.081,0.0,0.0,19.081,36.41177083333333,41.223,30.527,3.896038527897437,-4.878999999999998,0.5597333333333333,0.02465550213057389,0.624,0.0642666666666667,2544.6524666666846,187.6146609163243,2953.4,58.70228333333333,46.0724,31.27009923148057,68.74878390408014,100,100,0,90,1
48.97700041666391,66.00749539958531,191.81,0.0,191.81,-141.416,142.8329995833361,8.420980833333365,2.7244982126791193,19.122,0.0,0.0,19.122,36.399875000000016,41.191,30.535,3.902488209717929,-4.937000000000001,0.5628999999999996,0.024292497272384583,0.604,0.04110000000000036,2545.726366666663,187.89953343185698,2954.0,58.88000000000003,46.20831666666666,31.265952083332433,68.75628610953682,100,100,0,90,1
48.825127611107774,66.11140385124753,191.79,0.0,191.79,-141.48399999999998,142.96487238889222,8.427924166666685,2.727406012076597,18.931,0.0,0.0,18.931,36.388104166666686,41.176,30.527,3.9043462170265255,-4.924999999999997,0.5625499999999999,0.024114434104979297,0.618,0.05545000000000011,2545.0030333333275,187.42293067629006,2953.8,59.0933,46.28020000000001,31.21371864814705,68.8629242974291,100,100,0,90,1
48.98672797221948,66.00637078504731,191.77,0.0,191.77,-141.38,142.78327202778053,8.417333333333364,2.726735557014491,19.076,0.0,0.0,19.076,36.39397083333336,41.168,30.527,3.89349708292052,-4.859999999999996,0.5624500000000001,0.023127080758426437,0.614,0.051549999999999874,2546.0051666666877,187.7715711011419,2955.6,58.786133333333346,46.10928333333335,31.26601071296207,68.75623342282023,100,100,0,90,1
48.97066099999805,66.00955291215232,191.84,0.0,191.84,-141.53400000000002,142.86933900000196,8.420995833333361,2.724115704124402,18.929,0.0,0.0,18.929,36.39162083333337,41.164,30.574,3.879205658074791,-4.870999999999999,0.56185,0.02289683939405801,0.608,0.046150000000000024,2545.6605333333614,187.18293805196342,2953.6,58.85763333333333,45.91311666666664,31.261092555554928,68.75656545567078,100,100,0,90,1
48.8241871666642,66.11020832900338,191.77,0.0,191.77,-141.597,142.94581283333582,8.415991666666688,2.73112801606418,18.896,0.0,0.0,18.896,36.37787500000001,41.168,30.547,3.8967291273912554,-4.932999999999996,0.5583999999999999,0.02164286393530285,0.606,0.04760000000000009,2545.5383000000015,187.52417253692283,2952.6,58.676983333333325,46.21698333333332,31.20601794444363,68.86297920900286,100,100,0,90,1
48.88035886110744,66.09065680854599,191.71,0.0,191.71,-141.314,142.82964113889255,8.417935000000023,2.732651311473911,19.271,0.0,0.0,19.271,36.36655416666668,41.176,30.461,3.9239953378259305,-4.9609999999999985,0.5558166666666667,0.020298193679898352,0.597,0.04118333333333324,2545.8630000000394,187.26053770748678,2951.8,58.70006666666665,46.57691666666666,31.221616009258046,68.8436063136998,100,100,0,90,1
48.87453486110835,66.0745198440041,191.7,0.0,191.7,-141.543,142.82546513889164,8.421150833333348,2.7253719431066408,19.116,0.0,0.0,19.116,36.36099166666666,41.164,30.449,3.9255856051074085,-4.855,0.5566,0.020795371062501327,0.604,0.0474,2544.5772666667117,187.81852996060223,2953.6,58.92520000000003,46.609216666666676,31.21889245370279,68.82068715817324,100,100,0,90,1
48.78742108333014,66.15060370607203,191.73,0.0,191.73,-141.47899999999998,142.94257891666985,8.417191666666682,2.7335785675102118,19.258,0.0,0.0,19.258,36.36637500000004,41.168,30.527,3.9115805782692097,-4.863000000000003,0.5623666666666666,0.022799023668262367,0.609,0.046633333333333415,2543.640700000021,187.05323476383919,2949.6,58.77038333333335,46.41604999999996,31.190329249998953,68.9069812972505,100,100,0,90,1
48.775697138886365,66.14860109980583,191.75,0.0,191.75,-141.58100000000002,142.97430286111364,8.429840833333365,2.7311266572327826,19.003,0.0,0.0,19.003,36.3604791666667,41.148,30.535,3.907707461704204,-4.93,0.5573166666666667,0.02188761097343181,0.608,0.0506833333333333,2545.220833333367,187.0207446045963,2951.6,59.046283333333335,46.37791666666668,31.18867237962881,68.90161536801205,100,100,0,90,1
48.84142783333008,66.10859094912193,191.75,0.0,191.75,-141.60299999999998,142.90857216666993,8.421467500000027,2.725681822977603,18.965,0.0,0.0,18.965,36.368541666666694,41.18,30.535,3.913016949463954,-4.929999999999996,0.5519166666666666,0.022114717598542284,0.605,0.05308333333333337,2545.9708000000505,187.41267402648526,2953.4,58.81820000000001,46.43074999999999,31.21047899999893,68.85638748969808,100,100,0,90,1
48.857719888886336,66.10489176493896,191.73,0.0,191.73,-141.571,142.87228011111364,8.42663000000003,2.728632284048419,18.904,0.0,0.0,18.904,36.37168333333337,41.211,30.461,3.920262622453981,-4.953000000000003,0.5563500000000001,0.02509698138374952,0.614,0.05764999999999987,2547.096633333368,186.68455316137897,2951.6,58.94553333333333,46.42436666666665,31.218677740739917,68.85862103037113,100,100,0,90,1
48.80494349999762,66.14812750002721,191.84,0.0,191.84,-141.56,143.03505650000238,8.414697500000017,2.7353011869164194,19.141,0.0,0.0,19.141,36.35850416666669,41.195,30.445,3.93413610853573,-5.042999999999996,0.5565666666666668,0.022965240253195796,0.602,0.045433333333333215,2545.558633333367,187.67017338350598,2953.6,58.66579999999999,46.68956666666666,31.192715055554775,68.90639392719683,100,100,0,90,1
48.95638277777442,66.03242304820391,191.78,0.0,191.78,-141.715,142.82361722222558,8.418809166666685,2.72984384851595,19.181,0.0,0.0,19.181,36.35435000000002,41.168,30.445,3.933222482741699,-5.027000000000001,0.5559333333333334,0.023245824605333313,0.604,0.04806666666666659,2545.4263999999853,187.48656858187584,2955.4,58.74713333333336,46.737016666666676,31.243180648147042,68.7855127213252,100,100,0,90,1
48.98377502777462,66.01546508344616,191.87,0.0,191.87,-141.564,142.8862249722254,8.427178333333352,2.7342293112446296,18.932,0.0,0.0,18.932,36.34813333333336,41.156,30.445,3.9362461259095314,-5.015000000000001,0.5579666666666667,0.021848450797708422,0.601,0.04303333333333326,2545.1707000000133,187.33032170406446,2955.4,59.04463333333332,46.850233333333335,31.253028898147107,68.7715428454885,100,100,0,90,1
49.16286622221886,65.8889979254557,191.69,0.0,191.69,-141.537,142.52713377778113,8.42306166666669,2.726013419293033,19.259,0.0,0.0,19.259,36.35637916666669,41.156,30.449,3.924612835685121,-4.933,0.5545666666666668,0.018470651633101937,0.591,0.03643333333333321,2543.7761666666884,187.56665149602455,2953.4,58.99178333333334,46.658366666666666,31.31410235185075,68.63348199638185,100,100,0,90,1
49.34031786110776,65.79543098430631,191.86,0.0,191.86,-141.546,142.51968213889225,8.424491666666691,2.729712787061506,18.954,0.0,0.0,18.954,36.35500833333336,41.164,30.457,3.929478863944897,-4.945,0.5614833333333332,0.02163682647448568,0.602,0.040516666666666756,2543.613366666685,187.42562552165214,2953.6,59.097149999999985,46.709683333333324,31.373272620369267,68.5467805978423,100,100,0,90,1
48.74249111110791,66.19648797505158,191.73,0.0,191.73,-141.45,142.98750888889208,8.423769166666698,2.724960521258609,18.909,0.0,0.0,18.909,36.35479583333337,41.148,30.457,3.9227136853059172,-5.015000000000001,0.5662833333333332,0.02278498737584713,0.627,0.06071666666666675,2543.8426333333705,187.3227446525815,2953.8,58.98245000000001,46.61999999999999,31.173685370369327,68.94423348368603,100,100,0,90,1
48.78884830555287,66.1583916549029,191.73,0.0,191.73,-141.58100000000002,142.94115169444711,8.42602833333337,2.730053729691608,18.986,0.0,0.0,18.986,36.351325000000024,41.164,30.445,3.924942334490979,-4.968999999999998,0.5581333333333333,0.021736844193217766,0.609,0.05086666666666673,2544.725133333346,187.22613246845486,2953.8,59.050566666666654,46.75215,31.188733879628757,68.91018222878772,100,100,0,90,1
48.79186072221989,66.17066634959743,191.76,0.0,191.76,-141.522,142.9681392777801,8.423758333333367,2.7275281061011754,19.213,0.0,0.0,19.213,36.36278750000002,41.156,30.523,3.9093933333689432,-4.894999999999996,0.56075,0.020855942534036904,0.595,0.03425,2545.020833333356,187.7875188202782,2955.4,58.98924999999998,46.38581666666668,31.192802185184423,68.91905039823264,100,100,0,90,1
48.84447263888554,66.12533217213269,191.75,0.0,191.75,-141.7,142.90552736111445,8.42434333333335,2.7275667487884636,18.923,0.0,0.0,18.923,36.35656666666667,41.211,30.449,3.925476414832099,-4.965,0.5660499999999998,0.02098702181696492,0.607,0.04095000000000015,2541.9621666666917,188.49610234362586,2953.6,59.122833333333325,46.60558333333334,31.208460879628518,68.87388594273811,100,100,0,90,1
48.81773211110827,66.14700748112982,191.69,0.0,191.69,-141.82399999999998,142.8722678888917,8.417823333333367,2.7248243800363703,18.955,0.0,0.0,18.955,36.35178750000003,41.148,30.445,3.9296276635200025,-4.964999999999996,0.5632333333333331,0.020216930869578337,0.601,0.03776666666666684,2542.479400000035,187.1999630341844,2951.6,59.03706666666667,46.6529,31.195780981480556,68.89204879203577,100,100,0,90,1
48.815371666663076,66.16220996735113,191.92,0.0,191.92,-141.738,143.1046283333369,8.418590000000018,2.7249913654636675,19.144,0.0,0.0,19.144,36.35177083333336,41.148,30.449,3.91851578959279,-4.9460000000000015,0.5700666666666667,0.02448303921165726,0.614,0.04393333333333327,2539.4177666667065,188.25771824573906,2949.8,59.11300000000002,46.52553333333335,31.195244166665486,68.91168437202646,100,100,0,90,1
48.914028111107896,66.09221907278653,191.81,0.0,191.81,-141.756,142.89597188889212,8.41558666666669,2.7255556189547057,18.941,0.0,0.0,18.941,36.34165000000001,41.148,30.445,3.927161962793025,-4.979999999999997,0.5648833333333332,0.023418876687636685,0.61,0.045116666666666805,2541.793533333361,186.6498451083259,2949.6,58.873899999999985,46.64849999999999,31.223754925924865,68.84119356842888,100,100,0,90,1
48.7742518055526,66.19945739996841,191.67,0.0,191.67,-141.60299999999998,142.89574819444738,8.415775833333361,2.7297391713988346,19.231,0.0,0.0,19.231,36.35364583333338,41.152,30.461,3.9071557327634445,-4.882999999999996,0.5597499999999996,0.020242282479997133,0.608,0.04825000000000035,2543.0126333333765,187.65123798752813,2958.2,58.829349999999984,46.36263333333333,31.181224490739783,68.94943885384724,100,100,0,90,1
48.78971649999645,66.1912082839902,191.78,0.0,191.78,-141.607,142.99028350000356,8.420595833333355,2.7268705338243517,18.988,0.0,0.0,18.988,36.348512500000034,41.148,30.516,3.904078775807323,-4.976999999999997,0.5623666666666663,0.02370866012603307,0.612,0.04963333333333364,2542.3986333333546,187.5311811107165,2951.6,59.093749999999986,46.372,31.186274944443284,68.9417874779406,100,100,0,90,1
48.77041419444188,66.20312335329737,191.81,0.0,191.81,-141.651,143.03958580555812,8.412918333333353,2.7281370126205626,18.986,0.0,0.0,18.986,36.32826666666664,41.137,30.449,3.9263968220119017,-5.059000000000005,0.5639000000000002,0.020114671262538665,0.6,0.0360999999999998,2540.1096333333458,187.6156122595509,2948.4,58.91144999999999,46.705699999999986,31.170533064813956,68.95137503718047,100,100,0,90,1
48.74969472221903,66.21739584812956,191.82,0.0,191.82,-141.685,143.07030527778096,8.421270000000014,2.726119819112285,19.164,0.0,0.0,19.164,36.338075,41.141,30.445,3.9063958898078863,-4.9140000000000015,0.5629833333333334,0.016723566713348504,0.602,0.03901666666666659,2540.174699999999,187.53654850743368,2949.6,59.170550000000006,46.44116666666668,31.16967990740635,68.96023923395519,100,100,0,90,1
48.8828190277752,66.12636761932465,191.73,0.0,191.73,-141.698,142.8471809722248,8.424133333333348,2.7255500505623917,19.032,0.0,0.0,19.032,36.32729166666666,41.109,30.461,3.9051095364894017,-4.9609999999999985,0.5655999999999999,0.018823173600824555,0.605,0.0394000000000001,2541.835766666721,186.67738967368663,2949.6,59.08178333333333,46.407416666666684,31.211414675925067,68.87074084348787,100,100,0,90,1
48.8691661944409,66.11752891611579,191.75,0.0,191.75,-141.603,142.8808338055591,8.42055833333336,2.726246965523864,18.929,0.0,0.0,18.929,36.32930000000001,41.109,30.516,3.8903011555882854,-4.905999999999999,0.56835,0.029989729880495485,0.641,0.07264999999999999,2543.33900000006,187.35048689507934,2954.4,58.89914999999999,46.29613333333334,31.206341509258092,68.87376561152016,100,100,0,90,1
48.95411658333029,66.0744136130137,191.75,0.0,191.75,-141.569,142.7958834166697,8.41970416666669,2.7281263343296054,18.879,0.0,0.0,18.879,36.32722500000003,41.098,30.449,3.8948714062647705,-4.965,0.5755166666666666,0.028866432130673882,0.661,0.08548333333333347,2542.856300000057,188.26498230128587,2953.2,58.88838333333333,46.338700000000024,31.23368191666567,68.83140637947398,100,100,0,90,1
48.95326488888563,66.06459786763202,191.71,0.0,191.71,-141.625,142.75673511111438,8.418129166666677,2.7311755669425315,18.983,0.0,0.0,18.983,36.324895833333336,41.125,30.434,3.897250373054758,-4.891000000000002,0.5697166666666665,0.021888075591685614,0.618,0.048283333333333456,2540.9663666667425,187.2075923386578,2953.8,58.870366666666655,46.34064999999998,31.232096629628547,68.81766151016623,100,100,0,90,1
48.90252499999652,66.0937438665495,191.73,0.0,191.73,-141.68200000000002,142.82747500000346,8.424610833333375,2.7243253954143194,18.843,0.0,0.0,18.843,36.325466666666664,41.082,30.523,3.8898922744510585,-4.891000000000002,0.56475,0.020550578366227056,0.615,0.05025000000000002,2540.7085333333603,187.62248102616408,2949.4,59.061650000000014,46.26948333333335,31.21753416666552,68.83861984033005,100,100,0,90,1
48.94021344444224,66.07297982195446,191.84,0.0,191.84,-141.657,142.89978655555777,8.432602500000018,2.736869638963034,19.098,0.0,0.0,19.098,36.31470833333332,41.094,30.445,3.9167882974822983,-4.984000000000002,0.5565166666666668,0.023273970087112725,0.608,0.051483333333333214,2545.7757333333607,185.74838402569458,2949.6,59.083116666666655,46.740516666666664,31.229174759258527,68.83312343100461,100,100,0,90,1
48.954082777775206,66.06333593286317,191.73,0.0,191.73,-141.514,142.7759172222248,8.427864166666687,2.729436103896496,19.067,0.0,0.0,19.067,36.321333333333335,41.121,30.449,3.902780566191009,-4.897999999999996,0.5593833333333333,0.024594399022477356,0.614,0.05461666666666665,2546.6930666666785,187.30998739298022,2955.8,58.906883333333326,46.468583333333335,31.23442675925841,68.81736643578213,100,100,0,90,1
49.00646819444296,66.0374104105509,191.76,0.0,191.76,-141.539,142.75353180555703,8.42580583333335,2.7308232756689117,19.02,0.0,0.0,19.02,36.33068750000002,41.113,30.469,3.8971760420555763,-5.030999999999999,0.5682666666666666,0.028646806942879306,0.652,0.08373333333333344,2545.789400000054,187.4620175812848,2953.8,58.81893333333334,46.310550000000006,31.254320509258775,68.79688049316269,100,100,0,90,1
49.04798544444233,66.00681949368104,191.78,0.0,191.78,-141.507,142.73201455555767,8.43077583333336,2.730661114519937,19.238,0.0,0.0,19.238,36.323650000000036,41.121,30.445,3.9044179571480844,-4.898999999999997,0.5606833333333334,0.022729426657049467,0.61,0.049316666666666564,2543.7684333333655,187.35513910281972,2953.8,59.09211666666668,46.418733333333336,31.26747042592524,68.76021003485802,100,100,0,90,1
49.05194672221955,65.99299119216379,191.81,0.0,191.81,-141.637,142.75805327778045,8.433817500000016,2.7346103925775385,18.981,0.0,0.0,18.981,36.32216249999999,41.129,30.445,3.910076027181162,-4.981000000000002,0.5640333333333333,0.02406556486827968,0.614,0.049966666666666715,2543.907033333342,186.58411642638822,2951.4,59.15383333333336,46.51636666666666,31.269308907406515,68.7516671496096,100,100,0,90,1
49.05018861110851,65.99030148012508,191.73,0.0,191.73,-141.757,142.6798113888915,8.42809416666669,2.7281256679295374,18.898,0.0,0.0,18.898,36.32069999999999,41.129,30.441,3.926486526805903,-4.976999999999997,0.5666166666666669,0.03041804307697599,0.642,0.07538333333333314,2544.223633333371,187.47146157824469,2953.8,58.93753333333334,46.80133333333334,31.266327592591733,68.7488451911316,100,100,0,90,1
49.05945061110838,65.9871510795704,191.81,0.0,191.81,-141.564,142.7505493888916,8.423093333333354,2.735343392675241,19.009,0.0,0.0,19.009,36.335050000000024,41.098,30.441,3.9019510897899488,-4.882999999999996,0.5648,0.026888848422562176,0.629,0.06420000000000003,2543.436900000054,187.17940948088352,2953.4,58.808083333333336,46.42486666666669,31.27253131481392,68.7493833206682,100,100,0,90,1
49.08669736110845,65.97546709110382,191.73,0.0,191.73,-141.6,142.64330263889156,8.422601666666687,2.730928163071505,19.199,0.0,0.0,19.199,36.33565000000002,41.137,30.449,3.902437984143205,-4.882999999999996,0.5630999999999999,0.025312755543803158,0.613,0.049900000000000055,2544.033100000037,187.1892454531658,2957.4,58.86793333333333,46.38911666666667,31.281649675925053,68.73170800971914,100,100,0,90,1
49.07326588888636,65.98326159239875,191.79,0.0,191.79,-141.661,142.71673411111362,8.429190000000027,2.7277276673859605,18.929,0.0,0.0,18.929,36.34070000000002,41.152,30.434,3.9063172269830146,-4.863000000000003,0.5623833333333335,0.026460134175112764,0.611,0.04861666666666653,2543.598800000024,187.0490620768536,2951.6,59.017116666666666,46.44796666666668,31.281051962962135,68.73744939395982,100,100,0,90,1
49.05631186110788,65.99215160778034,191.77,0.0,191.77,-141.6,142.71368813889214,8.424041666666692,2.7340444901877197,19.02,0.0,0.0,19.02,36.34744166666669,41.148,30.523,3.90224716891361,-4.957000000000004,0.5592999999999999,0.024549707444147247,0.622,0.06270000000000009,2543.857366666729,186.93419617969613,2949.8,58.85086666666667,46.34795000000001,31.275931731480416,68.75074580541221,100,100,0,90,1
49.108006166663365,65.95371754429695,191.78,0.0,191.78,-141.522,142.67199383333664,8.433546666666693,2.731840628069263,19.332,0.0,0.0,19.332,36.34838333333336,41.152,30.523,3.902202126239834,-4.913999999999998,0.5599999999999999,0.02338694406164199,0.601,0.041000000000000036,2545.8995666667197,186.9036009261247,2953.6,59.02648333333331,46.41655,31.296645388887807,68.70894511642786,100,100,0,90,1
49.11057538888522,65.9518617077853,191.79,0.0,191.79,-141.407,142.67942461111477,8.42914583333335,2.7299286125753244,19.237,0.0,0.0,19.237,36.34502500000005,41.113,30.523,3.8969128634704124,-4.875,0.5637,0.02357986788537044,0.617,0.053300000000000014,2544.184800000051,187.61781028485188,2953.8,58.98606666666667,46.369799999999984,31.294915407406208,68.705370188246,100,100,0,90,1
49.05384727777537,65.9872944154476,191.84,0.0,191.84,-141.444,142.78615272222464,8.43356916666669,2.7318832711254672,18.974,0.0,0.0,18.974,36.344808333333354,41.125,30.516,3.8962042096693175,-4.910000000000004,0.5620333333333334,0.02090897679788425,0.599,0.03696666666666659,2543.4511333333608,186.98720945953977,2953.6,59.118116666666694,46.35630000000001,31.277408259258475,68.74008666337095,100,100,0,90,1
49.17738619444177,65.91318115332798,191.76,0.0,191.76,-141.44500000000002,142.58261380555822,8.430360833333355,2.7314996911528797,18.888,0.0,0.0,18.888,36.32666249999998,41.121,30.434,3.9279498723156694,-4.969000000000001,0.56575,0.02122408689217933,0.609,0.04325000000000001,2544.8758333333853,187.14065916761962,2953.4,58.891316666666654,46.96450000000001,31.311469842591702,68.66590493137303,100,100,0,90,1
49.06909930555315,65.98445725252587,191.77,0.0,191.77,-141.549,142.70090069444686,8.431355000000023,2.733829712092653,19.237,0.0,0.0,19.237,36.33871250000001,41.121,30.449,3.9113981540503353,-4.894999999999996,0.56285,0.02462796054645948,0.61,0.047150000000000025,2545.219400000044,187.25943333479574,2953.8,58.91311666666665,46.876850000000005,31.27972226851773,68.74291492516498,100,100,0,90,1
49.00427688888747,66.02652500139278,191.75,0.0,191.75,-141.437,142.74572311111254,8.433775833333373,2.7327334784307244,19.026,0.0,0.0,19.026,36.35683333333338,41.164,30.516,3.9009732351441504,-4.9140000000000015,0.5628666666666667,0.022673412090358343,0.612,0.04913333333333325,2544.816233333367,187.49293962764014,2955.6,59.072549999999985,46.627383333333334,31.264962018518073,68.78193189191387,100,100,0,90,1
49.042276583331,66.00620259268985,191.78,0.0,191.78,-141.554,142.73772341666898,8.426983333333348,2.7304845130707096,18.961,0.0,0.0,18.961,36.352912500000016,41.152,30.445,3.913047882241334,-5.011000000000003,0.5644166666666663,0.0230388703721037,0.616,0.05158333333333365,2544.8192666666732,187.01147908888922,2951.8,58.83016666666667,46.79729999999998,31.274057472221454,68.75972597613266,100,100,0,90,1
49.147371249997,65.93490641421936,191.76,0.0,191.76,-141.696,142.61262875000298,8.43871833333337,2.7356991288822368,19.103,0.0,0.0,19.103,36.35522083333334,41.156,30.516,3.903065511922537,-4.897999999999996,0.5605,0.022416322745350707,0.611,0.05049999999999999,2544.090833333388,186.65683205139888,2949.8,59.1562,46.61089999999999,31.313770138887904,68.69302186584694,100,100,0,90,1
49.22427419444203,65.86666789548373,191.84,0.0,191.84,-141.662,142.615725805558,8.42925250000002,2.729898268105533,19.069,0.0,0.0,19.069,36.35993333333337,41.152,30.523,3.9031482427320103,-4.965,0.5599999999999999,0.021520191543473666,0.621,0.061000000000000054,2544.7600000000307,187.23818662269446,2951.6,58.94326666666667,46.672783333333335,31.337820009258476,68.61808635513273,100,100,0,90,1
49.279694527775455,65.84957401003928,191.81,0.0,191.81,-141.451,142.53030547222454,8.422755833333364,2.7375058495729916,19.351,0.0,0.0,19.351,36.362866666666676,41.129,30.527,3.8895480251423074,-4.952999999999999,0.5612499999999998,0.018142211290481474,0.604,0.04275000000000018,2544.7957000000015,187.11538982589045,2951.4,58.77668333333331,46.50604999999998,31.355105675925163,68.60522207090276,100,100,0,90,1
49.20784080555249,65.87026591846464,191.69,0.0,191.69,-141.632,142.4821591944475,8.428997500000024,2.731365701071152,19.124,0.0,0.0,19.124,36.35358333333333,41.129,30.523,3.897490627272786,-4.925999999999998,0.5561333333333335,0.022198997279741884,0.605,0.0488666666666665,2543.5148666666987,187.46869458896518,2955.6,58.93478333333331,46.620266666666666,31.330140546295283,68.62383061681554,100,100,0,90,1
49.294025833331126,65.80831419653164,191.73,0.0,191.73,-141.477,142.43597416666887,8.43089583333335,2.7308186300645994,19.18,0.0,0.0,19.18,36.359487500000036,41.137,30.512,3.9012211498573293,-4.863000000000003,0.5619,0.026618904967990586,0.617,0.05510000000000004,2544.968366666684,187.1803588176924,2957.6,58.927483333333306,46.688549999999985,31.361469722221504,68.56575173156423,100,100,0,90,1
49.36721102777445,65.76806203905049,191.75,0.0,191.75,-141.544,142.38278897222554,8.4238691666667,2.737452524821941,19.179,0.0,0.0,19.179,36.35839166666669,41.156,30.434,3.9163665933686693,-4.993000000000002,0.5553666666666666,0.01824872102940473,0.595,0.03963333333333341,2545.651066666732,187.09609061491045,2955.6,58.71863333333333,46.891233333333346,31.383157287035946,68.52376328490185,100,100,0,90,1
49.32158608333033,65.79988688334525,191.75,0.0,191.75,-141.529,142.42841391666968,8.425955833333347,2.735711953427494,19.069,0.0,0.0,19.069,36.37514583333336,41.203,30.523,3.914189100893797,-4.980999999999998,0.5556166666666666,0.026544552677266138,0.61,0.05438333333333334,2544.207566666716,186.80808808250532,2951.4,58.82205,46.83276666666667,31.374229249999015,68.56214338945001,100,100,0,90,1
49.25347272221916,65.84438243479669,191.81,0.0,191.81,-141.60799999999998,142.55652727778084,8.432242500000024,2.730784816089855,19.074,0.0,0.0,19.074,36.384350000000055,41.168,30.523,3.906297911692783,-4.968999999999998,0.5627333333333332,0.025522915371084604,0.623,0.0602666666666668,2545.1700000000073,186.6603481753159,2949.6,58.92868333333336,46.75655000000001,31.35668840740641,68.60069016625762,100,100,0,90,1
49.47212002777484,65.70273994218589,191.73,0.0,191.73,-141.51100000000002,142.25787997222514,8.43889750000001,2.7407566983821923,18.988,0.0,0.0,18.988,36.37952083333335,41.207,30.496,3.9178974037753673,-4.956999999999997,0.5640166666666669,0.029013434449080173,0.645,0.08098333333333307,2547.034566666686,187.736015228071,2957.0,59.12760000000001,46.966766666666665,31.430179453702735,68.47251007501715,100,100,0,90,1
48.89796724999679,66.10236533798202,191.79,0.0,191.79,-141.615,142.8920327500032,8.42694583333335,2.740860694932067,19.186,0.0,0.0,19.186,36.38472500000003,41.223,30.516,3.917117197308207,-4.976999999999997,0.5595000000000001,0.024048327049886523,0.61,0.05049999999999988,2545.9017000000404,187.2607258352644,2955.0,58.7394,46.97575000000001,31.236546027776722,68.86727435996397,100,100,0,90,1
48.93136447221911,66.07480344499689,191.7,0.0,191.7,-141.566,142.76863552778087,8.44056916666669,2.73644289787437,19.053,0.0,0.0,19.053,36.39352083333336,41.23,30.527,3.9209380932303572,-4.952999999999999,0.5611333333333332,0.025698029118299534,0.627,0.06586666666666685,2545.6020666666936,186.85775568385012,2956.0,59.10638333333334,46.99183333333334,31.25515149073972,68.83694437198956,100,100,0,90,1
48.877645027774726,66.1250128111792,191.82,0.0,191.82,-141.686,142.94235497222527,8.433671666666683,2.733012369963932,19.313,0.0,0.0,19.313,36.3986416666667,41.234,30.516,3.923082640276741,-4.953000000000003,0.5666833333333333,0.0231080671706134,0.617,0.050316666666666676,2543.9814000000415,186.78951948152235,2951.6,58.98948333333333,46.986549999999994,31.236652787036036,68.88113324831374,100,100,0,90,1
48.89648622221924,66.11366966082632,191.79,0.0,191.79,-141.72,142.89351377778075,8.437195833333346,2.736357563699047,19.141,0.0,0.0,19.141,36.41689166666665,41.234,30.527,3.8958984478869896,-4.898999999999997,0.56475,0.03074312655714239,0.648,0.08325000000000005,2543.388066666711,186.82138332947974,2951.4,59.158083333333344,46.63191666666666,31.250191240739742,68.8807703510825,100,100,0,90,1
49.07220152777447,65.96723060540671,191.71,0.0,191.71,-141.515,142.63779847222554,8.436190000000023,2.7334507216959207,19.281,0.0,0.0,19.281,36.41171666666669,41.23,30.516,3.91019107427987,-4.988999999999997,0.5606833333333333,0.027279154310333825,0.638,0.0773166666666667,2544.5628000000265,187.0814463117219,2955.4,59.04566666666667,46.81825000000001,31.306702731480396,68.72796048141296,100,100,0,90,1
49.158030555552926,65.91452709840243,191.76,0.0,191.76,-141.555,142.60196944444706,8.433143333333364,2.7327298414670005,19.321,0.0,0.0,19.321,36.42024166666667,41.242,30.523,3.901889660207264,-5.062999999999999,0.5613166666666666,0.023716897835464316,0.613,0.051683333333333414,2545.3444333333728,186.6193185981145,2951.4,58.98648333333335,46.6868,31.33713851851765,68.6709738377049,100,100,0,90,1
48.931805249996415,66.06432120504941,191.75,0.0,191.75,-141.53199999999998,142.81819475000358,8.436502500000028,2.7332472940873727,19.364,0.0,0.0,19.364,36.422116666666675,41.262,30.527,3.918687138583231,-5.0,0.5632833333333334,0.027431944552308043,0.629,0.06571666666666665,2544.471466666707,187.33259516000888,2951.6,59.092449999999985,46.89236666666667,31.26347480555437,68.82500044368909,100,100,0,90,1
48.900233499997626,66.0940521100692,191.76,0.0,191.76,-141.50500000000002,142.85976650000237,8.430539166666692,2.736291966007161,19.216,0.0,0.0,19.216,36.4336625,41.316,30.523,3.9156962165766322,-4.981000000000002,0.5618500000000001,0.02790287331052215,0.624,0.06214999999999993,2544.6603666667047,186.70340104702424,2955.8,58.85931666666666,46.70505,31.254811722221437,68.85824694938688,100,100,0,90,1
48.95252313888582,66.06644364604108,191.75,0.0,191.75,-141.498,142.79747686111418,8.429424166666694,2.7422458574803903,19.291,0.0,0.0,19.291,36.438870833333354,41.316,30.539,3.9160797722223877,-5.055,0.5665666666666666,0.02638654425107849,0.633,0.06643333333333346,2545.20250000008,187.334339296163,2957.2,58.78741666666666,46.703950000000006,31.27360604629529,68.83507604777255,100,100,0,90,1
48.90915094444114,66.08827659423102,191.75,0.0,191.75,-141.513,142.84084905555886,8.433412500000019,2.7317350959672497,19.05,0.0,0.0,19.05,36.4268125,41.305,30.523,3.93713251672285,-5.030999999999999,0.5673333333333332,0.02475347376181442,0.623,0.05566666666666675,2542.666366666693,187.32595096279704,2949.8,58.98093333333334,47.03796666666667,31.25645864814705,68.84476516396009,100,100,0,90,1
48.77261305555296,66.19132616857065,191.81,0.0,191.81,-141.60299999999998,143.03738694444704,8.434775833333337,2.7339093237965284,19.378,0.0,0.0,19.378,36.426224999999995,41.301,30.461,3.940032414883757,-5.1370000000000005,0.5625666666666665,0.02337923652656285,0.622,0.05943333333333345,2544.0192333333625,187.84767953991422,2955.4,59.046933333333335,47.150116666666676,31.211204629628764,68.94861472889374,100,100,0,90,1
48.835719722218855,66.13733828704851,191.75,0.0,191.75,-141.57399999999998,142.91428027778113,8.422046666666695,2.7395147304990117,19.216,0.0,0.0,19.216,36.439624999999985,41.305,30.445,3.927486753877452,-5.073999999999998,0.5612833333333334,0.024180179350995857,0.618,0.05671666666666664,2544.1995666667026,187.14372145998524,2951.4,58.75765000000001,46.97401666666667,31.23246379629518,68.90103319689851,100,100,0,90,1
48.83975908333006,66.13709754683983,191.76,0.0,191.76,-141.614,142.92024091666994,8.431868333333357,2.732512680169413,19.096,0.0,0.0,19.096,36.4655,41.328,30.586,3.915563525707299,-5.035,0.5600166666666666,0.018853126941709826,0.595,0.034983333333333366,2541.918000000013,187.1633584237472,2949.6,59.11613333333335,46.68863333333332,31.245709138887804,68.88846335395094,100,100,0,90,1
48.881580333330945,66.11648400051236,191.76,0.0,191.76,-141.661,142.87841966666906,8.434742500000015,2.737771282909699,18.959,0.0,0.0,18.959,36.45501666666667,41.332,30.539,3.9438147420215284,-5.023999999999997,0.5596833333333332,0.02336264704257968,0.601,0.04131666666666678,2541.637166666697,187.24813908172888,2951.8,59.194133333333326,46.96424999999999,31.257113166665874,68.87761793046464,100,100,0,90,1
49.126269777775775,65.93902704006325,191.79,0.0,191.79,-141.728,142.66373022222422,8.428348333333366,2.7322791114653127,19.316,0.0,0.0,19.316,36.46552083333334,41.332,30.539,3.9340843021769736,-4.952999999999999,0.5639333333333333,0.019471723667895173,0.604,0.040066666666666695,2542.0128666666965,187.31009380077597,2949.8,58.97463333333332,46.73116666666666,31.340046314814163,68.69077787519646,100,100,0,90,1
49.30984611110844,65.81251908120885,191.79,0.0,191.79,-141.741,142.48015388889155,8.426862500000032,2.731815059295238,19.139,0.0,0.0,19.139,36.46939583333335,41.324,30.605,3.924952407778959,-4.956999999999997,0.5599,0.01712733962738707,0.601,0.041100000000000025,2541.298700000063,187.43915670039198,2949.6,58.965399999999974,46.534683333333334,31.40203481481394,68.56146148013148,100,100,0,90,1
49.50160794444071,65.67913243037052,191.76,0.0,191.76,-141.541,142.25839205555928,8.425500833333345,2.7317293837764742,19.252,0.0,0.0,19.252,36.47145000000001,41.324,30.578,3.929463227047642,-4.9730000000000025,0.5583666666666667,0.02165599041614014,0.591,0.03263333333333329,2541.0871000000475,187.12594218857876,2947.8,58.96896666666668,46.516466666666666,31.466186259258023,68.43251780456312,100,100,0,90,1
48.982276972219914,66.03445479127478,191.81,0.0,191.81,-141.798,142.82772302778008,8.430805000000028,2.730046821334859,18.989,0.0,0.0,18.989,36.46953333333336,41.324,30.527,3.9255241175173796,-4.940999999999999,0.5654999999999998,0.018718702692987928,0.608,0.042500000000000204,2542.2040333333402,187.15718352663666,2951.8,59.07738333333334,46.44801666666665,31.2942051018511,68.78322031530263,100,100,0,90,1
48.98424049999731,66.03350430201115,191.75,0.0,191.75,-141.594,142.76575950000267,8.428150833333358,2.732791070611201,19.101,0.0,0.0,19.101,36.46872500000003,41.328,30.539,3.925691951292602,-5.042999999999999,0.5625,0.024431502309206137,0.608,0.045499999999999985,2542.7838000000415,186.6144856612238,2949.6,58.86358333333333,46.459999999999994,31.29370544444357,68.79072687493156,100,100,0,90,1
49.00753597221983,66.03208841120087,191.7,0.0,191.7,-141.57,142.69246402778015,8.43512750000002,2.7340873460669988,19.31,0.0,0.0,19.31,36.46035416666666,41.332,30.535,3.936048848694984,-5.047000000000001,0.5670000000000001,0.020176341238259992,0.61,0.04299999999999993,2541.163433333326,187.57582949707074,2949.8,59.176000000000016,46.671566666666656,31.301005879628836,68.78635209850613,100,100,0,90,1
48.95432947222021,66.06484863902556,191.78,0.0,191.78,-141.716,142.82567052777978,8.426024166666691,2.7329035795703924,19.023,0.0,0.0,19.023,36.451995833333356,41.316,30.523,3.9399073099327135,-5.015000000000004,0.5691833333333332,0.028986549579023267,0.632,0.06281666666666685,2542.93213333339,187.5300794963345,2953.8,58.842149999999975,46.72870000000002,31.27744982407342,68.82673876817496,100,100,0,90,1
48.92862463888641,66.0853514775103,191.71,0.0,191.71,-141.59199999999998,142.7813753611136,8.426278333333363,2.740286090431386,19.278,0.0,0.0,19.278,36.4301791666667,41.316,30.469,3.96468530954832,-5.038999999999998,0.5650666666666667,0.023289531122094413,0.623,0.05793333333333328,2542.0092666667074,187.10121294309226,2947.6,58.84231666666667,47.37890000000002,31.261694046295492,68.84892709906377,100,100,0,90,1
48.99706419444273,66.02499184399012,191.69,0.0,191.69,-141.594,142.69293580555728,8.427930000000009,2.731778345853801,19.318,0.0,0.0,19.318,36.437500000000014,41.316,30.527,3.9438428310659934,-5.113000000000003,0.5616,0.027165032358729968,0.614,0.0524,2540.3872666667403,187.3622993998569,2949.4,59.019616666666664,46.888566666666655,31.287498064814248,68.78393522220264,100,100,0,90,1
49.082500333331225,65.95243142985993,191.69,0.0,191.69,-141.623,142.6074996666688,8.422580833333345,2.7362473849402393,19.0,0.0,0.0,19.0,36.43530833333336,41.316,30.516,3.94066670186155,-5.120999999999995,0.5597833333333333,0.020071982046545252,0.593,0.03321666666666667,2540.362733333355,187.0275621114718,2947.4,58.85253333333334,46.86278333333334,31.31346316666598,68.70875079684672,100,100,0,90,1
49.398580055552955,65.74915142222581,191.71,0.0,191.71,-141.56799999999998,142.31141994444704,8.423836666666693,2.7403783250601133,19.414,0.0,0.0,19.414,36.44730833333332,41.316,30.527,3.932356842871616,-5.031000000000002,0.5623166666666666,0.02593701083535736,0.617,0.05468333333333342,2540.0978666667065,187.15668316357562,2944.6,58.90705000000002,46.577633333333324,31.423241685184323,68.51546675812128,100,100,0,90,1
49.046046388886374,65.99034932162137,191.84,0.0,191.84,-141.73399999999998,142.79395361111364,8.433054166666683,2.7385900156761216,18.998,0.0,0.0,18.998,36.44678750000002,41.324,30.527,3.935271722773495,-5.140999999999998,0.5627,0.02436049872857868,0.608,0.04530000000000001,2539.90496666669,187.0999454487629,2947.4,59.23193333333333,46.61353333333334,31.308629351851028,68.75329983602607,100,100,0,90,1
49.01348366666411,66.01609282127177,191.81,0.0,191.81,-141.626,142.7965163333359,8.426105833333349,2.729647369826789,19.03,0.0,0.0,19.03,36.453162500000026,41.328,30.535,3.9267202528566463,-5.007999999999999,0.5507166666666666,0.020303703984254327,0.587,0.036283333333333334,2540.4156666667177,187.10869783459145,2945.6,59.018933333333315,46.44011666666666,31.29758399999916,68.76604389508282,100,100,0,90,1
49.71888094444237,65.54112624065448,191.7,0.0,191.7,-141.679,141.98111905555763,8.428545000000028,2.7289487525516813,19.064,0.0,0.0,19.064,36.43155833333336,41.324,30.535,3.9448581082836087,-5.047000000000001,0.5524500000000001,0.01642076506816074,0.587,0.03454999999999986,2541.682766666682,187.33326729437235,2947.6,59.011750000000006,46.769733333333335,31.52632809259192,68.28649575827433,100,100,0,90,1
49.147640583330535,65.94938507498684,191.75,0.0,191.75,-141.524,142.60235941666946,8.43334916666669,2.7330883667748114,19.428,0.0,0.0,19.428,36.42670416666668,41.328,30.535,3.942675422796342,-5.066999999999997,0.5560833333333333,0.020504064637692342,0.604,0.04791666666666672,2541.2880666667224,186.7757322208107,2948.4,59.10381666666665,46.79063333333332,31.335897972221304,68.70297750639934,100,100,0,90,1
48.8038720277753,66.17033870869271,191.73,0.0,191.73,-141.601,142.9261279722247,8.42904833333336,2.735710753552565,19.2,0.0,0.0,19.2,36.42142916666669,41.332,30.527,3.9372778953341823,-5.050999999999998,0.5556500000000001,0.02162298290778835,0.59,0.03434999999999988,2542.310966666755,186.81086491317137,2947.8,58.90971666666665,46.739033333333325,31.21811650925845,68.92767244515306,100,100,0,90,1
48.77567008333125,66.19934077366453,191.77,0.0,191.77,-141.594,142.99432991666876,8.427407500000038,2.7417322005123923,19.319,0.0,0.0,19.319,36.423049999999996,41.297,30.527,3.9243697334758,-5.055,0.5594499999999999,0.026278447055734015,0.616,0.0565500000000001,2541.8808000000636,187.3115656736992,2949.6,58.84441666666667,46.55208333333333,31.20870919444376,68.96735142123265,100,100,0,90,1
48.79356294444223,66.18123145069607,191.73,0.0,191.73,-141.743,142.93643705555775,8.43369833333335,2.733224186629386,19.465,0.0,0.0,19.465,36.415608333333346,41.285,30.535,3.9279401711602975,-5.046999999999997,0.5622999999999999,0.02693388011975036,0.654,0.09170000000000011,2540.3732000000023,187.47621064200683,2947.8,59.20039999999997,46.59348333333334,31.21428987036964,68.94138951744522,100,100,0,90,1
48.78268066666411,66.19096772542085,191.76,0.0,191.76,-141.79500000000002,142.97731933333588,8.42504166666669,2.7326792130309894,19.071,0.0,0.0,19.071,36.4121041666667,41.262,30.527,3.918097246767749,-4.870999999999999,0.5612499999999999,0.020700139195470722,0.603,0.041750000000000065,2540.884766666683,186.83598549402845,2947.4,58.905350000000034,46.52879999999997,31.206608833332506,68.94434707764731,100,100,0,90,1
48.78357824999799,66.18478827249679,191.78,0.0,191.78,-141.784,142.996421750002,8.435763333333346,2.733289349766476,18.896,0.0,0.0,18.896,36.412108333333364,41.242,30.535,3.90967227338634,-5.011999999999997,0.5614666666666667,0.025602215652706355,0.621,0.05953333333333333,2540.833300000043,187.36512174339614,2947.6,59.19401666666666,46.43451666666668,31.210483305554902,68.94367983791598,100,100,0,90,1
48.79524469444247,66.18775188332994,191.79,0.0,191.79,-141.56799999999998,142.99475530555753,8.427050000000028,2.7332635127917384,18.946,0.0,0.0,18.946,36.40068333333336,41.25,30.527,3.9233599947311264,-4.940999999999999,0.5623666666666665,0.02204230652259779,0.618,0.055633333333333534,2540.3830666667054,186.8637676433606,2947.2,58.90286666666671,46.64163333333335,31.207659342591953,68.94305770264427,100,100,0,90,1
48.734691611108495,66.2250181403469,191.79,0.0,191.79,-141.62900000000002,143.0553083888915,8.430850833333368,2.7331966620748838,19.401,0.0,0.0,19.401,36.3933041666667,41.234,30.527,3.9261909531783328,-4.981000000000002,0.5563166666666668,0.020081606109940538,0.599,0.042683333333333184,2540.4132666666846,187.11519810058792,2947.4,59.08901666666665,46.77541666666666,31.186282203702856,68.97829640853173,100,100,0,90,1
48.75265519444194,66.20647118530067,191.86,0.0,191.86,-141.62099999999998,143.10734480555806,8.426330833333349,2.740331598080575,19.4,0.0,0.0,19.4,36.39026250000003,41.223,30.523,3.9204463340290845,-4.9609999999999985,0.5600666666666666,0.02312887011439081,0.61,0.049933333333333385,2540.6546000000035,187.15499818171406,2946.6,58.86163333333333,46.675183333333344,31.189749509258444,68.96993165349564,100,100,0,90,1
48.73348394444138,66.22410676000028,191.82,0.0,191.82,-141.559,143.0865160555586,8.434992500000028,2.733235482771408,19.226,0.0,0.0,19.226,36.38807083333333,41.207,30.527,3.9154054759356343,-4.948999999999998,0.5618166666666667,0.018627928427877402,0.601,0.03918333333333324,2541.043900000033,187.1810605920483,2948.6,59.17400000000002,46.67738333333332,31.185515759258248,68.97597017119956,100,100,0,90,1
48.74902847221907,66.21947635912655,191.69,0.0,191.69,-141.621,142.94097152778093,8.433805833333349,2.7348591719455353,19.101,0.0,0.0,19.101,36.38776250000001,41.191,30.527,3.9145603532526256,-4.968999999999998,0.5622666666666666,0.024108418015478292,0.612,0.04973333333333341,2543.890033333328,186.78570590560187,2955.0,58.894049999999986,46.67961666666666,31.190198935184142,68.97844394908755,100,100,0,90,1
48.77571133333089,66.19566154713067,191.68,0.0,191.68,-141.69899999999998,142.90428866666912,8.43409250000002,2.7393078919773926,19.283,0.0,0.0,19.283,36.3790333333333,41.223,30.469,3.9309045312791153,-5.051000000000002,0.5637500000000001,0.026886847014346626,0.631,0.06724999999999992,2547.26503333333,186.83216730653112,2957.0,58.78179999999999,46.9222166666667,31.196279055554736,68.96185628612241,100,100,0,90,1
50.04138486110907,65.33322520950513,191.67,0.0,191.67,-141.72,141.62861513889092,8.43678083333334,2.7349620723903683,19.388,0.0,0.0,19.388,36.38927499999999,41.234,30.461,3.918580413826343,-4.924999999999997,0.5622166666666665,0.02417807640262294,0.631,0.06878333333333353,2544.2306333334027,187.77914309820457,2955.0,59.06048333333335,46.69568333333332,31.622480231480797,68.09236535829812,100,100,0,90,1
49.614862888886556,65.61456522546332,191.73,0.0,191.73,-141.66799999999998,142.11513711111343,8.425645833333357,2.7359044390564913,19.291,0.0,0.0,19.291,36.39541666666669,41.23,30.527,3.9176035809272847,-4.9609999999999985,0.5521499999999999,0.020015947032134638,0.59,0.03785000000000005,2543.056800000018,187.3680403133055,2951.8,58.820899999999966,46.64779999999998,31.478641796295534,68.37048561155196,100,100,0,90,1
48.8002589722195,66.17183244800744,191.79,0.0,191.79,-141.479,142.9897410277805,8.432815833333352,2.7323728292421876,19.366,0.0,0.0,19.366,36.38957083333335,41.23,30.547,3.916352384978891,-4.956999999999997,0.5548333333333334,0.021649884852448818,0.604,0.04916666666666658,2543.587500000049,187.06850640366488,2951.6,58.98535000000002,46.63528333333331,31.207548546295403,68.92585516210207,100,100,0,90,1
48.784138333330745,66.18565639039988,191.73,0.0,191.73,-141.56900000000002,142.94586166666926,8.434508333333342,2.7319220230234347,18.975,0.0,0.0,18.975,36.39021666666668,41.23,30.535,3.920578120385745,-4.9289999999999985,0.5525666666666668,0.018935543357925747,0.593,0.04043333333333321,2544.131366666696,186.7533068758634,2949.6,58.9976,46.64146666666665,31.202954444443588,68.93651395678124,100,100,0,90,1
48.87343241666364,66.12743880958887,191.79,0.0,191.79,-141.636,142.91656758333636,8.433485833333343,2.7323996418841157,18.933,0.0,0.0,18.933,36.40539583333336,41.23,30.523,3.8972962258403063,-4.956999999999997,0.5580833333333335,0.021943912840112677,0.596,0.03791666666666649,2544.595666666711,187.03058071050583,2951.6,58.92621666666669,46.272850000000034,31.23743802777678,68.8817823643131,100,100,0,90,1
48.80294516666383,66.16770165998973,191.86,0.0,191.86,-141.572,143.05705483333617,8.444804166666676,2.7385898225174157,18.975,0.0,0.0,18.975,36.39285416666668,41.219,30.535,3.9075819026507927,-4.964999999999996,0.55105,0.024186720687747597,0.59,0.03894999999999993,2544.9003000000034,186.83594075561678,2953.4,59.14826666666667,46.515583333333346,31.21353449999906,68.9304782031949,100,100,0,90,1
48.79497697221982,66.18764988079695,191.7,0.0,191.7,-141.534,142.90502302778017,8.448419166666671,2.742490261756487,19.093,0.0,0.0,19.093,36.386850000000024,41.23,30.527,3.9117242795640066,-4.965,0.5536166666666666,0.027885414246225832,0.61,0.05638333333333334,2546.7533333333236,186.81157836134568,2953.8,59.111833333333315,46.63864999999999,31.210082046295508,68.95802555679967,100,100,0,90,1
48.80033480555307,66.19536836451553,191.79,0.0,191.79,-141.543,142.98966519444693,8.447038333333337,2.739406778503754,19.541,0.0,0.0,19.541,36.38465416666669,41.211,30.473,3.92090357098377,-4.98,0.5534333333333331,0.02739934841899182,0.619,0.06556666666666688,2547.859733333337,186.76149016226594,2959.0,59.00593333333336,46.73963333333332,31.2106757685177,68.96217449143828,100,100,0,90,1
48.80946755555298,66.18668319487153,191.73,0.0,191.73,-141.628,142.92053244444702,8.441822500000008,2.7441021096132223,19.113,0.0,0.0,19.113,36.384929166666666,41.184,30.527,3.9165059794428827,-4.956999999999997,0.5701833333333334,0.0322382506079329,0.646,0.07581666666666664,2548.712866666682,187.34237834039558,2955.0,58.72668333333333,46.67509999999998,31.212073074073217,68.96302355509269,100,100,0,90,1
48.778993138885994,66.20066473729345,191.68,0.0,191.68,-141.612,142.901006861114,8.448735833333343,2.740653956231215,19.353,0.0,0.0,19.353,36.377904166666696,41.176,30.469,3.9169557851189367,-4.993000000000002,0.5556833333333334,0.02643090875950175,0.614,0.05831666666666657,2548.178866666662,187.03597914919544,2955.0,58.96160000000001,46.8029,31.201877712962013,68.96774960228417,100,100,0,90,1
48.81508855555241,66.18609343121051,191.73,0.0,191.73,-141.572,142.91491144444757,8.441887500000002,2.7480649116804763,19.429,0.0,0.0,19.429,36.375658333333355,41.18,30.512,3.909967812248241,-4.985000000000003,0.5550833333333335,0.029691231180931973,0.613,0.057916666666666505,2548.360700000028,187.0464485749393,2957.8,58.756933333333315,46.696683333333326,31.210878129628586,68.96384957407192,100,100,0,90,1
48.788632527775114,66.18736838567872,191.78,0.0,191.78,-141.604,142.99136747222488,8.448595,2.7402654174562646,19.164,0.0,0.0,19.164,36.37307500000001,41.168,30.469,3.9094567475925692,-4.929999999999996,0.5549499999999999,0.027683088516827513,0.618,0.06305000000000005,2548.9439000000057,186.87217330120535,2961.0,58.88211666666669,46.68206666666665,31.20343417592504,68.95531689165182,100,100,0,90,1
48.79657288888664,66.18100787284483,191.77,0.0,191.77,-141.632,142.97342711111338,8.445032500000003,2.7447690918515173,19.398,0.0,0.0,19.398,36.376500000000014,41.168,30.523,3.9058551091779137,-4.995999999999999,0.5599833333333334,0.028680881050851734,0.622,0.06201666666666661,2547.9348666666583,187.41182989158602,2957.0,58.81946666666666,46.657916666666665,31.206035129628884,68.9544578457472,100,100,0,90,1
48.73731986110817,66.22647258816382,191.73,0.0,191.73,-141.664,142.9926801388918,8.444777499999992,2.7441954765781196,19.074,0.0,0.0,19.074,36.37480000000002,41.176,30.527,3.90595577661477,-4.9609999999999985,0.5582666666666667,0.024231137459864917,0.614,0.0557333333333333,2547.0689666667117,188.06678270247042,2957.0,58.79303333333333,46.653666666666666,31.185632453702727,68.9948992022018,100,100,0,90,1
48.83275491666386,66.15988825940053,191.71,0.0,191.71,-141.595,142.87724508333616,8.444507500000002,2.753708962621038,19.372,0.0,0.0,19.372,36.37582916666668,41.164,30.523,3.9088003542247574,-5.0,0.5569000000000002,0.02657748505529456,0.612,0.055099999999999816,2549.5079666666315,186.28846039125642,2954.4,58.66820000000004,46.647499999999994,31.217697194443513,68.94017470707686,100,100,0,90,1
48.82350363888608,66.17290840357472,191.73,0.0,191.73,-141.524,142.9064963611139,8.451970000000008,2.7431106279850384,19.401,0.0,0.0,19.401,36.37597500000003,41.168,30.527,3.908400340437211,-4.987999999999996,0.5611666666666667,0.027017362067887817,0.627,0.0658333333333333,2549.880699999995,187.29738463886451,2959.4,58.87678333333331,46.665266666666646,31.217149546295374,68.94303639362765,100,100,0,90,1
48.868567638886304,66.15292909182075,191.88,0.0,191.88,-141.517,143.0114323611137,8.448714166666665,2.7456883835781025,19.403,0.0,0.0,19.403,36.37716666666666,41.207,30.48,3.916986231184112,-5.035999999999998,0.5558833333333335,0.02798007261028525,0.622,0.06611666666666649,2548.1165666666448,188.743356407522,2965.2,58.8605166666667,46.74293333333332,31.231482824073208,68.92659754800914,100,100,0,90,1
48.925188527774914,66.09646668352954,191.75,0.0,191.75,-141.73999999999998,142.8248114722251,8.453389999999983,2.741036547676155,18.993,0.0,0.0,18.993,36.359679166666666,41.184,30.441,3.937911357430279,-5.051000000000002,0.5615833333333334,0.028078758282136792,0.641,0.07941666666666658,2549.2677666666523,187.09593589711426,2961.0,58.92696666666666,47.03045000000001,31.246085898147186,68.86558198948784,100,100,0,90,1
48.94135786110845,66.06958203562343,191.81,0.0,191.81,-141.70999999999998,142.86864213889154,8.447279166666666,2.7431038223241475,19.171,0.0,0.0,19.171,36.37016666666671,41.184,30.449,3.9179572207748103,-4.952999999999999,0.5543999999999999,0.028274202172202407,0.617,0.0626000000000001,2548.5143333333194,187.2187918111412,2959.2,58.815633333333345,46.76584999999998,31.252934564813945,68.84096006011977,100,100,0,90,1
50.254869083330284,65.20693809691103,191.75,0.0,191.75,-141.708,141.49513091666972,8.441789999999996,2.74033217048052,19.382,0.0,0.0,19.382,36.36379166666667,41.164,30.457,3.912583535586533,-5.063000000000002,0.5538166666666666,0.025100808054159335,0.609,0.05518333333333336,2543.013100000029,187.64542988381763,2951.4,59.00671666666669,46.68516666666665,31.686816916665652,67.97237107544571,100,100,0,90,1
50.441026249997016,65.08838270332014,191.79,0.0,191.79,-141.593,141.34897375000298,8.444904999999997,2.741190205140637,19.195,0.0,0.0,19.195,36.35820416666669,41.176,30.441,3.928419923077569,-4.976999999999997,0.5562166666666667,0.024211001608154408,0.613,0.0567833333333333,2545.16223333338,188.25538854323617,2957.2,58.93976666666666,46.91166666666667,31.748045138887903,67.85378391006893,100,100,0,90,1
49.269187722219584,65.8686578647788,191.81,0.0,191.81,-141.65300000000002,142.54081227778042,8.441924166666661,2.743806230818095,19.407,0.0,0.0,19.407,36.3733,41.176,30.527,3.9142789972891876,-4.988999999999997,0.5543666666666666,0.025807610667428725,0.613,0.058633333333333426,2543.856966666691,187.7054373124684,2955.0,58.88698333333332,46.64414999999999,31.36147062962875,68.63827170626432,100,100,0,90,1
49.24225386110801,65.89854444464335,191.76,0.0,191.76,-141.459,142.517746138892,8.441971666666673,2.742905398031319,19.533,0.0,0.0,19.533,36.369645833333365,41.168,30.523,3.910531836239411,-4.965,0.5556,0.024163426628702248,0.607,0.0514,2543.8468999999586,186.53566847386634,2955.6,58.89076666666668,46.602283333333325,31.351290453702685,68.66561326930338,100,100,0,90,1
48.899552388885624,66.10839039001806,191.73,0.0,191.73,-141.622,142.83044761111438,8.44342083333334,2.743512830771858,19.436,0.0,0.0,19.436,36.36189583333336,41.164,30.523,3.9055643645752793,-4.964999999999996,0.5589000000000001,0.021704252492799316,0.602,0.043099999999999916,2544.0100666666553,187.69983849280192,2955.0,58.92013333333334,46.65483333333334,31.234956351850773,68.87360747328272,100,100,0,90,1
48.83485224999818,66.154373343517,191.75,0.0,191.75,-141.587,142.91514775000184,8.447650833333341,2.7435839595381744,19.076,0.0,0.0,19.076,36.35545000000005,41.164,30.445,3.924953675285617,-4.968999999999998,0.5580166666666666,0.02592328425695065,0.608,0.04998333333333338,2545.3729333333704,186.3812759839405,2953.4,59.08753333333334,46.922149999999995,31.212651027777188,68.92388058731211,100,100,0,90,1
48.88658633332981,66.12262241287277,191.78,0.0,191.78,-141.682,142.8934136666702,8.439764166666667,2.7408281344516063,19.068,0.0,0.0,19.068,36.364212500000015,41.164,30.527,3.902678383027401,-4.957000000000004,0.5536166666666668,0.02784648696259891,0.621,0.06738333333333324,2544.5711666666975,187.21846488591322,2953.4,58.85693333333331,46.59310000000001,31.2301876666655,68.89129703428698,100,100,0,90,1
48.98847036110896,66.04973423035399,191.81,0.0,191.81,-141.518,142.82152963889104,8.439995000000007,2.7487741797422505,19.544,0.0,0.0,19.544,36.358391666666684,41.148,30.523,3.9050947653405412,-4.980999999999998,0.5554666666666666,0.027944537483043836,0.618,0.06253333333333344,2544.5033333333836,187.04236749132983,2952.0,58.82183333333335,46.67385,31.262285675925217,68.82645294757928,100,100,0,90,1
49.091658277775075,65.96750948983406,191.81,0.0,191.81,-141.65900000000002,142.71834172222492,8.441834166666675,2.739136619663873,19.103,0.0,0.0,19.103,36.356783333333354,41.152,30.461,3.911827078352831,-5.0390000000000015,0.5516500000000002,0.02383973680323372,0.611,0.05934999999999979,2543.0420000000536,187.0119748103146,2951.8,59.00354999999999,46.709883333333316,31.2967585925917,68.73048584630116,100,100,0,90,1
48.97165863888645,66.05839627232612,191.73,0.0,191.73,-141.625,142.75834136111354,8.449266666666666,2.7429107164143605,19.105,0.0,0.0,19.105,36.3435375,41.152,30.441,3.9325201431667365,-5.063000000000002,0.5517500000000002,0.024689684252225164,0.62,0.06824999999999981,2543.870300000037,187.0878580837099,2951.4,59.100133333333346,47.07523333333333,31.25482093518437,68.8259966729927,100,100,0,90,1
48.950273222219124,66.06864352129098,191.73,0.0,191.73,-141.536,142.77972677778087,8.448064166666663,2.7426399252999256,19.161,0.0,0.0,19.161,36.34631249999998,41.152,30.449,3.923096791224491,-5.0710000000000015,0.5521,0.024671193660019134,0.611,0.05889999999999995,2547.3501333333875,185.5623794471639,2953.0,58.78990000000002,46.85513333333334,31.248216629628587,68.83595464025092,100,100,0,90,1
48.880083249996595,66.12559281111548,191.77,0.0,191.77,-141.606,142.8899167500034,8.450829999999995,2.7463083273655684,19.581,0.0,0.0,19.581,36.33694166666666,41.148,30.434,3.9298198438288727,-4.909999999999997,0.5496666666666667,0.022470822261487087,0.6,0.05033333333333323,2547.8646000000313,186.9855875065309,2953.4,58.87628333333331,47.09043333333332,31.22261830555442,68.89437196074253,100,100,0,90,1
48.83088305555291,66.16955363323699,191.81,0.0,191.81,-141.72199999999998,142.9791169444471,8.454691666666662,2.7450784058886097,19.164,0.0,0.0,19.164,36.34886249999999,41.129,30.461,3.9069660341361176,-5.055,0.5498166666666668,0.0262752649467631,0.607,0.05718333333333314,2547.453700000048,186.97389998657394,2953.4,59.049433333333354,46.74094999999999,31.211479074073186,68.94090730407235,100,100,0,90,1
48.82821197221945,66.15357109007701,191.73,0.0,191.73,-141.77100000000002,142.90178802778053,8.448178333333333,2.744715640976688,19.279,0.0,0.0,19.279,36.344350000000006,41.152,30.449,3.9182875382794435,-4.956999999999997,0.5436666666666666,0.023611019164548996,0.601,0.05733333333333335,2547.7676666667085,186.83471821339094,2956.6,58.873283333333305,46.85529999999999,31.206913435184262,68.92189775021825,100,100,0,90,1
48.86874791666341,66.13765483656893,191.73,0.0,191.73,-141.60399999999998,142.86125208333658,8.45452250000001,2.7470422570701127,19.311,0.0,0.0,19.311,36.34255416666668,41.152,30.434,3.9199278894058196,-4.968,0.5397166666666667,0.01886894288638653,0.589,0.049283333333333235,2549.066100000028,186.67461275161207,2953.6,59.04955000000002,46.88995,31.221941527776703,68.90356603652542,100,100,0,90,1
48.83010483333073,66.16890565371399,191.82,0.0,191.82,-141.605,142.98989516666927,8.4431475,2.7527146544913244,19.533,0.0,0.0,19.533,36.33242083333332,41.109,30.441,3.925193959174168,-5.028000000000002,0.5400500000000004,0.0222233843858068,0.581,0.0409499999999996,2549.729100000044,186.66646197927818,2955.4,58.638583333333344,47.06508333333332,31.201891055554682,68.94384369259113,100,100,0,90,1
48.974903249997546,66.06130164433658,191.71,0.0,191.71,-141.525,142.73509675000247,8.449455000000004,2.7512239983716364,19.456,0.0,0.0,19.456,36.32825833333334,41.102,30.457,3.9274947735907917,-4.953000000000003,0.5482166666666667,0.023926505879794033,0.606,0.0577833333333333,2548.5934666667285,187.10581099492046,2953.6,58.7662,47.131883333333334,31.25087219444363,68.83645214858802,100,100,0,90,1
48.92370847221965,66.08653091763608,191.79,0.0,191.79,-141.70999999999998,142.86629152778033,8.449581666666667,2.74511218576295,19.253,0.0,0.0,19.253,36.337941666666694,41.141,30.445,3.918538055232695,-4.879000000000001,0.5492,0.024823307800724115,0.602,0.05279999999999996,2547.3466333333668,186.60880159522048,2951.8,58.82766666666669,46.89131666666666,31.23707726851767,68.85646641119976,100,100,0,90,1
49.14822902777564,65.94151878113115,191.79,0.0,191.79,-141.581,142.64177097222435,8.447546666666666,2.7495093621588906,19.447,0.0,0.0,19.447,36.32983333333335,41.137,30.445,3.928185756315851,-4.981000000000002,0.5430500000000001,0.02332702295621966,0.604,0.06094999999999984,2548.3673000000363,187.09869446619655,2953.4,58.75656666666664,47.10921666666668,31.30853634259189,68.71435516624626,100,100,0,90,1
49.18896436110824,65.9146937112247,191.77,0.0,191.77,-141.659,142.58103563889176,8.446526666666665,2.7471623201587443,19.569,0.0,0.0,19.569,36.32796666666664,41.152,30.441,3.9308021793194854,-4.957000000000001,0.5471166666666668,0.022689571760319004,0.624,0.07688333333333319,2547.4671333333545,186.91661648099046,2955.4,58.85766666666664,47.179216666666655,31.321152564813847,68.68454560314377,100,100,0,90,1
49.17531997221909,65.91816823611912,191.79,0.0,191.79,-141.68200000000002,142.6146800277809,8.447828333333335,2.748545669976611,19.266,0.0,0.0,19.266,36.337954166666705,41.137,30.434,3.925009641805621,-4.9730000000000025,0.5471999999999999,0.025286024813075243,0.601,0.05380000000000007,2547.7965333333623,186.69269005883024,2951.6,58.74290000000001,46.98723333333334,31.32036749073971,68.69199993090879,100,100,0,90,1
49.13396308332977,65.94952826903626,191.89,0.0,191.89,-141.566,142.7560369166702,8.451138333333327,2.744188099931148,19.504,0.0,0.0,19.504,36.34641666666669,41.141,30.445,3.9127241718410644,-5.027000000000001,0.5466999999999999,0.025114179936806695,0.606,0.05930000000000013,2545.872300000016,187.5545493384247,2951.8,59.006750000000004,46.79608333333332,31.310506027776597,68.71883054890422,100,100,0,90,1
48.81039474999691,66.18116507308213,191.77,0.0,191.77,-141.57600000000002,142.9596052500031,8.454336666666661,2.7478378777669845,19.197,0.0,0.0,19.197,36.34446250000006,41.152,30.449,3.9161434479426336,-4.894000000000002,0.55015,0.01978342483760291,0.594,0.043849999999999945,2547.7522333333727,186.05904912143407,2951.8,59.06893333333334,46.87669999999999,31.203064638887877,68.94878637568671,100,100,0,90,1
48.748372222219864,66.23609870394478,191.87,0.0,191.87,-141.69199999999998,143.12162777778013,8.451845833333337,2.744871619749588,19.35,0.0,0.0,19.35,36.342212500000045,41.148,30.449,3.9198994458980554,-4.863000000000003,0.5530166666666665,0.028908676585428516,0.618,0.0649833333333335,2549.2958333333822,186.8367308373023,2963.0,58.8673,46.88941666666666,31.180810185184413,69.0098790002798,100,100,0,90,1
48.7493622777753,66.22759994487899,191.81,0.0,191.81,-141.615,143.0606377222247,8.455066666666658,2.744509956192287,19.208,0.0,0.0,19.208,36.34292916666673,41.148,30.449,3.9238433553048484,-4.965,0.5579833333333334,0.019866923082560124,0.6,0.04201666666666659,2548.8448333333467,187.05418721535753,2959.8,59.022333333333336,46.95709999999998,31.182452703702893,68.99197682415384,100,100,0,90,1
48.787514027774805,66.21172751522184,191.76,0.0,191.76,-141.593,142.97248597222517,8.455794999999991,2.744822681146109,19.482,0.0,0.0,19.482,36.3447625,41.164,30.441,3.9285181335695167,-4.965,0.5528000000000001,0.02883900372053826,0.628,0.07519999999999993,2549.9968000000854,186.42051084641244,2963.0,58.94311666666668,46.974933333333325,31.1960238425916,68.98538920008848,100,100,0,90,1
48.81542566666402,66.17950371470658,191.73,0.0,191.73,-141.686,142.91457433333596,8.45178333333334,2.746573653739947,19.514,0.0,0.0,19.514,36.361908333333375,41.148,30.516,3.905498890221353,-4.964999999999996,0.5497666666666667,0.0239613860742418,0.603,0.053233333333333244,2547.794700000007,186.9467927935628,2957.4,58.895683333333324,46.650349999999996,31.209705777776907,68.95003875452078,100,100,0,90,1
48.80420386110771,66.18520637807678,191.84,0.0,191.84,-141.495,143.0357961388923,8.45422083333334,2.7467953772416935,19.543,0.0,0.0,19.543,36.36720833333334,41.156,30.527,3.907802178253834,-4.968999999999998,0.5521666666666668,0.025114764829266813,0.618,0.06583333333333319,2547.7302666667024,187.57112726970112,2960.8,59.027316666666664,46.652483333333315,31.208544342591463,68.95711652014775,100,100,0,90,1
48.820835277775124,66.16212078156694,191.81,0.0,191.81,-141.484,142.98916472222487,8.448769166666663,2.7441823402390204,19.668,0.0,0.0,19.668,36.36929583333335,41.164,30.523,3.912220393845981,-4.948999999999998,0.5581,0.022707946790884153,0.604,0.04589999999999994,2543.8245000000265,187.61307810916665,2951.8,59.037966666666655,46.71473333333332,31.21296675925838,68.92901106859685,100,100,0,90,1
48.81819113888586,66.16570084286575,191.88,0.0,191.88,-141.512,143.06180886111414,8.449472500000008,2.7440122348849108,19.499,0.0,0.0,19.499,36.36556250000002,41.184,30.449,3.928422685942118,-4.953000000000003,0.5567666666666667,0.021316315599429043,0.595,0.03823333333333323,2543.8055333333787,187.16270964777146,2950.6,59.11233333333335,47.19146666666668,31.211075379628625,68.93102939335009,100,100,0,90,1
48.832310805552616,66.14998608420076,191.79,0.0,191.79,-141.631,142.95768919444737,8.4482725,2.7405205260811267,19.158,0.0,0.0,19.158,36.37818333333329,41.184,30.461,3.917914265548658,-5.047000000000004,0.5532666666666665,0.027182289016162542,0.625,0.07173333333333354,2544.406266666708,187.3145554528789,2951.8,59.12864999999999,47.058066666666676,31.219588879628635,68.91768889929806,100,100,0,90,1
48.852317388886185,66.13706022019015,191.79,0.0,191.79,-141.612,142.93768261111381,8.44528916666667,2.7415984967679963,19.571,0.0,0.0,19.571,36.38556250000002,41.18,30.449,3.9127814166507497,-5.050999999999998,0.5575499999999999,0.02492798101106735,0.608,0.050450000000000106,2545.0716333333467,187.4780353293528,2955.4,58.97446666666667,47.011883333333344,31.227723018517622,68.9035866979692,100,100,0,90,1
48.860503999996205,66.13369770688763,191.75,0.0,191.75,-141.51,142.8894960000038,8.445625833333343,2.740698391327685,19.372,0.0,0.0,19.372,36.391725000000015,41.156,30.461,3.903470239072174,-5.055,0.5514666666666665,0.027882602963543376,0.612,0.06053333333333344,2544.626733333356,187.82803807554959,2955.0,59.03656666666667,46.89225,31.23261827777652,68.90227870117886,100,100,0,90,1
48.80568141666478,66.1718433477108,191.75,0.0,191.75,-141.726,142.94431858333522,8.443823333333311,2.738391660176826,19.187,0.0,0.0,19.187,36.39811250000004,41.18,30.473,3.90723567060104,-5.023999999999997,0.5550499999999999,0.020964396776520632,0.599,0.043950000000000045,2542.1881000000135,187.4932987457661,2949.8,59.052416666666666,47.00526666666666,31.215872416666045,68.93119940466416,100,100,0,90,1
48.86304883333025,66.13249976357042,191.73,0.0,191.73,-141.481,142.86695116666974,8.441409166666656,2.7453542157417288,19.499,0.0,0.0,19.499,36.40481666666671,41.234,30.469,3.925560894247992,-5.042999999999999,0.5627,0.025211848169771133,0.622,0.05930000000000002,2542.090533333396,187.16596898752738,2949.4,58.89726666666666,47.12913333333333,31.23642488888787,68.90306582748192,100,100,0,90,1
49.066418805553425,65.98674490876523,191.84,0.0,191.84,-141.60999999999999,142.7735811944466,8.436453333333338,2.7479561547956797,19.549,0.0,0.0,19.549,36.4133791666667,41.246,30.535,3.928022149942999,-5.046999999999997,0.5567333333333335,0.01996001653022874,0.602,0.045266666666666455,2542.7074333333317,187.2255360564832,2950.4,58.82999999999999,47.22698333333333,31.305417101851152,68.75466108009114,100,100,0,90,1
49.94279169444156,65.39448698544324,191.77,0.0,191.77,-141.678,141.82720830555846,8.441150833333332,2.741806479079667,19.173,0.0,0.0,19.173,36.4182791666667,41.242,30.535,3.9300469544267917,-5.047000000000001,0.5629833333333332,0.022959427491435015,0.612,0.04901666666666682,2540.641133333361,188.05895831719755,2951.8,58.97530000000001,47.37518333333331,31.60074056481386,68.15925289201434,100,100,0,90,1
50.252806666664135,65.18833984673401,191.82,0.0,191.82,-141.805,141.56719333333587,8.444545000000009,2.740876697433465,19.639,0.0,0.0,19.639,36.432700000000004,41.27,30.527,3.9239305610189823,-4.968999999999998,0.56155,0.027438328382151458,0.622,0.060450000000000004,2541.33490000004,187.01077778341508,2949.4,59.13150000000004,47.222766666666665,31.71001722222138,67.95665487254962,100,100,0,90,1
50.16880147221908,65.23677499167071,191.81,0.0,191.81,-141.61399999999998,141.64119852778092,8.435524166666685,2.7415545667165815,19.556,0.0,0.0,19.556,36.451087500000035,41.312,30.602,3.911523820585307,-4.977,0.5502166666666668,0.01963229064979915,0.59,0.03978333333333317,2541.5876333333817,187.3426914891743,2949.8,58.941583333333334,46.92808333333332,31.685137712961932,67.9979618490371,100,100,0,90,1
50.274442666664335,65.1732968449147,191.77,0.0,191.77,-141.71300000000002,141.49555733333568,8.443917500000023,2.7414811388595557,19.238,0.0,0.0,19.238,36.459966666666666,41.328,30.602,3.919650512627836,-5.063000000000002,0.5541,0.019166266269460604,0.587,0.03289999999999993,2541.361866666686,187.18868462897112,2947.6,59.188850000000016,47.07671666666667,31.726108944443677,67.93394425004372,100,100,0,90,1
50.29952986110867,65.15159972246445,191.75,0.0,191.75,-141.798,141.45047013889132,8.442205833333341,2.7446226780445926,19.212,0.0,0.0,19.212,36.46500833333334,41.328,30.562,3.9214879519453376,-5.035000000000004,0.5471666666666668,0.017864050318595445,0.585,0.03783333333333316,2543.015500000025,186.30708838263132,2950.6,59.14336666666665,47.06921666666667,31.735581342591782,67.91408645082764,100,100,0,90,1
50.320458333331516,65.14069584741787,191.81,0.0,191.81,-141.643,141.4895416666685,8.437998333333356,2.748672231738171,19.344,0.0,0.0,19.344,36.46866666666666,41.332,30.547,3.9241962209443857,-4.968999999999998,0.5505,0.021803047524507464,0.608,0.057499999999999996,2545.8976666667327,186.9049986159818,2950.8,58.73083333333333,47.05549999999999,31.74237444444384,67.91117112668056,100,100,0,90,1
50.313494749997574,65.13574182386093,191.79,0.0,191.79,-141.685,141.47650525000242,8.43790583333335,2.7376990546309896,19.488,0.0,0.0,19.488,36.474895833333335,41.34,30.594,3.930134044577967,-4.965,0.5419333333333333,0.018892978398557525,0.581,0.039066666666666694,2545.5553333333683,186.8393808344322,2950.4,58.894683333333326,47.09760000000002,31.74209880555475,67.89233385689047,100,100,0,90,1
50.318355638886516,65.1272039326757,191.75,0.0,191.75,-141.548,141.43164436111348,8.431950833333339,2.7396844536985463,19.631,0.0,0.0,19.631,36.47749583333334,41.332,30.605,3.9282495329711438,-5.058000000000003,0.5383,0.013556285676981453,0.562,0.023700000000000054,2545.035366666682,186.7975985739763,2953.6,58.81646666666669,47.1247,31.742600768517732,67.88044467205123,100,100,0,90,1
50.332410583330436,65.12129411782672,191.73,0.0,191.73,-141.554,141.39758941666955,8.43497333333336,2.7369215127757687,19.634,0.0,0.0,19.634,36.48206249999998,41.332,30.605,3.9282552953612213,-4.968999999999998,0.5445166666666666,0.012672526892972335,0.568,0.0234833333333333,2546.8043000000494,186.78678787733065,2957.6,58.91093333333334,47.17815,31.749815472221258,67.87088815749546,100,100,0,90,1
50.384346722219945,65.18678073446051,191.73,0.0,191.73,-141.56,141.34565327778006,8.44041333333335,2.7585375845714823,20.191,0.0,0.0,20.191,36.47214166666668,41.332,30.605,3.9271626407146454,-5.019000000000002,0.5376999999999998,0.01844304103752589,0.578,0.040300000000000114,2555.559966666687,185.3441082880122,2968.4,58.698400000000014,47.18523333333334,31.765633907406663,67.96376136006953,100,100,0,130,1
50.38360161110805,65.2008343618064,191.78,0.0,191.78,-141.787,141.39639838889195,8.441016666666686,2.750523828139504,20.115,0.0,0.0,20.115,36.475670833333346,41.332,30.605,3.9249050085756725,-4.949000000000002,0.5383166666666667,0.016855810914397477,0.569,0.030683333333333285,2551.296233333358,186.15280722321938,2957.4,58.92688333333334,47.28378333333334,31.766763037036025,67.9682140008603,100,100,0,130,1
50.45030108333095,65.1474701623116,191.69,0.0,191.69,-141.921,141.23969891666906,8.43668000000001,2.7591298508548365,20.235,0.0,0.0,20.235,36.481320833333335,41.34,30.594,3.930574394712241,-5.055,0.5522500000000001,0.021016236660968333,0.613,0.06074999999999986,2548.803700000051,185.54452590908147,2953.6,58.84804999999999,47.35483333333334,31.78943397222143,67.92761624982741,100,100,0,130,1
50.454723805553236,65.13108043018173,191.84,0.0,191.84,-141.735,141.38527619444676,8.45008416666668,2.755318869110198,19.782,0.0,0.0,19.782,36.49340000000002,41.34,30.602,3.937100922248061,-5.050999999999998,0.5447500000000001,0.02161420201658064,0.602,0.05724999999999991,2552.3546000000274,185.65964731989328,2956.4,59.03071666666664,47.37493333333335,31.799402657406645,67.9080135013085,100,100,0,130,1
50.453274611109734,65.1414704067211,191.69,0.0,191.69,-141.752,141.23672538889025,8.44737583333334,2.753105675771929,20.006,0.0,0.0,20.006,36.4983625,41.34,30.602,3.939833350054661,-5.035000000000004,0.5473166666666668,0.01960844825420544,0.593,0.04568333333333319,2550.8912333333537,185.67627205115005,2955.6,58.99655,47.372783333333324,31.799670981481025,67.91418453074724,100,100,0,130,1
50.457115861108264,65.14730378164629,191.7,0.0,191.7,-141.767,141.24288413889172,8.450552500000011,2.7563803809672027,19.857,0.0,0.0,19.857,36.512725000000025,41.344,30.605,3.945651096685849,-5.050999999999998,0.5501,0.022781720296347594,0.599,0.048899999999999944,2550.303000000038,185.2655286438466,2955.6,59.15350000000001,47.50581666666666,31.8067977870361,67.92646588290984,100,100,0,130,1
50.45337708333116,65.14260186850339,191.73,0.0,191.73,-141.779,141.27662291666883,8.452234999999991,2.7517671961898755,19.861,0.0,0.0,19.861,36.521629166666685,41.395,30.605,3.956988317384273,-5.054999999999996,0.5499333333333333,0.018779601868188875,0.591,0.041066666666666696,2550.2297333333686,185.52329596258173,2957.6,59.14863333333335,47.44096666666667,31.809080416665946,67.91314866656145,100,100,0,130,1
50.46348330555326,65.13587504054105,191.71,0.0,191.71,-141.727,141.24651669444674,8.44278166666669,2.7620546187747266,20.233,0.0,0.0,20.233,36.52334166666669,41.387,30.566,3.958135757873211,-5.042999999999996,0.5523333333333333,0.025970430817299838,0.605,0.05266666666666664,2549.713200000021,185.52108167101673,2963.0,58.81965000000001,47.338716666666656,31.80986887962888,67.92390009013307,100,100,0,130,1
50.464298777776285,65.13714404171323,191.81,0.0,191.81,-141.738,141.3457012222237,8.455265000000008,2.7554021271271485,19.883,0.0,0.0,19.883,36.532941666666645,41.41,30.602,3.961301564969927,-5.055,0.5524333333333333,0.02343788521340684,0.602,0.04956666666666665,2549.2575000000497,185.1135090035821,2955.6,59.22048333333334,47.27735,31.81750181481431,67.9159840540538,100,100,0,130,1
50.45777566666467,65.12157338269454,191.76,0.0,191.76,-141.753,141.30222433333532,8.452574166666686,2.751891356175991,19.929,0.0,0.0,19.929,36.550250000000034,41.422,30.605,3.952750622712702,-4.940999999999995,0.5506333333333332,0.02313480514375574,0.602,0.05136666666666678,2551.5821666667257,185.24363095423033,2955.6,58.98765000000001,47.06331666666667,31.8201999444438,67.89659954401428,100,100,0,130,1
50.207951444443054,64.89065449997159,191.7,0.0,191.7,-141.712,141.49204855555695,8.323705833333339,2.788903708307468,19.786,0.0,0.0,19.786,36.551075000000004,41.414,30.621,3.939362557364859,-5.047000000000001,0.5482500000000001,0.023880795063844815,0.619,0.07074999999999987,2578.00813333335,185.92645998333825,2991.6,56.0232666666667,46.8837,31.69424409259213,67.70343900334291,100,100,2,130,1
50.12236686111002,64.96853031729358,191.38,0.0,191.38,-141.10299999999998,141.25763313889,8.296824166666664,2.829990259224472,20.403,0.0,0.0,20.403,36.507420833333335,41.344,30.605,3.9407697029193427,-5.047000000000001,0.5507333333333332,0.035135026063704215,0.649,0.09826666666666684,2579.7404333334002,190.19740301547543,2993.4,54.66311666666668,46.98791666666666,31.64220395370334,67.83365560258176,100,73,2,130,0
50.11496222222145,64.97532963558594,191.33,0.0,191.33,-141.17999999999998,141.21503777777855,8.297869166666667,2.8253568889624625,20.476,0.0,0.0,20.476,36.49210833333335,41.332,30.617,3.937195685090058,-5.031000000000002,0.5499999999999999,0.020966478491606117,0.59,0.040000000000000036,2577.7545000000728,188.5902580304384,2985.8,54.79708333333334,47.046666666666674,31.634979907407153,67.82165300304,100,73,2,130,0
50.19276772222212,64.92516037872416,191.32,0.0,191.32,-141.083,141.12723227777786,8.298568333333339,2.8249159147253002,20.479,0.0,0.0,20.479,36.483908333333346,41.332,30.605,3.9343190933074736,-5.043000000000003,0.5416833333333332,0.02650455136269717,0.609,0.0673166666666668,2577.592633333366,188.66799147594384,2987.6,54.7777,47.03740000000002,31.65841479629627,67.77658084481214,100,73,2,130,0
50.198102249999685,64.9071737890513,191.35,0.0,191.35,-141.23,141.1518977500003,8.29971,2.8239518487874795,20.141,0.0,0.0,20.141,36.481066666666685,41.332,30.613,3.928375755858771,-5.042999999999996,0.5466000000000001,0.026286685422633137,0.619,0.07239999999999991,2577.9458666667256,189.19816191935155,2994.4,54.80304999999999,47.00580000000003,31.659626305555452,67.7574123232614,100,73,2,130,0
50.202709722221655,64.91078254928618,191.33,0.0,191.33,-141.11599999999999,141.12729027777834,8.297220000000003,2.8249484761987516,20.139,0.0,0.0,20.139,36.48317083333335,41.34,30.613,3.930018417449064,-5.038999999999998,0.5425833333333333,0.023367579791470354,0.6,0.05741666666666667,2578.33440000001,188.75270106764933,2987.6,54.69553333333332,46.98628333333334,31.661033518518337,67.7590986052764,100,73,2,130,0
50.17332163888791,64.92682998387546,191.36,0.0,191.36,-141.105,141.18667836111211,8.298114166666688,2.829181505510957,20.111,0.0,0.0,20.111,36.48597083333333,41.332,30.555,3.9279440334212605,-5.051000000000002,0.5508166666666666,0.02830253726822399,0.637,0.08618333333333339,2578.4430666667313,188.65840339298617,2989.4,54.60784999999999,46.996550000000006,31.65246887962931,67.78431402665464,100,73,2,130,0
50.189607722221396,64.91682396972439,191.39,0.0,191.39,-141.044,141.20039227777858,8.296864999999999,2.832961969925506,20.37,0.0,0.0,20.37,36.49342499999999,41.344,30.617,3.9212438950832977,-5.047000000000001,0.5609333333333334,0.03235076121843856,0.642,0.08106666666666662,2577.218966666713,189.08344205211432,2991.6,54.65305000000001,47.16638333333331,31.659965907407127,67.78213670086834,100,73,2,130,0
50.15770844444367,64.9416012826864,191.34,0.0,191.34,-140.978,141.18229155555633,8.300729999999996,2.827748370076516,20.454,0.0,0.0,20.454,36.50861666666669,41.34,30.605,3.9152944447183535,-5.027000000000001,0.5502,0.029144758519372593,0.617,0.06679999999999997,2579.291333333346,188.53113130055507,2993.4,54.71628333333333,47.14073333333333,31.655685037036786,67.7984944112823,100,73,2,130,0
50.18388308333277,64.9086076807965,191.38,0.0,191.38,-141.02,141.19611691666722,8.298992499999999,2.8258193478351106,20.144,0.0,0.0,20.144,36.51120833333334,41.332,30.613,3.9318595723908296,-5.051000000000002,0.55365,0.028743061063881716,0.623,0.06935000000000002,2582.4676333333846,189.46824631529293,2995.2,54.58173333333334,47.369566666666664,31.664694638888705,67.76317008969548,100,73,2,130,0
50.19897730555492,64.90162886002193,191.32,0.0,191.32,-141.045,141.12102269444506,8.295907499999998,2.8259737499323143,20.358,0.0,0.0,20.358,36.51635000000002,41.332,30.613,3.9320467072441794,-5.043000000000003,0.5507666666666665,0.026090693624074273,0.616,0.06523333333333348,2579.5230666666566,188.79729745024505,2989.0,54.718700000000005,47.22780000000001,31.670411601851644,67.75369330357832,100,73,2,130,0
50.21948058333309,64.87658833554771,191.27,0.0,191.27,-141.07399999999998,141.05051941666693,8.31093583333334,2.8233928134778976,19.334,0.0,0.0,19.334,36.523699999999984,41.324,30.629,3.9288042078685588,-4.9410000000000025,0.5514833333333334,0.030920615506112345,0.622,0.07051666666666656,2579.801500000054,187.65118748832268,2991.6,55.32371666666668,47.15988333333334,31.684705472222134,67.73090176453172,100,80,2,130,0
50.21975680555547,64.87845396273036,191.28,0.0,191.28,-141.149,141.06024319444452,8.307775833333341,2.822175359904309,19.318,0.0,0.0,19.318,36.53507083333336,41.332,30.613,3.9166600459401293,-4.952999999999996,0.5460333333333333,0.026245882109077894,0.615,0.06896666666666673,2578.378166666696,188.42996806625476,2993.0,55.37003333333332,46.964633333333346,31.687534490740727,67.72687520474375,100,80,2,130,0
50.22242397222195,64.87992719934677,191.25,0.0,191.25,-141.269,141.02757602777805,8.308878333333336,2.8221130851577163,19.373,0.0,0.0,19.373,36.53795416666666,41.352,30.617,3.918504497889797,-4.952999999999996,0.5465,0.02708398738888635,0.617,0.07050000000000001,2577.6140333333733,188.39868101157194,2991.6,55.34543333333331,46.91325,31.689752157407316,67.72912427189337,100,80,2,130,0
50.23043922222138,64.88705966925093,191.3,0.0,191.3,-141.105,141.06956077777863,8.310105833333342,2.8249959205738135,19.386,0.0,0.0,19.386,36.53437499999999,41.34,30.613,3.9308791899608093,-5.067,0.5459666666666667,0.02489296862581176,0.619,0.07303333333333328,2579.873866666721,187.35361204517324,2989.0,55.3364833333333,47.04330000000001,31.69164001851824,67.73694855845055,100,80,2,130,0
50.228475138888186,64.88010319536431,191.36,0.0,191.36,-141.185,141.1315248611118,8.31062,2.8203719894839914,19.643,0.0,0.0,19.643,36.525587500000015,41.344,30.602,3.9409123681664053,-5.047000000000001,0.5410166666666666,0.02254373652474618,0.617,0.0759833333333334,2578.414066666718,187.3593317718546,2987.4,55.342400000000005,47.22435000000001,31.688227546296066,67.72301892137305,100,80,2,130,0
50.22341233333252,64.8769395496947,191.34,0.0,191.34,-141.245,141.1165876666675,8.311012500000006,2.8265209609983235,19.521,0.0,0.0,19.521,36.52559999999999,41.34,30.613,3.9390560173663167,-5.043000000000003,0.5461833333333335,0.028995319123497253,0.624,0.07781666666666653,2579.205966666717,187.18603176024268,2991.4,55.3291333333333,47.25668333333333,31.686674944444167,67.73245582981652,100,80,2,130,0
50.22637472222122,64.88072921589246,191.2,0.0,191.2,-141.134,140.97362527777875,8.309714166666662,2.821985710202976,19.639,0.0,0.0,19.639,36.52292500000002,41.34,30.602,3.9364687001153014,-5.062000000000001,0.5376499999999999,0.025407742714190655,0.603,0.06535000000000013,2578.6759666667144,187.10891877989152,2985.8,55.27698333333334,47.394283333333334,31.686337962962636,67.72812266880963,100,80,2,130,0
50.22111441666557,64.86788611951204,191.3,0.0,191.3,-141.02200000000002,141.07888558333445,8.309430833333327,2.819849548252227,19.581,0.0,0.0,19.581,36.52502500000002,41.332,30.562,3.9358702162552337,-5.023,0.5418166666666667,0.026699515431816073,0.602,0.060183333333333255,2579.9083666666984,188.00648766261432,2995.0,55.2591,47.43563333333334,31.68519008333297,67.71443518319607,100,80,2,130,0
50.21899283333286,64.8798271301918,191.27,0.0,191.27,-141.128,141.05100716666715,8.306130000000003,2.8211484148153825,19.386,0.0,0.0,19.386,36.5297791666667,41.328,30.613,3.9325753777462684,-5.117000000000001,0.5452833333333332,0.02699660472479208,0.607,0.06171666666666675,2577.1314666667263,187.95088272977605,2989.6,55.33569999999998,47.306250000000006,31.68496733333319,67.72797214973197,100,80,2,130,0
50.22591427777768,64.87398611789506,191.3,0.0,191.3,-141.059,141.07408572222232,8.309707500000005,2.8208134821113457,19.653,0.0,0.0,19.653,36.52896250000001,41.332,30.605,3.929148215773584,-5.137000000000004,0.5490333333333334,0.02997624294742316,0.622,0.07296666666666662,2577.8129333334123,187.06717029032367,2989.4,55.31756666666668,47.38226666666667,31.688194759259233,67.72477584295383,100,80,2,130,0
50.25180747222096,64.86301227260368,191.33,0.0,191.33,-141.13,141.07819252777904,8.319590833333331,2.81920827736712,20.192,0.0,0.0,20.192,36.534866666666694,41.344,30.613,3.9313225460686048,-5.140999999999998,0.5389166666666668,0.023476126832879515,0.603,0.06408333333333316,2579.2916000000546,186.360627717786,2989.0,55.63378333333332,47.49681666666665,31.70208832407366,67.70569667680368,100,90,2,130,0
50.25090580555494,64.85580982307671,191.3,0.0,191.3,-141.13,141.04909419444508,8.319009166666667,2.8160952033346653,19.426,0.0,0.0,19.426,36.53845416666669,41.34,30.605,3.93587961251997,-5.132999999999999,0.5394500000000001,0.024428675148102583,0.612,0.07254999999999989,2579.494900000073,186.95234650564652,2995.2,55.6762666666667,47.491049999999994,31.702789712962765,67.69633370155948,100,90,2,130,0
50.2459317777775,64.85754918563597,191.32,0.0,191.32,-141.15900000000002,141.07406822222248,8.31877666666667,2.8172143740131865,20.479,0.0,0.0,20.479,36.54058333333333,41.352,30.547,3.9349019713847073,-5.1249999999999964,0.5395500000000002,0.027669615593980405,0.609,0.06944999999999979,2578.32680000006,186.2364755337414,2987.4,55.652499999999996,47.493066666666664,31.70176392592583,67.70243317524314,100,90,2,130,0
50.25164616666637,64.86464371886011,191.27,0.0,191.27,-141.063,141.01835383333363,8.317738333333343,2.815423034924807,19.472,0.0,0.0,19.472,36.548616666666675,41.352,30.629,3.936747731012112,-5.129000000000001,0.5364666666666668,0.026845740543161294,0.597,0.06053333333333322,2578.80070000005,186.9607078253479,2993.2,55.65098333333332,47.540749999999996,31.706000388888796,67.70691249432808,100,90,2,130,0
50.24175633333294,64.86269721515308,191.28,0.0,191.28,-141.076,141.03824366666706,8.314764166666658,2.815099232997952,20.479,0.0,0.0,20.479,36.548837500000005,41.344,30.613,3.9357050580584922,-5.101000000000003,0.5380333333333333,0.023745091672408274,0.601,0.06296666666666673,2577.74896666669,186.6921752251924,2987.4,55.653433333333325,47.83678333333332,31.701785999999867,67.70154153982344,100,90,2,130,0
50.24140636111035,64.861759555851,191.31,0.0,191.31,-141.191,141.06859363888964,8.312515,2.8165832647934614,20.479,0.0,0.0,20.479,36.54958750000002,41.34,30.578,3.937836884791427,-5.120999999999999,0.5335,0.023833817307716925,0.587,0.05349999999999999,2576.704533333378,187.09987389961304,2987.8,55.66081666666667,47.89656666666665,31.701169620370123,67.70217663795218,100,90,2,130,0
50.23509052777733,64.85901145195342,191.3,0.0,191.3,-141.19500000000002,141.06490947222267,8.311148333333348,2.81572617120757,20.479,0.0,0.0,20.479,36.550774999999994,41.34,30.621,3.9390754356924056,-5.129000000000001,0.5417833333333332,0.02206238586500781,0.583,0.04121666666666679,2575.0971666667074,186.6500125274618,2985.4,55.688266666666664,47.89683333333333,31.69900462037022,67.696800009026,100,90,2,130,0
50.23113441666637,64.85382254121288,191.32,0.0,191.32,-141.131,141.08886558333361,8.310716666666671,2.8158768898168103,20.163,0.0,0.0,20.163,36.562625,41.344,30.617,3.922452006287878,-5.035000000000004,0.5431333333333335,0.02994144945523221,0.608,0.06486666666666652,2573.861100000084,187.40498564578658,2985.6,55.69233333333333,47.559016666666686,31.70149202777768,67.69964088048492,100,90,2,130,0
50.240268111111156,64.85726020241322,191.31,0.0,191.31,-141.166,141.06973188888884,8.314858333333339,2.816106959131396,19.744,0.0,0.0,19.744,36.55640000000002,41.332,30.629,3.937970497412814,-5.129000000000001,0.5392333333333335,0.025745407137984132,0.596,0.05676666666666652,2576.8436000000484,185.78973643180768,2983.4,55.64629999999999,47.75611666666665,31.70384214814817,67.6991125686826,100,90,2,130,0
50.24658699999941,64.86477669078972,191.36,0.0,191.36,-141.155,141.1134130000006,8.319249999999995,2.8162896700128672,19.236,0.0,0.0,19.236,36.571441666666686,41.332,30.617,3.92249511317745,-5.022999999999996,0.5324833333333333,0.026447576331023417,0.59,0.05751666666666666,2580.282100000048,186.38472014511794,2989.8,55.630116666666645,47.58843333333334,31.71242622222203,67.70751393713361,100,90,2,130,0
50.26419761111027,64.8494882740342,191.31,0.0,191.31,-141.223,141.04580238888974,8.3223725,2.795858168701218,20.036,0.0,0.0,20.036,36.58102500000005,41.332,30.699,3.9141349588842527,-5.0390000000000015,0.5368833333333333,0.024720191202888056,0.597,0.06011666666666671,2581.3680666667574,185.10512088511183,2989.6,55.713616666666674,47.247400000000006,31.72253170370344,67.6700666339383,100,100,2,130,0
50.25565908333311,64.84034150869732,191.28,0.0,191.28,-141.137,141.0243409166669,8.321682500000005,2.79868378512734,19.936,0.0,0.0,19.936,36.563775,41.352,30.617,3.9450713437556715,-5.218999999999998,0.5345166666666668,0.029592424400864886,0.613,0.07848333333333324,2580.623566666742,186.22334139439192,2991.8,55.74201666666668,47.88616666666666,31.713705527777705,67.66861771822552,100,100,2,130,0
50.25750580555447,64.84249550242576,191.33,0.0,191.33,-141.098,141.07249419444554,8.321913333333333,2.798408236486816,20.168,0.0,0.0,20.168,36.57066249999999,41.367,30.617,3.944608248343236,-5.1249999999999964,0.5296666666666666,0.020349211175871806,0.581,0.05133333333333334,2580.13586666671,186.43249262391618,2989.6,55.74333333333331,47.903666666666666,31.716693879629265,67.66125295008845,100,100,2,130,0
50.2577546944441,64.84805301425284,191.28,0.0,191.28,-141.117,141.02224530555588,8.319210000000014,2.796755031846157,20.194,0.0,0.0,20.194,36.59107500000001,41.355,30.621,3.9277901484700544,-5.035,0.5340166666666666,0.02397985854460381,0.582,0.04798333333333338,2576.8779000000545,187.19057103186904,2989.4,55.79190000000001,47.564216666666645,31.722679898148044,67.66878790464361,100,100,2,130,0
50.243055555554065,64.84443906572453,191.35,0.0,191.35,-141.123,141.10694444444593,8.312365,2.7935978034333773,20.083,0.0,0.0,20.083,36.60941250000001,41.398,30.699,3.9164484691565367,-5.050999999999998,0.5368833333333334,0.019774227077111628,0.581,0.04411666666666658,2572.7371666667045,186.2790705742182,2985.4,55.73298333333333,47.237300000000005,31.72161101851803,67.65781109623501,100,100,2,130,0
50.255400333333064,64.85238658503123,191.35,0.0,191.35,-141.018,141.09459966666694,8.317915000000006,2.7956677579699023,20.104,0.0,0.0,20.104,36.616700000000016,41.414,30.707,3.908673057804061,-5.133000000000003,0.5331833333333336,0.021293343964139143,0.583,0.0498166666666664,2575.145066666688,185.94565682893614,2987.6,55.818383333333344,47.12906666666668,31.73000511111103,67.66934768696528,100,100,2,130,0
50.254763472221676,64.84853709619664,191.31,0.0,191.31,-141.173,141.05523652777833,8.319839166666666,2.7971982649448504,20.301,0.0,0.0,20.301,36.592204166666654,41.422,30.621,3.948075973861199,-5.219000000000005,0.5380000000000001,0.02613005283226478,0.593,0.05499999999999983,2575.3478666666874,187.05489537681078,2987.6,55.806783333333335,47.80254999999999,31.722268935185,67.67186541397375,100,100,2,130,0
50.25557555555502,64.85623716352522,191.38,0.0,191.38,-141.061,141.12442444444497,8.323342499999994,2.7963987749635417,19.908,0.0,0.0,19.908,36.593370833333346,41.414,30.617,3.951355794010611,-5.092999999999996,0.5358666666666668,0.02752223548928545,0.607,0.07113333333333316,2575.088000000049,186.77210333924145,2987.6,55.87241666666668,47.80226666666666,31.72409629629612,67.68015817397804,100,100,2,130,0
50.25538036110971,64.8509207628368,191.32,0.0,191.32,-141.098,141.0646196388903,8.318594999999993,2.7966016940513674,20.379,0.0,0.0,20.379,36.619120833333405,41.422,30.707,3.924695281456106,-5.047000000000004,0.5403333333333333,0.026436150561251818,0.617,0.07666666666666666,2574.8958000000403,186.74608232991375,2987.0,55.756483333333335,47.307300000000005,31.73103206481437,67.6739586074494,100,100,2,130,0
50.249078833332376,64.84512299505101,191.38,0.0,191.38,-141.02900000000002,141.13092116666763,8.320728333333347,2.7983596510833326,20.356,0.0,0.0,20.356,36.63180416666668,41.422,30.695,3.9286869546236773,-5.030999999999999,0.5392833333333333,0.024211001608154422,0.601,0.06171666666666664,2574.7972000000004,186.21479747134194,2983.4,55.793233333333326,47.358250000000005,31.733870444444136,67.6676936477425,100,100,2,130,0
50.32292111110935,64.94380340739022,191.41,0.0,191.41,-141.123,141.08707888889063,8.37046500000001,2.7844764770930586,20.218,0.0,0.0,20.218,36.660429166666674,41.488,30.707,3.9187928115127693,-5.054000000000002,0.5433000000000002,0.025594822039901682,0.605,0.061699999999999755,2564.3979666666473,185.5676264147236,2981.4,56.99414999999998,47.07488333333335,31.784605092592013,67.75387470652319,100,100,1,130,1
50.266214222220995,65.00536891631077,191.41,0.0,191.41,-141.424,141.143785777779,8.346030000000003,2.823815037953763,20.479,0.0,0.0,20.479,36.67148333333334,41.492,30.793,3.922988525401566,-5.058,0.5381166666666667,0.027684721152844108,0.607,0.0688833333333333,2569.7727000000746,189.14738883692607,2987.0,55.71063333333332,47.08501666666668,31.761242518518113,67.85686867541737,100,73,1,130,0
50.2627154999989,65.00904542799444,191.43,0.0,191.43,-141.46800000000002,141.1672845000011,8.344183333333346,2.8200183183480805,20.479,0.0,0.0,20.479,36.66437500000002,41.496,30.699,3.934610335823596,-5.035000000000004,0.53455,0.0261607967794483,0.607,0.07245000000000001,2567.645866666696,187.56957452404183,2973.6,55.79895000000002,47.41286666666667,31.75709127777742,67.85522454312196,100,73,1,130,0
50.26372047222091,65.0139957276001,191.44,0.0,191.44,-141.382,141.1762795277791,8.344783333333336,2.8159211573999725,20.479,0.0,0.0,20.479,36.686379166666676,41.508,30.727,3.9321660104140275,-5.047000000000001,0.5330499999999999,0.02485103073945946,0.591,0.05795000000000006,2569.2675666666933,187.5893194193251,2975.8,55.85749999999997,47.518800000000006,31.76496099074031,67.85476791573953,100,73,1,130,0
50.26094655555422,65.00380012223762,191.41,0.0,191.41,-141.39,141.14905344444577,8.346714166666672,2.8184997841630355,20.479,0.0,0.0,20.479,36.7105125,41.508,30.793,3.9136565989798457,-5.113000000000003,0.5330500000000002,0.027396910007628617,0.598,0.06494999999999973,2571.1728333333717,188.83935553534752,2983.6,55.79754999999999,47.22901666666665,31.772724407406965,67.84969681640828,100,73,1,130,0
50.26031099999939,65.0088108069169,191.41,0.0,191.41,-141.363,141.1496890000006,8.34521750000001,2.8172956028708414,20.35,0.0,0.0,20.35,36.72114166666665,41.559,30.793,3.9183372045378935,-5.047000000000001,0.5389833333333333,0.024124319023789694,0.588,0.04901666666666671,2570.4685000000595,187.9154162959946,2983.0,55.763016666666665,47.27260000000001,31.775556722222017,67.85023072881152,100,73,1,130,0
50.24648624999889,65.00320062328265,191.41,0.0,191.41,-141.294,141.1635137500011,8.34336833333334,2.8123183383750954,20.152,0.0,0.0,20.152,36.73999583333329,41.59,30.852,3.9194360104675683,-5.038999999999998,0.5397166666666666,0.022233042798735284,0.59,0.05028333333333335,2567.7260666667175,188.44641362731488,2975.4,55.94589999999998,47.139433333333315,31.776616805555175,67.83775200445648,100,73,1,130,0
50.25628344444329,65.01737129782364,191.44,0.0,191.44,-141.42700000000002,141.1837165555567,8.337387499999993,2.8162574513653267,20.456,0.0,0.0,20.456,36.740737499999994,41.586,30.789,3.933847812614744,-5.128999999999998,0.5393333333333332,0.021968133058056994,0.596,0.056666666666666754,2564.9943000000358,187.53426882707976,2971.6,55.85105000000001,47.34425000000002,31.778136148147762,67.85559688224703,100,73,1,130,0
50.24292713888755,65.00399210497714,191.36,0.0,191.36,-141.257,141.11707286111246,8.34418416666666,2.8123425272640934,20.201,0.0,0.0,20.201,36.74710833333329,41.582,30.785,3.9271089375597468,-5.043000000000003,0.5311666666666667,0.020004378051889996,0.578,0.04683333333333328,2566.165833333384,187.50160061808702,2975.6,56.04741666666668,47.252916666666664,31.7780732129625,67.83633901029313,100,73,1,130,0
50.25857336110929,65.01032749928743,191.43,0.0,191.43,-141.29600000000002,141.17142663889072,8.33870583333334,2.812849268411832,20.479,0.0,0.0,20.479,36.742933333333305,41.582,30.711,3.9455965746975443,-5.234000000000002,0.6431,0.09579775659947118,0.804,0.16090000000000004,2568.5650000000173,187.45818649398572,2973.6,55.81530000000004,47.44328333333336,31.780070842591982,67.91897452429873,100,73,1,130,0
50.267263138886946,65.01442240319338,191.44,0.0,191.44,-141.478,141.17273686111304,8.348316666666674,2.813524232505318,20.234,0.0,0.0,20.234,36.73548749999997,41.582,30.699,3.9531052250534877,-5.043000000000003,0.5294333333333333,0.01599085190453493,0.584,0.05456666666666665,2569.2174000000446,186.69490718451527,2974.4,55.94929999999998,47.449749999999995,31.783689101851195,67.84393748760323,100,73,1,130,0
50.27928647222092,64.97704848075371,191.48,0.0,191.48,-141.453,141.20071352777907,8.359913333333333,2.817392182748981,20.289,0.0,0.0,20.289,36.752262500000015,41.59,30.789,3.934141081881069,-5.038999999999998,0.5317333333333335,0.02018042907160609,0.586,0.05426666666666646,2568.7736000000496,186.81212517230216,2975.8,56.46495000000001,47.1356,31.79715410185142,67.81462109257428,100,80,1,130,0
50.26235222222039,64.98663569224624,191.43,0.0,191.43,-141.453,141.16764777777962,8.345062500000015,2.811055293861727,20.024,0.0,0.0,20.024,36.75307083333332,41.574,30.859,3.9345651521336182,-5.050999999999998,0.53705,0.01707652268814245,0.584,0.046949999999999936,2555.2044000000565,191.4955702347792,2972.4,56.786716666666685,47.17733333333332,31.78682851851791,67.81476750879611,100,80,1,130,0
50.256342583331765,64.98667418171529,191.43,0.0,191.43,-141.408,141.17365741666825,8.342294166666683,2.8049189030480965,19.325,0.0,0.0,19.325,36.756587499999995,41.59,30.824,3.9384668980399047,-5.047000000000001,0.5384666666666665,0.019095182342689598,0.581,0.04253333333333342,2553.8892000000515,187.81101872135244,2963.4,56.67798333333333,47.21448333333333,31.78507474999948,67.81068826710607,100,80,1,130,0
50.26222613888707,64.98632122813419,191.41,0.0,191.41,-141.486,141.1477738611129,8.344889166666682,2.8056019845354037,19.198,0.0,0.0,19.198,36.76222916666665,41.582,30.801,3.937309660881773,-5.062000000000001,0.5340000000000001,0.02271264860776173,0.59,0.05599999999999983,2554.600433333375,187.1185311790292,2963.8,56.71645,47.35964999999999,31.789781490740136,67.81463586127735,100,80,1,130,0
50.25874488888691,64.98666474699381,191.39,0.0,191.39,-141.30300000000003,141.1312551111131,8.345074166666683,2.809645925590737,20.479,0.0,0.0,20.479,36.76926666666663,41.598,30.859,3.9363775857543204,-5.035,0.5391666666666667,0.016494649021051754,0.589,0.049833333333333285,2554.0102333333884,186.89560987382922,2965.4,56.77351666666666,47.32618333333333,31.791028574073408,67.81280532160561,100,80,1,130,0
50.252657472220186,64.98158555340342,191.43,0.0,191.43,-141.45499999999998,141.1773425277798,8.337859166666687,2.8049106442870277,19.413,0.0,0.0,19.413,36.77040833333332,41.59,30.816,3.9404885335165556,-5.129000000000001,0.5428333333333334,0.021602861287783347,0.595,0.052166666666666583,2553.740300000027,188.01627903661372,2965.6,56.69233333333333,47.34506666666667,31.786974990740067,67.80809905897824,100,80,1,130,0
50.25544536110871,64.9837267810678,191.43,0.0,191.43,-141.362,141.1745546388913,8.344444166666683,2.8086157311898705,20.058,0.0,0.0,20.058,36.780824999999986,41.586,30.867,3.941417281488993,-5.117000000000001,0.5460833333333335,0.022980678447793983,0.595,0.0489166666666665,2552.6345333333848,187.65389976887047,2963.6,56.84053333333335,47.331466666666664,31.79357150925846,67.81532319070547,100,80,1,130,0
50.25507013888678,64.97466772974306,191.38,0.0,191.38,-141.4,141.12492986111323,8.341549166666683,2.805514519480367,19.748,0.0,0.0,19.748,36.778854166666605,41.602,30.867,3.9406618902736845,-5.129000000000001,0.5432333333333335,0.022545897944510736,0.599,0.05576666666666652,2552.133566666737,187.63261853917848,2961.6,56.82590000000002,47.297483333333325,31.791824490740023,67.80272814716794,100,80,1,130,0
50.25849069444281,64.98250233831348,191.38,0.0,191.38,-141.39499999999998,141.1215093055572,8.345878333333339,2.8094809341697697,19.975,0.0,0.0,19.975,36.78187916666665,41.59,30.867,3.940323438658024,-5.153000000000002,0.5508333333333334,0.020062754653680646,0.603,0.052166666666666583,2553.7317000000307,187.3960645867831,2963.4,56.79013333333335,47.58054999999999,31.795416064814265,67.81204602713693,100,80,1,130,0
50.25882936110836,64.98215385168282,191.38,0.0,191.38,-141.489,141.12117063889164,8.344674166666685,2.809857973491181,20.479,0.0,0.0,20.479,36.78766250000001,41.59,30.855,3.9446004913355632,-5.129000000000001,0.5386833333333332,0.023683285722189598,0.59,0.05131666666666679,2553.872033333372,188.0129606261923,2963.6,56.76945000000002,47.54341666666666,31.797055342591687,67.81569511089619,100,80,1,130,0
50.285656055553,64.97088919531281,191.39,0.0,191.39,-141.233,141.10434394444698,8.354395000000014,2.799856980853849,20.331,0.0,0.0,20.331,36.79220416666668,41.586,30.867,3.9441995337870095,-5.121000000000002,0.5437,0.02233739738720466,0.594,0.05030000000000001,2551.2487333333765,186.90949779271003,2961.6,57.224999999999994,47.367866666666664,31.8107517407399,67.79308357355386,100,90,1,130,0
50.281589166664205,64.96540248224977,191.38,0.0,191.38,-141.382,141.09841083333578,8.353965833333353,2.7978950323131326,20.479,0.0,0.0,20.479,36.79341666666663,41.598,30.871,3.9439612631096344,-5.1490000000000045,0.5456666666666666,0.022153292341815022,0.595,0.04933333333333334,2552.0589333333787,187.1064419618759,2963.8,57.182700000000025,47.34678333333333,31.809657222221393,67.78545080690472,100,90,1,130,0
50.26823149999796,64.94884990100932,191.38,0.0,191.38,-141.39100000000002,141.11176850000203,8.350465833333365,2.7975965722354355,19.884,0.0,0.0,19.884,36.79133333333332,41.59,30.859,3.9462438914450138,-5.141000000000002,0.5464833333333333,0.02177892906945676,0.603,0.05651666666666666,2550.608333333357,187.39908615964788,2960.6,57.21520000000001,47.467066666666675,31.803343555554886,67.76822540231421,100,90,1,130,0
50.27307102777536,64.95812071581503,191.39,0.0,191.39,-141.43599999999998,141.11692897222463,8.348520000000013,2.796434314204677,20.479,0.0,0.0,20.479,36.80395833333336,41.602,30.855,3.9322529583942787,-5.035000000000004,0.5432,0.020982478566167063,0.586,0.04279999999999995,2550.898533333361,187.29797167316315,2961.6,57.14981666666666,47.17021666666665,31.80851645370291,67.77553750858587,100,90,1,130,0
50.27916977777524,64.95843980131359,191.47,0.0,191.47,-141.357,141.19083022222475,8.349146666666675,2.7958736412799294,19.574,0.0,0.0,19.574,36.79611250000001,41.637,30.871,3.9482617922016536,-5.1250000000000036,0.5417166666666665,0.01835810601606752,0.58,0.03828333333333345,2550.5488333333915,186.91856241012502,2961.4,57.17866666666666,47.384816666666666,31.808142981480643,67.77267154860958,100,90,1,130,0
50.26840805555315,64.95481226088887,191.41,0.0,191.41,-141.397,141.14159194444684,8.347800833333336,2.7981575153542106,20.454,0.0,0.0,20.454,36.79902083333334,41.617,30.855,3.9482007272715696,-5.145,0.5425500000000001,0.015761382757888902,0.575,0.03244999999999987,2550.520833333368,187.23192903948708,2961.4,57.146916666666684,47.63245000000001,31.80507657407328,67.76873115900096,100,90,1,130,0
50.27230574999727,64.95509578853911,191.41,0.0,191.41,-141.462,141.1376942500027,8.349255000000023,2.7924691466372136,19.27,0.0,0.0,19.27,36.80931250000002,41.613,30.859,3.9315903090228117,-5.067,0.5469166666666666,0.022504456558018686,0.591,0.04408333333333336,2550.7824333333833,187.11327701284225,2962.4,57.14026666666665,47.39978333333332,31.81029108333244,67.77006939173435,100,90,1,130,0
50.27267622221986,64.95366074548289,191.38,0.0,191.38,-141.387,141.10732377778015,8.34958750000002,2.7975725130277604,20.479,0.0,0.0,20.479,36.80879583333329,41.645,30.867,3.947024253288737,-5.145,0.54435,0.020356005235618844,0.589,0.04464999999999997,2550.211033333368,186.7600315105649,2957.6,57.21578333333331,47.61193333333335,31.810353185184386,67.77158926374626,100,90,1,130,0
50.27517941666407,64.96181784166788,191.38,0.0,191.38,-141.362,141.10482058333594,8.348865000000014,2.79730130821639,19.677,0.0,0.0,19.677,36.80524999999996,41.625,30.852,3.9527730232359355,-5.152000000000005,0.54525,0.01816181970275153,0.589,0.043749999999999956,2551.2639666667324,186.83603021177802,2961.6,57.14289999999999,47.72466666666666,31.809764805554682,67.77728096958703,100,90,1,130,0
50.27901355555348,64.96327448040773,191.36,0.0,191.36,-141.352,141.08098644444652,8.351086666666676,2.7954882091974604,19.411,0.0,0.0,19.411,36.814950000000024,41.652,30.867,3.938706730487383,-5.1490000000000045,0.5468333333333334,0.020918863976241545,0.589,0.042166666666666575,2551.4266333333644,187.10798453561085,2963.4,57.141416666666665,47.46219999999999,31.81501674074006,67.77968155358143,100,90,1,130,0
50.28642433333102,64.93945269073502,191.44,0.0,191.44,-141.39499999999998,141.15357566666898,8.351721666666688,2.7717779053333804,19.968,0.0,0.0,19.968,36.81039583333332,41.629,30.859,3.946833437272534,-5.059000000000005,0.5529166666666666,0.027278408713136162,0.614,0.06108333333333338,2550.9252000000215,186.68421564508833,2960.4,57.306300000000036,47.60101666666667,31.81618061111034,67.73850900478153,100,100,1,130,0
50.29683691666491,64.95227964789504,191.41,0.0,191.41,-141.278,141.11316308333508,8.35655916666668,2.77591021218045,20.206,0.0,0.0,20.206,36.83648750000001,41.652,30.945,3.927143175752018,-5.128999999999998,0.5503833333333333,0.026550937081146586,0.636,0.08561666666666667,2551.7947666667174,186.52678443813645,2963.6,57.36705,47.250266666666654,31.829961194443865,67.75474079715663,100,100,1,130,0
50.29899697222075,64.95682102497618,191.43,0.0,191.43,-141.352,141.13100302777926,8.35872250000001,2.7762172953294115,20.136,0.0,0.0,20.136,36.83407916666668,41.664,30.883,3.932055155620848,-5.140000000000004,0.5527833333333334,0.02114926104945164,0.61,0.05721666666666658,2554.0309000000343,185.79380978694957,2963.8,57.32421666666667,47.32248333333333,31.830599546295815,67.75418758135504,100,100,1,130,0
50.298190888887106,64.95286100703066,191.43,0.0,191.43,-141.324,141.1318091111129,8.351136666666674,2.775406005145924,20.031,0.0,0.0,20.031,36.84272083333331,41.656,30.859,3.9205052841752632,-5.043000000000003,0.5491333333333334,0.026969201936789748,0.614,0.06486666666666663,2551.4557000000623,188.00454179478191,2970.8,57.18859999999998,47.08295,31.8306827962957,67.75523621411338,100,100,1,130,0
50.28445236110891,64.94280229941636,191.38,0.0,191.38,-141.517,141.09554763889108,8.345455000000017,2.7775134344782666,20.065,0.0,0.0,20.065,36.84300416666665,41.656,30.891,3.9306921697122195,-5.051000000000002,0.5530833333333333,0.0262305887335899,0.602,0.04891666666666672,2547.9009666666484,185.9145398879707,2955.8,57.11708333333333,47.28213333333333,31.82430384259186,67.74654632262822,100,100,1,130,0
50.28973138888665,64.94082210307232,191.38,0.0,191.38,-141.263,141.09026861111334,8.351335000000022,2.777344184655856,20.479,0.0,0.0,20.479,36.83591666666667,41.652,30.895,3.9365896260900612,-5.07,0.5467000000000001,0.020127811941672184,0.603,0.056299999999999906,2550.0303666666878,186.8814181112489,2963.4,57.21918333333335,47.495000000000005,31.82566101851778,67.73829409966986,100,100,1,130,0
50.28073963888716,64.94166493210888,191.49,0.0,191.49,-141.38400000000001,141.20926036111285,8.353995000000014,2.7749186933621393,20.027,0.0,0.0,20.027,36.846554166666664,41.668,30.871,3.935306154877731,-5.047000000000001,0.5570333333333333,0.025482441057714345,0.608,0.050966666666666716,2549.841833333414,187.22426423274254,2965.4,57.3597,47.259716666666684,31.82709626851795,67.74206606652874,100,100,1,130,0
50.27861738888723,64.93740138567908,191.35,0.0,191.35,-141.406,141.07138261111277,8.346808333333344,2.7749737246637793,20.101,0.0,0.0,20.101,36.83882500000001,41.668,30.879,3.9394487978867736,-5.043000000000003,0.5478833333333334,0.024456874300796717,0.606,0.058116666666666594,2549.520500000044,186.76088551356153,2959.8,57.1553,47.38171666666668,31.82141690740686,67.73683198464366,100,100,1,130,0
50.28030336110916,64.94152403058877,191.35,0.0,191.35,-141.46,141.06969663889083,8.353243333333342,2.772880251627137,20.073,0.0,0.0,20.073,36.85174166666663,41.664,30.891,3.9336082321171277,-5.027000000000001,0.5536666666666666,0.021112022975648084,0.595,0.04133333333333333,2548.8872000000533,186.69255832709504,2961.4,57.39253333333334,47.43348333333333,31.82842945370304,67.73551630519155,100,100,1,130,0
50.291740361108765,64.95611263973747,191.38,0.0,191.38,-141.29100000000003,141.08825963889123,8.346905000000007,2.7852350746976646,20.479,0.0,0.0,20.479,36.85385000000004,41.668,30.871,3.9344200939037766,-5.106000000000002,0.5490166666666667,0.02631071938967574,0.609,0.05998333333333328,2550.278133333364,186.74895850874125,2959.8,57.084150000000015,47.61118333333332,31.83083178703627,67.7676584338248,100,100,1,130,0
50.40629886110838,65.10770550650153,191.58,0.0,191.58,-141.38600000000002,141.17370113889163,8.444336666666674,2.754716801633741,20.392,0.0,0.0,20.392,36.85340416666666,41.684,30.867,3.9482654820993703,-5.145,0.5513333333333335,0.024154633669000544,0.601,0.049666666666666526,2540.3602333333683,186.48755447287743,2955.6,59.218533333333326,47.75434999999998,31.901346564813906,67.88657694180428,100,100,0,130,1
50.335837194442945,65.16542843393432,191.69,0.0,191.69,-141.83,141.35416280555705,8.42030666666669,2.7868661620405266,20.325,0.0,0.0,20.325,36.87747916666668,41.723,30.945,3.943014567866741,-5.141000000000002,0.5444666666666667,0.02414326355614009,0.611,0.06653333333333333,2541.6453666667294,188.4661123768708,2949.4,58.16111666666667,47.703233333333316,31.877874342592104,67.97643785953099,100,73,0,130,0
50.337084416664226,65.17268553299083,191.65,0.0,191.65,-141.774,141.31291558333578,8.41745250000002,2.787680710889485,20.414,0.0,0.0,20.414,36.895520833333386,41.754,30.957,3.9500761508976656,-5.117000000000004,0.5572333333333332,0.02314022593876676,0.612,0.05476666666666674,2539.2766333333702,187.98716462303852,2945.6,58.14801666666666,47.680600000000005,31.88335258333255,67.98350646981908,100,73,0,130,0
50.336863083330684,65.16705481579918,191.65,0.0,191.65,-141.74099999999999,141.31313691666932,8.413567500000022,2.7970400204812753,20.479,0.0,0.0,20.479,36.915016666666695,41.746,30.937,3.932928768015221,-5.081999999999997,0.5506999999999997,0.02188281579501694,0.59,0.039300000000000224,2538.192466666727,188.62425784706735,2944.8,58.10308333333332,47.45546666666666,31.8884824166658,67.98597765207546,100,73,0,130,0
50.32906494444152,65.16796102200664,191.71,0.0,191.71,-141.81,141.3809350555585,8.412957500000028,2.786649047055135,20.467,0.0,0.0,20.467,36.92803750000003,41.801,30.949,3.9439108898876603,-5.120999999999999,0.5489999999999999,0.021779324669301537,0.613,0.06400000000000006,2537.9301000000582,188.5595404040049,2947.6,58.17616666666667,47.54276666666665,31.890019981480524,67.97638939373107,100,73,0,130,0
50.330793138886676,65.16457838941447,191.63,0.0,191.63,-141.79600000000002,141.2992068611133,8.41909750000002,2.780487712241389,20.414,0.0,0.0,20.414,36.95114583333335,41.828,30.984,3.9399459301643405,-5.1370000000000005,0.5480999999999999,0.02376630573176219,0.606,0.05790000000000006,2537.693033333403,189.99071150069847,2950.6,58.345699999999994,47.40676666666668,31.900345490740012,67.96883240738764,100,73,0,130,0
50.327544999997315,65.16322393640341,191.68,0.0,191.68,-141.782,141.3524550000027,8.41271416666669,2.793400412404087,20.425,0.0,0.0,20.425,36.96414583333333,41.832,31.031,3.9376171159554625,-5.129000000000001,0.5509833333333334,0.018875588814851418,0.59,0.03901666666666659,2536.8962333333634,188.4399424780543,2945.6,58.14224999999998,47.34253333333333,31.901468333332446,67.97549993762235,100,73,0,130,0
50.331159027775065,65.16810578558567,191.65,0.0,191.65,-141.874,141.31884097222493,8.417034166666694,2.7857189143122945,20.299,0.0,0.0,20.299,36.979125,41.883,31.023,3.9501589069513856,-5.120999999999999,0.5551333333333335,0.02331106281827392,0.622,0.06686666666666652,2536.9858666667305,187.83087500865412,2943.6,58.235433333333326,47.33486666666665,31.909106064813923,67.97713576271624,100,73,0,130,0
50.33451811110891,65.17115850945912,191.65,0.0,191.65,-141.881,141.3154818888911,8.414635000000017,2.790310295719277,20.431,0.0,0.0,20.431,36.991758333333365,41.914,31.031,3.9525225661485512,-5.1129999999999995,0.5437666666666666,0.01985999015708586,0.592,0.04823333333333335,2538.8954333333295,187.821593764738,2945.6,58.13648333333332,47.51123333333332,31.913637148147433,67.98132879533549,100,73,0,130,0
50.333456611108716,65.1647284557577,191.7,0.0,191.7,-141.749,141.36654338889127,8.41738666666669,2.788386661787646,20.479,0.0,0.0,20.479,37.00274166666671,41.902,31.031,3.9563058272956413,-5.062999999999995,0.5480833333333331,0.022064844088113728,0.599,0.05091666666666683,2538.776200000068,188.0867297903121,2947.6,58.20494999999999,47.61035,31.91786164814737,67.97517996163346,100,73,0,130,0
50.335970888886315,65.16956267416873,191.63,0.0,191.63,-141.721,141.29402911111367,8.41926750000002,2.79269141666858,20.479,0.0,0.0,20.479,37.019737500000005,41.898,31.051,3.9413738001993024,-5.199000000000002,0.5580166666666667,0.022051935359676336,0.609,0.05098333333333327,2539.6312000000235,188.26569532241538,2947.4,58.115633333333335,47.40515000000001,31.92499196296211,67.98430602619698,100,73,0,130,0
50.3575989444427,65.14364941092028,191.65,0.0,191.65,-141.874,141.29240105555732,8.431528333333354,2.7806612432996722,19.918,0.0,0.0,19.918,37.02711250000003,41.902,31.066,3.946034843648849,-5.136999999999997,0.5503666666666667,0.02539115465006024,0.622,0.07163333333333333,2537.543333333353,187.36179385310888,2946.0,58.8651,47.50284999999998,31.938746592592025,67.94970180887002,100,80,0,130,0
50.3499516111084,65.14226266864172,191.63,0.0,191.63,-141.81,141.2800483888916,8.42821000000003,2.7800402891398956,19.839,0.0,0.0,19.839,37.03430833333333,41.922,31.07,3.94654139626064,-5.089999999999996,0.5475166666666667,0.024320244525606848,0.604,0.05648333333333333,2536.6966666666954,188.03058750957365,2945.6,58.888766666666626,47.43298333333335,31.937489981480585,67.94662320230722,100,80,0,130,0
50.3526408888861,65.14214385348978,191.67,0.0,191.67,-141.67,141.3173591111139,8.430279166666692,2.78112800323441,19.848,0.0,0.0,19.848,37.0329208333333,41.902,31.055,3.9555889169501532,-5.105,0.5494666666666668,0.021653250953059155,0.601,0.05153333333333321,2536.433066666696,187.81683969799207,2943.6,58.95248333333335,47.64430000000001,31.9386136296287,67.94492510767726,100,80,0,130,0
50.35353358333087,65.15048505110512,191.66,0.0,191.66,-141.84300000000002,141.30646641666914,8.431272500000022,2.7846984186166295,19.838,0.0,0.0,19.838,37.04122083333333,41.91,31.121,3.944696134733328,-5.105999999999998,0.5565166666666669,0.02131641498992262,0.605,0.0484833333333331,2535.333266666665,187.5632383528085,2942.0,58.97506666666666,47.47836666666667,31.942008972221405,67.95649988471168,100,80,0,130,0
50.347630361108465,65.14367211700166,191.65,0.0,191.65,-141.92999999999998,141.30236963889155,8.429365833333355,2.778844452419313,19.746,0.0,0.0,19.746,37.04028750000003,41.91,31.121,3.945563106934857,-5.105,0.5565333333333337,0.028450055355262724,0.625,0.06846666666666634,2534.4496333333877,187.50162863289717,2941.8,58.975000000000016,47.42736666666666,31.939094564813946,67.95096662477623,100,80,0,130,0
50.35301399999734,65.1520745024556,191.62,0.0,191.62,-141.832,141.26698600000267,8.4280141666667,2.7801501712638275,19.836,0.0,0.0,19.836,37.049524999999996,41.902,31.117,3.946175552216619,-5.117000000000001,0.5456333333333335,0.023035688352057264,0.607,0.06136666666666646,2535.407766666727,187.73071022861276,2943.6,58.953566666666674,47.273616666666655,31.943517722221344,67.95526036207148,100,80,0,130,0
50.35548566666379,65.15051527394449,191.63,0.0,191.63,-141.76000000000002,141.2745143333362,8.431250833333344,2.784684121397364,19.635,0.0,0.0,19.635,37.05387916666663,41.902,31.066,3.9531916058252867,-5.120999999999999,0.5528666666666667,0.023307427103652807,0.614,0.06113333333333326,2537.55030000006,188.28728346181242,2947.8,58.95658333333332,47.19613333333334,31.946871888887923,67.9585068224455,100,80,0,130,0
50.35135252777505,65.1461677121082,191.63,0.0,191.63,-141.93,141.27864747222495,8.430214166666692,2.7800974076992735,19.651,0.0,0.0,19.651,37.06749166666668,41.902,31.121,3.9436596112795255,-5.035000000000004,0.5470333333333335,0.022655838224389678,0.591,0.04396666666666649,2540.1195000000307,187.35522493328452,2947.6,58.80496666666667,47.242816666666684,31.949686120369478,67.94892095803186,100,80,0,130,0
50.35528561110827,65.14283749145024,191.58,0.0,191.58,-141.85,141.22471438889175,8.431998333333347,2.7825710271734203,19.811,0.0,0.0,19.811,37.07952500000003,41.91,31.133,3.943987208901025,-5.140000000000004,0.5464666666666667,0.023213428803952194,0.598,0.05153333333333332,2542.2945000000313,187.5392266434012,2951.6,58.76996666666663,47.239016666666686,31.955602981480553,67.94862194742761,100,80,0,130,0
50.347045555552846,65.13093241279451,191.63,0.0,191.63,-141.827,141.28295444444714,8.432227500000025,2.783588534011924,19.864,0.0,0.0,19.864,37.06882083333333,41.914,31.109,3.9643772410288594,-5.101000000000003,0.5454000000000002,0.02221482174325837,0.596,0.050599999999999756,2544.1083333333568,190.24747564042335,2965.8,58.76390000000001,47.529033333333324,31.949364629628732,67.9367357685497,100,80,0,130,0
50.37019388888587,65.11304459756795,191.68,0.0,191.68,-141.915,141.30980611111414,8.438416666666692,2.774157880873443,19.662,0.0,0.0,19.662,37.07408333333332,41.91,31.066,3.961139376013727,-5.105,0.5443666666666667,0.019306595576858203,0.595,0.05063333333333331,2542.3049000000387,189.3039475906905,2955.8,59.123800000000024,47.54198333333333,31.960897962961962,67.90650907401826,100,90,0,130,0
50.3757384444418,65.12274630395822,191.65,0.0,191.65,-141.718,141.2742615555582,8.438440000000032,2.774219164565807,19.659,0.0,0.0,19.659,37.07230833333337,41.914,31.117,3.9616574672473104,-5.117000000000001,0.5477666666666667,0.019218076471822963,0.593,0.04523333333333324,2542.7160000000645,189.53301409316146,2959.6,59.15845000000003,47.54231666666668,31.962162259258402,67.91618354499585,100,90,0,130,0
50.36682580555254,65.11694373981678,191.63,0.0,191.63,-141.847,141.26317419444746,8.437801666666683,2.7756546127784745,20.479,0.0,0.0,20.479,37.0822416666667,41.922,31.121,3.9676122916688064,-5.120999999999999,0.5468833333333334,0.02136454505274413,0.603,0.05611666666666659,2540.2795666667134,188.83443835804215,2953.6,59.17303333333332,47.55861666666665,31.962289712961972,67.913962897648,100,90,0,130,0
50.35963752777459,65.11236876903646,191.69,0.0,191.69,-141.885,141.3303624722254,8.435449166666698,2.770189929280339,19.764,0.0,0.0,19.764,37.08479166666669,41.914,31.129,3.9698806899977863,-5.113000000000003,0.5485666666666666,0.022363231526185662,0.609,0.06043333333333334,2537.935700000022,187.58573710965118,2949.4,59.17241666666666,47.64296666666666,31.959959453702663,67.90492192984298,100,90,0,130,0
50.36085394444137,65.11756659439978,191.6,0.0,191.6,-141.737,141.23914605555862,8.43762333333336,2.7756972107250664,20.479,0.0,0.0,20.479,37.08492916666667,41.914,31.109,3.973753062912124,-5.195000000000004,0.5496166666666666,0.018948719080778494,0.596,0.04638333333333333,2538.4404333334132,189.77869519698638,2955.6,59.26400000000001,47.678316666666696,31.961135481480465,67.91221252420563,100,90,0,130,0
50.35462616666339,65.1094296431608,191.59,0.0,191.59,-141.80800000000002,141.2353738333366,8.435370000000024,2.7678706631825767,19.306,0.0,0.0,19.306,37.09071666666667,41.91,31.109,3.964095514733502,-5.105999999999998,0.5571166666666664,0.024349218945929972,0.638,0.08088333333333364,2538.85890000001,189.9764521711044,2959.2,59.19251666666667,47.57471666666667,31.960237611110028,67.9016495252893,100,90,0,130,0
50.36110074999674,65.12158487721864,191.65,0.0,191.65,-141.87099999999998,141.28889925000328,8.43267000000003,2.7738559251238075,20.479,0.0,0.0,20.479,37.08966666666667,41.926,31.121,3.9739899594799457,-5.129000000000001,0.5522500000000002,0.02033667889490748,0.589,0.03674999999999973,2537.152133333359,187.52764119319622,2945.6,59.22491666666665,47.692383333333346,31.96114580555448,67.91577748123736,100,90,0,130,0
50.364055833330134,65.12308367402005,191.6,0.0,191.6,-141.824,141.23594416666987,8.435709166666687,2.7754013508796693,19.955,0.0,0.0,19.955,37.09588750000001,41.926,31.109,3.9614572590027857,-5.1129999999999995,0.5432166666666668,0.013290868110896392,0.57,0.02678333333333316,2538.2729666667287,190.32829202632092,2957.8,59.240350000000014,47.49801666666666,31.965217499998943,67.91177589301063,100,90,0,130,0
50.358283916663325,65.11587558852568,191.6,0.0,191.6,-141.859,141.24171608333666,8.43217583333336,2.773022029464585,19.668,0.0,0.0,19.668,37.10568333333333,41.926,31.129,3.954734666730486,-5.050999999999998,0.5495500000000002,0.019464374236198265,0.602,0.052449999999999775,2537.713533333366,188.99444145264928,2950.6,59.22468333333333,47.63143333333334,31.965381027776672,67.90836199222646,100,90,0,130,0
50.360230638885206,65.1163450696809,191.63,0.0,191.63,-141.851,141.26976936111478,8.435208333333348,2.774332439284619,20.479,0.0,0.0,20.479,37.097225,41.926,31.117,3.9602811614875875,-5.129000000000001,0.5500666666666666,0.023204227162137707,0.607,0.05693333333333339,2538.3759333333423,187.90369686094846,2949.6,59.20015,47.77653333333334,31.964221324072852,67.91388173612766,100,90,0,130,0
50.37728747221873,65.10870728949881,191.58,0.0,191.58,-141.66899999999998,141.20271252778127,8.433449166666678,2.750532563626351,20.122,0.0,0.0,20.122,37.10824999999999,41.93,31.105,3.964986800803243,-5.113000000000003,0.5505666666666668,0.027509854423378523,0.604,0.05343333333333322,2539.06613333338,189.45275616237015,2961.4,59.16341666666668,47.82396666666668,31.972995546295135,67.88674970754855,100,100,0,130,0
50.37458369444167,65.11071631156861,191.63,0.0,191.63,-141.775,141.25541630555833,8.439199166666677,2.7532713400715436,20.243,0.0,0.0,20.243,37.11600833333334,41.941,31.195,3.95035882697445,-5.113000000000003,0.5582333333333334,0.020370605830973776,0.608,0.049766666666666626,2536.767433333392,189.21185428080068,2953.8,59.45473333333336,47.57376666666666,31.976597064813898,67.88435825747113,100,100,0,130,0
50.369220027774816,65.10294055542839,191.66,0.0,191.66,-141.79399999999998,141.29077997222518,8.438451666666703,2.7508152982345777,20.13,0.0,0.0,20.13,37.11940000000002,41.969,31.137,3.9639965798869765,-5.0390000000000015,0.5452166666666667,0.01999668757880397,0.59,0.044783333333333286,2533.8537333333834,186.2101638568175,2945.4,59.48185,47.73299999999999,31.975690564813846,67.87375254124177,100,100,0,130,0
50.369764444441394,65.10543399321125,191.63,0.0,191.63,-141.702,141.2602355555586,8.437390000000015,2.750178546858306,20.13,0.0,0.0,20.13,37.13272916666667,41.969,31.195,3.953141638944371,-5.113000000000003,0.5503833333333332,0.020402801125955956,0.601,0.050616666666666754,2532.305966666711,186.88254610513707,2943.4,59.50054999999998,47.562666666666665,31.979961203702697,67.87601534119551,100,100,0,130,0
50.36517997221951,65.10632341411356,191.59,0.0,191.59,-141.726,141.22482002778048,8.44011500000002,2.7492088360948594,20.271,0.0,0.0,20.271,37.135925,41.984,31.187,3.956029593541873,-5.117000000000004,0.55835,0.02443658343896483,0.603,0.04464999999999997,2531.4423333333607,185.64659583281602,2939.6,59.55786666666669,47.85368333333335,31.98040665740651,67.8799688336474,100,100,0,130,0
50.3618151944415,65.09808792109207,191.58,0.0,191.58,-141.83100000000002,141.2181848055585,8.427932500000027,2.751355490263891,19.956,0.0,0.0,19.956,37.14799166666671,41.965,31.187,3.947667926574837,-5.054000000000002,0.5537499999999999,0.02487366383431222,0.615,0.06125000000000014,2531.4000333333865,186.4262114851888,2939.8,59.220816666666664,47.77301666666664,31.979246453702746,67.87431707519028,100,100,0,130,0
50.36634166666432,65.10745119958433,191.68,0.0,191.68,-141.654,141.3136583333357,8.428865000000041,2.749607064221119,20.086,0.0,0.0,20.086,37.15690416666667,42.004,31.187,3.9442010251987947,-5.074000000000002,0.5554333333333333,0.018986495349319114,0.594,0.03856666666666664,2530.3535333333566,186.9702147162681,2937.8,59.30540000000003,47.60201666666665,31.984036944443677,67.87604475915478,100,100,0,130,0
50.364045916663756,65.10093355164186,191.68,0.0,191.68,-141.707,141.31595408333624,8.436591666666693,2.7487468194606675,20.245,0.0,0.0,20.245,37.163883333333324,41.996,31.195,3.9433338977329533,-5.133000000000003,0.5551833333333334,0.024793719589312233,0.608,0.05281666666666662,2531.129500000024,185.72524075613862,2938.2,59.50291666666668,47.52743333333335,31.988173638887925,67.87447409069183,100,100,0,130,0
50.37428508333007,65.10506954876226,191.62,0.0,191.62,-141.77800000000002,141.24571491666993,8.43456083333335,2.7557364821886288,20.429,0.0,0.0,20.429,37.169616666666684,41.992,31.199,3.9480977585437436,-5.0390000000000015,0.54635,0.022984021715907056,0.591,0.04464999999999997,2535.1669333333984,185.94547790518538,2942.0,59.21500000000002,47.42763333333334,31.992820861110033,67.8837900526668,100,100,0,130,0
50.3757196944408,65.10511041801023,191.62,0.0,191.62,-141.799,141.24428030555922,8.439684166666687,2.7492494794032982,20.243,0.0,0.0,20.243,37.17243749999999,42.004,31.254,3.945849580028526,-5.057999999999996,0.5488500000000001,0.02753353887011009,0.61,0.06114999999999993,2536.4237333333954,185.7565279014582,2941.6,59.35073333333334,47.339249999999986,31.995947120369156,67.88189343628365,100,100,0,130,0
50.33245661110805,65.04019569101433,191.71,0.0,191.71,-141.775,141.37754338889195,8.436757500000036,2.7409718819684867,19.684,0.0,0.0,19.684,37.16006666666665,42.008,31.254,3.9498251563090028,-5.065999999999999,0.54415,0.023881646736509964,0.603,0.05884999999999996,2538.8029333333484,185.4105430919284,2947.8,59.168899999999994,47.3354,31.976426925924912,67.80504921971934,100,100,0,115,1
50.34133380555303,65.06241525247083,191.62,0.0,191.62,-141.619,141.27866619444697,8.430850833333368,2.7448860039282943,20.023,0.0,0.0,20.023,37.15959583333333,42.004,31.25,3.943994969207919,-5.054000000000002,0.5424833333333331,0.022986725474120888,0.583,0.04051666666666687,2537.9867333333636,187.49345920201097,2946.6,59.07856666666665,47.29620000000002,31.977260157406572,67.83028798187325,100,100,0,115,1
50.334645527774924,65.05217267557192,191.66,0.0,191.66,-141.66299999999998,141.32535447222506,8.429476666666694,2.7467052033331205,19.896,0.0,0.0,19.896,37.15847916666667,41.984,31.262,3.93828968883757,-5.058,0.5523166666666666,0.019483579933001243,0.593,0.040683333333333405,2535.228600000052,187.69035114613348,2947.8,59.08554999999999,47.274633333333334,31.974200453702764,67.81836145883804,100,100,0,115,1
50.33597938888579,65.05760699633544,191.68,0.0,191.68,-141.613,141.34402061111422,8.426090833333376,2.7440692476586532,19.868,0.0,0.0,19.868,37.160791666666675,42.004,31.25,3.939599704397975,-4.9879999999999995,0.54995,0.02146216615980748,0.599,0.04904999999999993,2532.9862000000485,187.60391776618152,2945.8,59.11583333333333,47.271449999999994,31.974287296295284,67.8231384101539,100,100,0,115,1
50.3359825833301,65.05274547580687,191.63,0.0,191.63,-141.714,141.2940174166699,8.434279166666691,2.744092101366733,19.896,0.0,0.0,19.896,37.1593625,42.012,31.25,3.942687303007831,-5.050000000000004,0.5498833333333333,0.020871756657950463,0.59,0.04011666666666669,2532.942166666713,186.73459605422025,2941.4,59.349600000000024,47.249900000000004,31.976541416665597,67.81770933383156,100,100,0,115,1
50.332528666663094,65.04717820694093,191.66,0.0,191.66,-141.658,141.32747133333692,8.430655833333354,2.7462530529022238,19.89,0.0,0.0,19.89,37.164129166666655,42.004,31.254,3.940526995210484,-5.055000000000003,0.5465333333333333,0.022727916580505002,0.586,0.03946666666666665,2535.334233333357,187.27165033692512,2945.8,59.06268333333333,47.251016666666686,31.975771222221038,67.81615917642365,100,100,0,115,1
50.340034194441124,65.05749128181652,191.66,0.0,191.66,-141.654,141.31996580555887,8.430235000000012,2.744219983141213,19.849,0.0,0.0,19.849,37.16429583333334,42.031,31.25,3.9422374251559935,-5.059000000000005,0.5462333333333332,0.02482574297225146,0.587,0.04076666666666673,2535.3131000000562,187.25810736748483,2945.8,59.09500000000001,47.23315,31.978188342591494,67.82653700792999,100,100,0,115,1
50.34310297221933,65.0585031118532,191.65,0.0,191.65,-141.65,141.30689702778068,8.432440000000001,2.7450726373911847,19.983,0.0,0.0,19.983,37.17255000000001,42.023,31.223,3.9511229564183905,-5.065999999999999,0.5439000000000002,0.024506450205913424,0.594,0.05009999999999981,2536.9892000000327,186.24179707535123,2943.6,59.089066666666675,47.37711666666667,31.982697657406447,67.82808219945031,100,100,0,115,1
50.34667772221913,65.06117311137257,191.63,0.0,191.63,-141.699,141.28332227778088,8.432183333333356,2.7475903898715175,19.943,0.0,0.0,19.943,37.18555833333331,42.031,31.25,3.9365750449406005,-4.992000000000004,0.5466666666666666,0.027935559422105505,0.604,0.05733333333333335,2537.897366666712,186.75944060343502,2943.6,59.02578333333333,47.163033333333345,31.98813979629527,67.83669906066619,100,100,0,115,1
50.34096136110738,65.05288244490563,191.66,0.0,191.66,-141.667,141.3190386388926,8.436271666666688,2.743664072303422,19.688,0.0,0.0,19.688,37.20013749999997,42.047,31.273,3.9352634648140143,-4.9730000000000025,0.5442166666666668,0.022358475181223286,0.593,0.04878333333333318,2536.75773333339,186.68449154502932,2945.4,59.22508333333333,47.101516666666654,31.99245684259135,67.81890499239027,100,100,0,115,1
50.14187347222038,64.79299408577101,191.65,0.0,191.65,-141.686,141.5081265277796,8.29873166666668,2.7792518499352235,20.027,0.0,0.0,20.027,37.18433333333329,41.996,31.262,3.9262268180148867,-5.063000000000002,0.5387333333333333,0.01847386304537328,0.576,0.03726666666666667,2561.4392333333717,187.80836697157463,2975.6,55.998133333333335,47.205000000000005,31.874979490740117,67.5907197987516,100,100,2,115,1
50.07073213888768,64.82306900135784,191.25,0.0,191.25,-141.017,141.17926786111232,8.279354166666694,2.8137305752667814,20.228,0.0,0.0,20.228,37.14729999999997,41.98,31.254,3.917819790345573,-5.0390000000000015,0.5492500000000002,0.026448943460363222,0.604,0.05474999999999974,2564.1449666667163,190.60468966586137,2977.6,54.89980000000001,47.21163333333334,31.832462101851448,67.66324852008498,100,73,2,115,0
50.080228166664796,64.82984453942035,191.35,0.0,191.35,-140.932,141.2697718333352,8.279131666666677,2.8149705928948783,20.291,0.0,0.0,20.291,37.124700000000026,41.926,31.262,3.918764796853008,-5.022999999999996,0.54355,0.026178931236358085,0.604,0.060450000000000004,2563.9538666667195,190.17190308727572,2976.4,54.93636666666668,47.26933333333332,31.828019944443835,67.67099406355159,100,73,2,115,0
50.08119516666528,64.82915063318964,191.38,0.0,191.38,-140.82,141.2988048333347,8.275785000000024,2.825269059722428,20.479,0.0,0.0,20.479,37.10966666666666,41.926,31.266,3.909565765426904,-4.972999999999999,0.5451833333333335,0.02249029294687283,0.609,0.06381666666666652,2564.4554000000417,190.71949650004552,2978.4,54.80048333333333,46.93685000000001,31.822215611110654,67.67690998585894,100,73,2,115,0
50.073669972220685,64.83042869684363,191.25,0.0,191.25,-140.96699999999998,141.17633002777933,8.27693083333336,2.8165064707836094,20.386,0.0,0.0,20.386,37.09866250000001,41.914,31.266,3.906015851378979,-4.980000000000004,0.5463333333333334,0.025181151591621567,0.604,0.05766666666666653,2561.4791333333897,190.84652466640597,2973.8,54.953333333333305,47.216833333333334,31.81642110185135,67.67211631921886,100,73,2,115,0
50.070339055554655,64.82287042012234,191.31,0.0,191.31,-140.98899999999998,141.23966094444535,8.27533416666668,2.81463488551919,20.289,0.0,0.0,20.289,37.09652916666666,41.93,31.266,3.9064738339127945,-4.9609999999999985,0.5493333333333333,0.02765934829352633,0.628,0.07866666666666666,2560.502433333396,190.24394455668133,2971.6,54.90693333333332,47.2085,31.81406746296267,67.66516465393505,100,73,2,115,0
50.071462277776654,64.82360461914286,191.27,0.0,191.27,-140.949,141.19853772222336,8.272322500000007,2.8229985022927377,20.392,0.0,0.0,20.392,37.098841666666694,41.914,31.262,3.909058183600681,-4.965000000000003,0.5451833333333335,0.019878010733835074,0.59,0.044816666666666505,2560.4786666667155,189.85623449473107,2971.4,54.792316666666665,47.23746666666666,31.814208814814453,67.66648113216942,100,73,2,115,0
50.07617433333199,64.83045675351438,191.33,0.0,191.33,-140.94899999999998,141.25382566666804,8.273675833333357,2.818168628340772,20.299,0.0,0.0,20.299,37.10646250000002,41.922,31.266,3.8971480107682246,-4.965000000000003,0.5528500000000001,0.028618368523540112,0.624,0.07114999999999994,2560.0023000000583,190.25881324495737,2975.0,54.86293333333333,46.81084999999999,31.818770888888455,67.6772437503787,100,73,2,115,0
50.07498708333179,64.82933856482079,191.32,0.0,191.32,-141.017,141.2450129166682,8.276504166666696,2.8138737509385807,20.329,0.0,0.0,20.329,37.100466666666684,41.922,31.273,3.9082720040270544,-4.945999999999998,0.5470833333333334,0.02231993231466154,0.599,0.05191666666666661,2560.237066666683,189.9761349785084,2973.6,54.97263333333332,47.00168333333332,31.81731930555506,67.66553224807403,100,73,2,115,0
50.06900213888686,64.8249157059282,191.25,0.0,191.25,-141.075,141.18099786111316,8.27400083333335,2.81423313194437,20.297,0.0,0.0,20.297,37.10975833333337,41.922,31.254,3.893315064620237,-4.875,0.5487000000000002,0.02502019523288186,0.614,0.0652999999999998,2560.044100000011,189.9672827355849,2973.6,54.94430000000001,46.75248333333332,31.81758710185119,67.66416903310545,100,73,2,115,0
50.07190097222114,64.83261913988044,191.31,0.0,191.31,-140.952,141.23809902777887,8.272394166666691,2.814473966283643,20.262,0.0,0.0,20.262,37.12524166666666,41.922,31.273,3.889444100916763,-4.980000000000004,0.5422166666666667,0.022758936904863268,0.6,0.0577833333333333,2560.169100000041,189.8953190503201,2971.4,54.90973333333331,46.89403333333334,31.82317893518483,67.66985204306894,100,73,2,115,0
50.093888444442285,64.80053645352719,191.3,0.0,191.3,-140.991,141.20611155555773,8.284215000000012,2.8063727024807945,19.34,0.0,0.0,19.34,37.13920833333332,41.91,31.348,3.8807981836459473,-4.984000000000002,0.5407333333333334,0.022720756333396586,0.6,0.05926666666666658,2558.83300000005,189.66551163926516,2973.4,55.53981666666665,46.88103333333332,31.839103925925205,67.62962991234139,100,80,2,115,0
50.0925285833321,64.79695747951597,191.27,0.0,191.27,-140.923,141.1774714166679,8.288268333333354,2.8155744862704313,20.099,0.0,0.0,20.099,37.14495416666664,41.926,31.289,3.8879669029015513,-4.895,0.5486833333333333,0.02753394925509088,0.603,0.05431666666666668,2558.585233333384,189.40669894404397,2971.6,55.63351666666667,46.97428333333333,31.841917027777367,67.64006591504149,100,80,2,115,0
50.09019263888659,64.8001203685145,191.24,0.0,191.24,-140.995,141.1498073611134,8.28643250000001,2.808850627982737,19.503,0.0,0.0,19.503,37.156283333333334,41.922,31.348,3.881266176491308,-4.902999999999999,0.5434333333333332,0.02137269497268605,0.584,0.04056666666666675,2558.3344666667103,189.06104551670836,2971.4,55.563800000000015,46.89576666666666,31.84430282407331,67.63034369146992,100,80,2,115,0
50.09465324999816,64.79991031605365,191.23,0.0,191.23,-140.952,141.13534675000182,8.284668333333348,2.8062331749501346,19.664,0.0,0.0,19.664,37.15922499999999,41.926,31.348,3.886271910634808,-4.977,0.5401499999999999,0.017964961188615867,0.586,0.04585000000000006,2558.5069666667036,189.27425764984622,2971.4,55.57228333333334,46.92809999999997,31.846182194443838,67.6241084521924,100,80,2,115,0
50.09596783333129,64.81049019231672,191.27,0.0,191.27,-140.892,141.17403216666872,8.284825000000017,2.806753650468874,19.391,0.0,0.0,19.391,37.169337499999976,41.93,31.34,3.880168194852536,-4.804999999999996,0.5403999999999999,0.02234642503543702,0.616,0.07560000000000011,2558.7458333333416,189.11083306843156,2971.6,55.65659999999998,46.75501666666666,31.85004344444376,67.63959026782103,100,80,2,115,0
50.08559124999776,64.7954745485731,191.22,0.0,191.22,-140.952,141.13440875000225,8.286012499999998,2.808639623754506,19.342,0.0,0.0,19.342,37.191954166666655,41.937,31.375,3.8641087561120826,-4.871000000000002,0.5425,0.019872901232327156,0.585,0.04249999999999998,2557.456466666687,190.49776535334036,2975.4,55.634050000000016,46.3671,31.854519305554806,67.62398707355993,100,80,2,115,0
50.09282852777547,64.80712179512884,191.28,0.0,191.28,-140.996,141.18717147222452,8.285903333333357,2.811603390773919,19.653,0.0,0.0,19.653,37.19529999999999,41.941,31.34,3.884190030642458,-4.980000000000004,0.5540666666666668,0.02754894975799187,0.629,0.07493333333333319,2556.111200000022,189.81280504237063,2971.6,55.71185000000002,46.60180000000001,31.8580106203696,67.64627413566075,100,80,2,115,0
50.09157224999797,64.801267432742,191.34,0.0,191.34,-141.09699999999998,141.24842775000204,8.283997500000014,2.8040344163961377,19.703,0.0,0.0,19.703,37.1892458333333,41.941,31.348,3.8890789341500276,-4.894000000000002,0.5396333333333333,0.02545848509390996,0.606,0.06636666666666668,2556.6495666666965,190.45245044137764,2973.6,55.63671666666666,46.72961666666666,31.854938527777094,67.63076033423204,100,80,2,115,0
50.08900502777603,64.8079969592745,191.34,0.0,191.34,-141.00799999999998,141.25099497222396,8.284690000000033,2.808205079828628,19.354,0.0,0.0,19.354,37.2010333333333,41.957,31.332,3.8850906720776797,-4.879000000000001,0.5434166666666667,0.024338218300781523,0.594,0.050583333333333313,2556.954533333365,189.34020176598264,2969.4,55.66861666666667,46.88488333333335,31.858242787036456,67.64054025740391,100,80,2,115,0
50.09160399999799,64.80392731099404,191.32,0.0,191.32,-141.06,141.228396000002,8.286541666666697,2.812026952736463,19.856,0.0,0.0,19.856,37.20869583333332,41.996,31.355,3.9008575201423583,-4.882999999999999,0.541,0.025148373266796028,0.608,0.06699999999999995,2557.772400000044,189.95133800539986,2971.8,55.65496666666665,47.02523333333336,31.86228049999934,67.6411026369973,100,80,2,115,0
50.11368497221978,64.78091608224317,191.3,0.0,191.3,-140.873,141.18631502778024,8.291299166666699,2.800025610153218,19.499,0.0,0.0,19.499,37.21927083333331,41.984,31.367,3.886161942305489,-4.983999999999998,0.5461333333333335,0.023119781438960662,0.599,0.052866666666666506,2556.146066666722,188.92478672839346,2971.4,55.989049999999985,46.73426666666666,31.874751657406595,67.60406147383534,100,90,2,115,0
50.10542594444253,64.77382557578466,191.33,0.0,191.33,-141.069,141.22457405555747,8.29483416666668,2.8032482198605067,20.479,0.0,0.0,20.479,37.234312500000016,41.996,31.422,3.872268926936883,-4.987999999999996,0.5470166666666665,0.026932742134250932,0.605,0.0579833333333335,2556.777300000028,188.8495704295315,2973.6,55.95371666666668,46.301399999999994,31.878190870369746,67.60400653777941,100,90,2,115,0
50.10407802777573,64.7673996654308,191.3,0.0,191.3,-140.907,141.19592197222428,8.29259416666667,2.802757682471828,19.462,0.0,0.0,19.462,37.23549583333337,41.992,31.426,3.863447304042372,-4.894000000000002,0.5544500000000003,0.027113962254759844,0.627,0.07254999999999967,2555.27363333337,190.18380370402411,2975.4,55.98728333333335,46.24079999999999,31.877389342591922,67.5972713101574,100,90,2,115,0
50.09766622222012,64.76268142383486,191.27,0.0,191.27,-140.941,141.1723337777799,8.291674166666693,2.804252714908828,20.479,0.0,0.0,20.479,37.2468708333333,41.996,31.434,3.8587779988403104,-4.9759999999999955,0.54665,0.021833596410197494,0.599,0.05235000000000001,2553.033933333391,188.7595087774067,2967.4,55.9868,46.33231666666668,31.87873707407337,67.5887677351539,100,90,2,115,0
50.100631583331676,64.76768019142727,191.3,0.0,191.3,-140.882,141.19936841666834,8.292119166666692,2.8000337469608123,19.654,0.0,0.0,19.654,37.24066249999999,42.004,31.359,3.8821143592338254,-5.036000000000001,0.5466333333333332,0.021399324135269474,0.589,0.042366666666666775,2556.9603000000416,187.72741444516222,2969.6,55.902449999999995,46.67178333333333,31.877804416666123,67.58911326252336,100,90,2,115,0
50.105591722220396,64.77042681874134,191.19,0.0,191.19,-141.00799999999998,141.0844082777796,8.294201666666677,2.8023201776347526,19.621,0.0,0.0,19.621,37.23576666666666,41.996,31.359,3.8805000728798658,-4.976999999999997,0.5462833333333333,0.031175333397244966,0.613,0.06671666666666665,2558.45710000001,189.17002684384053,2975.8,55.905049999999996,46.68943333333336,31.878520018517914,67.60392232977334,100,90,2,115,0
50.10039536110918,64.76519647492786,191.32,0.0,191.32,-140.81,141.21960463889081,8.293167500000028,2.802621420229882,20.479,0.0,0.0,20.479,37.24766250000001,41.996,31.434,3.867100941139814,-4.961000000000002,0.5369166666666666,0.022718089310523094,0.589,0.05208333333333337,2557.6707666667353,188.53715252364944,2967.8,55.91888333333332,46.484349999999985,31.88040845370307,67.59053598446827,100,90,2,115,0
50.10014099999839,64.76623964439557,191.23,0.0,191.23,-140.96,141.1298590000016,8.293283333333354,2.8033814297956305,20.265,0.0,0.0,20.265,37.24440416666665,41.992,31.434,3.882336478811516,-4.949000000000002,0.5398999999999999,0.022880455726171357,0.602,0.062100000000000044,2557.587866666698,188.9323389935362,2971.6,55.920116666666665,46.68826666666668,31.87927616666613,67.59250152991737,100,90,2,115,0
50.099825583331324,64.7647631549304,191.32,0.0,191.32,-140.867,141.22017441666867,8.29258583333335,2.8043158340398904,20.479,0.0,0.0,20.479,37.2397208333333,42.004,31.426,3.8845937889312814,-4.972999999999995,0.5456999999999999,0.026838689502978477,0.602,0.05630000000000013,2557.003333333394,188.91970034316657,2973.8,55.95098333333332,46.672450000000005,31.87737741666599,67.59591767847327,100,90,2,115,0
50.108192305553295,64.77574607125055,191.24,0.0,191.24,-140.899,141.1318076944467,8.292260000000008,2.8059087432825915,20.324,0.0,0.0,20.324,37.24956249999994,42.008,31.434,3.865833716345963,-4.9759999999999955,0.5469333333333334,0.024645876106146995,0.626,0.07906666666666662,2557.5642333333826,189.19128726752155,2973.6,55.92526666666666,46.3124,31.883338268517747,67.60630069063929,100,90,2,115,0
50.1193222222203,64.75806560323605,191.2,0.0,191.2,-140.89000000000001,141.0806777777797,8.289100833333354,2.7767395994226405,19.813,0.0,0.0,19.813,37.238974999999996,42.023,31.371,3.884230690619417,-4.972999999999995,0.54895,0.024581531581967245,0.608,0.059049999999999936,2556.8406666667274,188.40866815850532,2969.6,55.936866666666674,46.44331666666667,31.882466018517885,67.55938673424066,100,100,2,115,0
50.12146552777617,64.76738968817783,191.23,0.0,191.23,-140.95499999999998,141.10853447222382,8.289778333333366,2.779450393442061,20.073,0.0,0.0,20.073,37.24800416666664,42.051,31.434,3.8869577529482267,-4.964999999999996,0.54875,0.0263924905858093,0.605,0.05625000000000002,2555.904666666716,188.38406292487403,2969.6,56.14270000000001,46.3887666666667,31.886416009258724,67.5732325722057,100,100,2,115,0
50.11601516666474,64.75995805807169,191.28,0.0,191.28,-140.889,141.16398483333526,8.286695833333361,2.7798715134592267,20.232,0.0,0.0,20.232,37.249379166666664,42.059,31.359,3.891887091345499,-5.055,0.5448333333333333,0.0245143794997933,0.589,0.04416666666666669,2554.8553333334053,188.5200741599749,2969.6,55.969416666666646,46.43096666666668,31.88403005555492,67.56434395103071,100,100,2,115,0
50.11986994444211,64.76237102212627,191.27,0.0,191.27,-140.957,141.1501300555579,8.287047500000021,2.782652124493593,20.381,0.0,0.0,20.381,37.23771249999996,42.051,31.355,3.9004892404014457,-5.030999999999999,0.5488333333333331,0.022797685480698143,0.604,0.05516666666666692,2555.215066666724,188.33645742799854,2969.4,55.95125000000001,46.56090000000001,31.881543314814028,67.56782083210057,100,100,2,115,0
50.120509916665135,64.76361993762391,191.23,0.0,191.23,-140.77700000000002,141.10949008333486,8.293487500000031,2.7801167992895235,19.851,0.0,0.0,19.851,37.24373333333331,42.023,31.348,3.8980962948047386,-4.9759999999999955,0.5447166666666667,0.02323431978387162,0.602,0.05728333333333324,2556.0484666666625,187.95463185279945,2971.6,56.096366666666675,46.52275000000001,31.885910249999494,67.56697105669731,100,100,2,115,0
50.12245563888737,64.76769395291639,191.27,0.0,191.27,-140.946,141.14754436111264,8.290465833333347,2.7829325638994526,20.348,0.0,0.0,20.348,37.24999583333332,42.023,31.437,3.8904017351772855,-4.964999999999996,0.548316666666667,0.029086365648988633,0.619,0.07068333333333299,2556.7776333333913,188.21519428469503,2973.4,55.96166666666666,46.43146666666667,31.887639101851345,67.57971288246483,100,100,2,115,0
50.12317052777576,64.7752303608311,191.25,0.0,191.25,-141.053,141.12682947222424,8.289501666666695,2.778385669912092,20.107,0.0,0.0,20.107,37.23907083333333,42.031,31.371,3.895191906797089,-4.972999999999995,0.5546333333333332,0.027219115084600003,0.623,0.0683666666666668,2555.5714333334154,188.53114084713894,2973.0,56.021049999999995,46.49750000000001,31.883914342591925,67.5808351458278,100,100,2,115,0
50.12850311110906,64.77274798090558,191.24,0.0,191.24,-141.04000000000002,141.11149688889094,8.291491666666701,2.7810502180279335,20.341,0.0,0.0,20.341,37.2335,42.031,31.355,3.8926245214857245,-4.976999999999997,0.5544166666666666,0.030862347015041404,0.63,0.07558333333333345,2556.8390666666846,188.43515482801521,2976.4,55.96776666666666,46.47431666666667,31.88449825925859,67.58466054594855,100,100,2,115,0
50.129780583331566,64.76951699542379,191.24,0.0,191.24,-140.89600000000002,141.11021941666843,8.29144500000002,2.783469116452262,20.344,0.0,0.0,20.344,37.22562916666664,42.039,31.348,3.9095081810319554,-5.055,0.5513,0.033484274072607435,0.64,0.0887,2559.152100000041,188.99814691026097,2977.0,55.893633333333334,46.751566666666676,31.882284916666077,67.58647038594866,100,100,2,115,0
50.12616983333146,64.7671862213585,191.19,0.0,191.19,-140.962,141.06383016666854,8.293678333333348,2.779698539081297,19.874,0.0,0.0,19.874,37.23760416666664,42.059,31.348,3.9075272212640826,-4.964999999999996,0.5561166666666666,0.027712257378992907,0.621,0.0648833333333334,2560.269166666741,188.32228980335373,2975.0,55.888849999999984,46.65818333333334,31.885817444443816,67.57459701781879,100,100,2,115,0
50.22516497222048,64.89738011470001,191.34,0.0,191.34,-140.94299999999998,141.11483502777952,8.338535000000023,2.769751453296101,20.107,0.0,0.0,20.107,37.22858749999998,42.066,31.348,3.9197652543507604,-4.980000000000004,0.5519666666666668,0.02819482262045408,0.618,0.06603333333333317,2549.1041333333756,187.34800590203284,2971.4,57.03238333333331,46.82884999999999,31.930762490740165,67.69532639061656,100,100,1,115,1
50.158137638887816,64.94933124607604,191.41,0.0,191.41,-141.29600000000002,141.2518623611122,8.318677500000014,2.8121646443293637,20.479,0.0,0.0,20.479,37.244079166666666,42.059,31.348,3.8956412180772713,-4.98,0.5589166666666667,0.030122513494212903,0.642,0.08308333333333329,2551.2176333333423,188.92766283959028,2963.8,55.92133333333331,46.484950000000026,31.906964768518165,67.7916184038996,100,73,1,115,0
50.147967138887,64.93503439439425,191.34,0.0,191.34,-141.119,141.192032861113,8.322095000000026,2.8074181207524007,20.479,0.0,0.0,20.479,37.24902083333334,42.059,31.422,3.895705592357521,-4.953000000000003,0.5500833333333331,0.03393727597443511,0.634,0.08391666666666686,2550.7737000000234,190.28515665123126,2963.2,56.036266666666656,46.44745,31.906360990740122,67.77638979112109,100,73,1,115,0
50.15216591666473,64.93895984220562,191.38,0.0,191.38,-141.215,141.22783408333527,8.323554166666685,2.807889914189624,20.479,0.0,0.0,20.479,37.24097083333334,42.062,31.375,3.8948423565542862,-4.971999999999998,0.5514499999999998,0.03137548703113112,0.618,0.06655000000000022,2551.005000000008,189.73718463936498,2961.4,56.06086666666667,46.39526666666666,31.905563638888253,67.77822524342638,100,73,1,115,0
50.15727944444286,64.93583909013512,191.35,0.0,191.35,-141.23000000000002,141.19272055555714,8.323055833333358,2.8107520595621587,20.479,0.0,0.0,20.479,37.247420833333294,42.078,31.422,3.8956198364348142,-4.972999999999995,0.5518166666666666,0.027878362709180603,0.607,0.05518333333333336,2552.192333333338,190.18683015993318,2962.2,55.967116666666676,46.3365,31.9092520370365,67.77446951240645,100,73,1,115,0
50.148821833331326,64.9370174574563,191.38,0.0,191.38,-141.245,141.23117816666866,8.322728333333345,2.8042611361932503,20.374,0.0,0.0,20.374,37.24435416666667,42.062,31.355,3.9058532167797337,-4.956999999999997,0.5512833333333336,0.031756537651573706,0.626,0.07471666666666643,2552.1106333333737,189.60049201244385,2965.0,56.05475000000001,46.58608333333334,31.90530144444378,67.77303513130113,100,73,1,115,0
50.14688177777557,64.93022479778007,191.38,0.0,191.38,-141.09,141.23311822222442,8.32360833333335,2.8098397699645825,20.479,0.0,0.0,20.479,37.251608333333316,42.074,31.426,3.896765577130626,-4.972000000000005,0.5509833333333334,0.03257507192216868,0.637,0.08601666666666663,2551.8725666667206,190.5601983073644,2966.0,56.07735,46.43888333333333,31.907366148147407,67.77263963966682,100,73,1,115,0
50.16239322222029,64.94638618561811,191.48,0.0,191.48,-141.289,141.3176067777797,8.323088333333367,2.8060836528430237,20.479,0.0,0.0,20.479,37.25137916666669,42.066,31.422,3.895201412496615,-4.961000000000002,0.5505333333333333,0.03299536005729796,0.627,0.07646666666666668,2552.9192666666822,189.87457472715207,2963.2,56.012199999999986,46.47306666666666,31.91228690740678,67.78546519851844,100,73,1,115,0
50.158522777775666,64.95056071617616,191.46,0.0,191.46,-141.268,141.30147722222435,8.32200416666668,2.813098482404955,20.479,0.0,0.0,20.479,37.24752083333332,42.047,31.371,3.8960454115598475,-4.9609999999999985,0.5524166666666666,0.02915783562837051,0.627,0.07458333333333345,2551.8772000000286,189.32670001890912,2961.2,55.97653333333333,46.4908,31.90934925925855,67.79281703420948,100,73,1,115,0
50.16057666666459,64.94664264767862,191.41,0.0,191.41,-141.204,141.24942333333541,8.324930833333353,2.808271485866573,20.479,0.0,0.0,20.479,37.25368333333336,42.051,31.371,3.8862690263706337,-4.989000000000001,0.5577,0.03308914512984172,0.643,0.08530000000000004,2552.8470666667026,190.0638314919555,2967.0,56.01486666666668,46.270299999999985,31.913063611110434,67.78800327867502,100,73,1,115,0
50.155454472220505,64.94621018638743,191.44,0.0,191.44,-141.062,141.2845455277795,8.323272500000016,2.805500068693628,20.479,0.0,0.0,20.479,37.25579166666666,42.074,31.434,3.8928402134080606,-4.977,0.5496833333333334,0.03306721027665057,0.613,0.06331666666666658,2550.92566666668,190.74184589784775,2963.0,56.10236666666667,46.40083333333334,31.911506212962394,67.78477746535772,100,73,1,115,0
50.18628541666548,64.9252275232002,191.43,0.0,191.43,-141.107,141.24371458333454,8.342362500000014,2.795943133261257,19.73,0.0,0.0,19.73,37.246608333333306,42.062,31.348,3.8921907401987976,-5.061999999999998,0.5501166666666665,0.03356253544222685,0.633,0.08288333333333353,2552.3742666666844,188.98267698344432,2963.2,56.765449999999994,46.45841666666667,31.925085416666263,67.7547331919037,100,80,1,115,0
50.18569277777619,64.92275467201053,191.41,0.0,191.41,-141.16400000000002,141.2243072222238,8.340418333333366,2.7950819384291163,19.742,0.0,0.0,19.742,37.22278333333329,42.023,31.348,3.9132959520191237,-4.961000000000002,0.5515666666666665,0.03195142853317725,0.628,0.07643333333333346,2552.4742666666966,189.1900325136853,2963.0,56.6938,46.837833333333336,31.916298148147614,67.74978803897282,100,80,1,115,0
50.184168944442426,64.91813643105321,191.41,0.0,191.41,-141.167,141.22583105555756,8.342825000000023,2.8000934792047993,19.392,0.0,0.0,19.392,37.22859999999998,42.012,31.344,3.909301985657128,-5.061999999999998,0.5504833333333335,0.03871122627285297,0.647,0.09651666666666647,2552.934566666675,189.45073111955125,2967.2,56.80296666666668,46.74348333333331,31.918531314814146,67.75694113653087,100,80,1,115,0
50.19186555555382,64.92589103654262,191.43,0.0,191.43,-141.06799999999998,141.2381344444462,8.339954166666674,2.7942732435343984,19.813,0.0,0.0,19.813,37.2152833333333,42.047,31.262,3.923787300722481,-5.027000000000005,0.5488833333333336,0.027443681416994936,0.608,0.05911666666666637,2553.056466666712,189.39558996915824,2965.2,56.72038333333329,46.988949999999996,31.915701018517932,67.74760796149403,100,80,1,115,0
50.187275416664924,64.92258483224752,191.41,0.0,191.41,-141.108,141.22272458333507,8.340323333333355,2.7946730509441737,19.684,0.0,0.0,19.684,37.21222083333332,42.035,31.277,3.9305811782390827,-5.050999999999998,0.5518500000000001,0.03225209229844039,0.638,0.08614999999999995,2552.8727000000295,188.78140361566824,2967.0,56.77791666666666,46.96551666666668,31.913273194443864,67.74950997549013,100,80,1,115,0
50.192471666665,64.92669871285209,191.41,0.0,191.41,-141.15200000000002,141.217528333335,8.339505000000019,2.7944855599189444,19.756,0.0,0.0,19.756,37.20901249999999,42.012,31.277,3.9264229779172717,-5.108999999999998,0.55105,0.03130085015361375,0.623,0.07194999999999996,2553.296866666671,189.44741392786602,2965.0,56.6997,46.76796666666665,31.913663055555002,67.75248512292464,100,80,1,115,0
50.18932424999802,64.9324114550711,191.43,0.0,191.43,-141.19299999999998,141.24067575000197,8.33613916666669,2.793715958870613,19.688,0.0,0.0,19.688,37.18871249999997,42.012,31.262,3.9436961377141295,-5.136000000000003,0.5544333333333334,0.03693116210550754,0.641,0.08656666666666657,2552.7529333333805,190.31417955375463,2969.2,56.71063333333336,47.03428333333331,31.904725305554894,67.76305857604721,100,80,1,115,0
50.18967061111003,64.92604654328686,191.43,0.0,191.43,-141.38,141.24032938888996,8.3404366666667,2.799229933304005,19.394,0.0,0.0,19.394,37.194762499999996,42.008,31.254,3.928978493975151,-5.055,0.5437,0.02574141291737984,0.605,0.06130000000000002,2552.7242000000624,190.80290378391885,2971.0,56.81518333333334,46.637433333333334,31.908289925925573,67.75101788950825,100,80,1,115,0
50.19753147222051,64.9391737723803,191.41,0.0,191.41,-141.349,141.2124685277795,8.339696666666683,2.7982549428634873,19.473,0.0,0.0,19.473,37.18007916666667,42.004,31.273,3.9386193678860573,-5.027000000000001,0.5484666666666667,0.028265968438237022,0.629,0.08053333333333335,2553.166166666693,189.2429815157779,2970.0,56.76173333333332,46.67499999999999,31.90576910185129,67.76569468368203,100,80,1,115,0
50.196892666665434,64.93872430276768,191.44,0.0,191.44,-141.211,141.24310733333456,8.337805833333363,2.801316090637701,19.667,0.0,0.0,19.667,37.1626,41.992,31.266,3.9331723308419146,-5.047000000000004,0.5485166666666667,0.025494759625491296,0.605,0.05648333333333333,2552.3839333333863,191.37372969993933,2975.0,56.79706666666666,46.67808333333331,31.899099499999597,67.76553515303087,100,80,1,115,0
50.22444519444285,64.91964383032324,191.44,0.0,191.44,-141.22799999999998,141.21555480555713,8.344698333333362,2.787551676523378,19.48,0.0,0.0,19.48,37.15447083333334,41.984,31.223,3.9355827211220302,-5.051000000000002,0.5453333333333332,0.031166946130050104,0.613,0.06766666666666676,2549.771633333388,188.62933974676662,2967.8,57.13601666666667,46.700766666666645,31.907871453703184,67.73836245297667,100,90,1,115,0
50.228303249998675,64.92227418185905,191.44,0.0,191.44,-141.314,141.21169675000132,8.345959166666681,2.7908642180160146,20.054,0.0,0.0,20.054,37.13660833333333,41.957,31.203,3.940312478944967,-5.042999999999999,0.5501666666666666,0.027035548893166592,0.615,0.06483333333333341,2548.3564333332993,187.7508914532387,2959.4,57.173516666666664,46.73766666666668,31.903623583332898,67.74017394876823,100,90,1,115,0
50.2345161111103,64.92550176769278,191.57,0.0,191.57,-141.216,141.33548388888968,8.349579166666688,2.791538168857711,19.518,0.0,0.0,19.518,37.12951249999999,41.93,31.199,3.937967490724383,-5.035000000000004,0.5519000000000001,0.03404518433304754,0.645,0.09309999999999996,2552.104966666712,188.75487872557363,2969.2,57.133500000000005,46.48520000000001,31.90453592592566,67.75108512088354,100,90,1,115,0
50.22673286110974,64.9173581724094,191.47,0.0,191.47,-141.38600000000002,141.24326713889025,8.347429166666688,2.7872816100926974,19.094,0.0,0.0,19.094,37.105833333333315,41.922,31.184,3.929034905153367,-5.0390000000000015,0.5501,0.030384373771587342,0.623,0.07289999999999996,2553.4896333333727,187.59393638039938,2963.0,57.01224999999998,46.40396666666667,31.893331787036583,67.73502415627367,100,90,1,115,0
50.234259499999276,64.92215375918953,191.46,0.0,191.46,-141.21699999999998,141.22574050000074,8.346765833333352,2.785172282798684,19.701,0.0,0.0,19.701,37.0937625,41.926,31.199,3.9225798868171373,-5.035,0.5449333333333334,0.02326987334838152,0.592,0.04706666666666659,2554.0056666666515,188.81272078034618,2968.2,57.032216666666656,46.32678333333333,31.89159594444421,67.7305959153366,100,90,1,115,0
50.238360749999096,64.93056340701844,191.41,0.0,191.41,-141.208,141.1716392500009,8.350465833333349,2.7937531550004917,20.009,0.0,0.0,20.009,37.08350416666667,41.922,31.187,3.930730328083632,-5.035,0.5456833333333334,0.03467206743023849,0.642,0.0963166666666666,2555.3395333333824,188.59587608922382,2971.2,57.02931666666668,46.494049999999994,31.890776916666372,67.75898862944916,100,90,1,115,0
50.24338324999953,64.93243321219077,191.41,0.0,191.41,-141.209,141.16661675000046,8.348354166666674,2.7901652586435493,19.574,0.0,0.0,19.574,37.06881666666666,41.922,31.109,3.945665235463936,-5.038999999999998,0.5473166666666669,0.03439821224496583,0.627,0.0796833333333331,2554.6535000000345,189.3328809470715,2969.2,57.06201666666667,46.94618333333335,31.886851361110956,67.7569966830793,100,90,1,115,0
50.23716430555465,64.92624825759053,191.46,0.0,191.46,-141.27,141.22283569444537,8.34851333333335,2.7870520143330157,19.742,0.0,0.0,19.742,37.05249583333336,41.914,31.109,3.943947067165306,-5.207000000000004,0.5421833333333334,0.029036792363042834,0.616,0.07381666666666664,2553.230833333367,188.63165488903653,2969.0,57.04848333333333,47.14318333333333,31.879391157407117,67.74233706428659,100,90,1,115,0
50.23828299999851,64.92275932580262,191.48,0.0,191.48,-141.35,141.24171700000147,8.35245166666668,2.794002344651035,19.841,0.0,0.0,19.841,37.03697500000005,41.91,31.109,3.9448031741842833,-5.093,0.5498,0.02759439884211334,0.612,0.06220000000000003,2556.1392666666966,188.1187627261313,2971.0,57.020699999999984,47.17488333333333,31.875903222221748,67.74435606929576,100,90,1,115,0
50.235011444442975,64.9207618476859,191.48,0.0,191.48,-141.2,141.24498855555703,8.34889666666669,2.7878970448349394,19.639,0.0,0.0,19.639,37.03742916666667,41.91,31.102,3.937175808953695,-5.108999999999998,0.5398833333333335,0.030316461751123663,0.614,0.0741166666666665,2553.7001333333524,188.89732263780812,2968.2,57.008066666666664,47.16343333333332,31.873779092592113,67.73897535427196,100,90,1,115,0
50.254891027776544,64.91306738531858,191.47,0.0,191.47,-141.297,141.21510897222345,8.350185000000016,2.770819422602074,20.276,0.0,0.0,20.276,37.03100833333338,41.914,31.109,3.9433387325669726,-5.105,0.5465166666666667,0.02818070722829724,0.605,0.05848333333333333,2553.1261333334223,187.8895813312818,2969.0,57.16796666666666,46.979366666666664,31.878694787036647,67.71206751514896,100,100,1,115,0
50.254811222221,64.90742869397083,191.49,0.0,191.49,-141.29500000000002,141.235188777779,8.34924083333336,2.7716948099671748,20.246,0.0,0.0,20.246,37.02388333333337,41.922,31.102,3.9383696171845104,-5.038999999999998,0.5404500000000001,0.03007866804209322,0.623,0.0825499999999999,2552.9708333333806,187.29095544892456,2965.4,57.099333333333334,46.75831666666667,31.87597846296258,67.7092021719801,100,100,1,115,0
50.25782388888748,64.91600449127844,191.49,0.0,191.49,-141.23899999999998,141.23217611111252,8.346644166666676,2.774462667820308,20.415,0.0,0.0,20.415,37.01912083333334,41.914,31.117,3.9395434475705904,-5.105,0.5433166666666669,0.030408234648911733,0.615,0.0716833333333331,2552.435300000042,187.3994003453185,2969.8,57.052966666666684,46.82796666666665,31.874529629629166,67.72087539374766,100,100,1,115,0
50.26001180555375,64.91271863014425,191.38,0.0,191.38,-141.143,141.11998819444625,8.345309166666672,2.7794530693501383,20.479,0.0,0.0,20.479,37.014200000000045,41.914,31.117,3.9369402878536937,-5.105999999999998,0.5381833333333332,0.025531297952537425,0.596,0.05781666666666674,2552.0713666666734,186.58426405978437,2961.8,57.00565000000003,46.72689999999999,31.873173657406824,67.71770299744693,100,100,1,115,0
50.25132527777667,64.90777725844177,191.46,0.0,191.46,-141.34,141.20867472222335,8.350631666666674,2.773497414683298,20.349,0.0,0.0,20.349,37.00894583333338,41.867,31.066,3.936536137614397,-5.050999999999998,0.5464333333333334,0.026710860272502905,0.602,0.05556666666666654,2550.8816000000115,187.3639675537862,2964.8,57.15790000000001,46.814716666666676,31.870300925925573,67.70798553339756,100,100,1,115,0
50.256008249998324,64.91032165238128,191.44,0.0,191.44,-141.24599999999998,141.18399175000167,8.347281666666701,2.77518636163088,20.479,0.0,0.0,20.479,36.99692500000003,41.84,31.043,3.9335224521261796,-5.117000000000001,0.5433333333333333,0.029450139803798483,0.605,0.06166666666666665,2550.6310333333768,187.27243460902878,2961.6,57.140016666666654,46.85518333333332,31.86673830555502,67.71495815381597,100,100,1,115,0
50.259008083332226,64.91788374954358,191.49,0.0,191.49,-141.14999999999998,141.2309919166678,8.345080000000017,2.779299504079727,20.479,0.0,0.0,20.479,36.984850000000044,41.832,31.051,3.928409949399876,-5.038999999999998,0.5431500000000001,0.02539506491493766,0.606,0.06284999999999985,2550.0074666667147,187.21791184428582,2963.8,57.07988333333334,46.936349999999976,31.862979361110764,67.72257831853824,100,100,1,115,0
50.25501349999901,64.91136506830476,191.52,0.0,191.52,-141.308,141.264986500001,8.345580000000014,2.777125198637509,20.462,0.0,0.0,20.462,36.99338750000002,41.832,31.109,3.9189478473142025,-5.035,0.5484333333333334,0.030314379128078855,0.613,0.06456666666666655,2551.542666666662,187.0026719045447,2961.8,57.06386666666668,46.764,31.864660333333017,67.71880464607034,100,100,1,115,0
50.26552111110948,64.92237658143226,191.41,0.0,191.41,-141.339,141.14447888889052,8.34422166666668,2.782734260129649,20.479,0.0,0.0,20.479,36.98521666666671,41.84,31.082,3.91685995763884,-5.042999999999996,0.5386666666666667,0.02869575452368547,0.604,0.06533333333333324,2552.441300000078,187.03503304169377,2965.4,56.97929999999996,46.71048333333333,31.86498648148096,67.73380659608559,100,100,1,115,0
50.261813555553864,64.9164770020633,191.44,0.0,191.44,-141.177,141.17818644444614,8.343605000000018,2.7794544479385044,20.479,0.0,0.0,20.479,36.98081666666671,41.828,31.07,3.9167471143641706,-5.050999999999998,0.5351500000000001,0.02256502843948077,0.598,0.06284999999999985,2552.038966666681,187.23180390360426,2965.4,57.023699999999984,46.69061666666667,31.862078407406866,67.7184964784413,100,100,1,115,0
50.380147833330184,65.06820431675696,191.59,0.0,191.59,-141.286,141.2098521666698,8.441017500000028,2.7495546371693362,20.218,0.0,0.0,20.218,36.985679166666685,41.844,31.105,3.9229811833928716,-5.042999999999996,0.5369833333333334,0.024078608317987835,0.59,0.0530166666666666,2543.001166666726,186.6658442642218,2963.8,59.088983333333324,46.77323333333334,31.9356148333323,67.8418375622443,100,100,0,115,1
50.31876680555276,65.13655824383648,191.73,0.0,191.73,-141.738,141.41123319444722,8.417390833333341,2.7869420149292883,20.479,0.0,0.0,20.479,36.99337500000005,41.848,31.094,3.924535096657361,-5.077999999999996,0.5401666666666666,0.027450520458569216,0.598,0.0578333333333334,2544.784766666712,188.12648375563873,2951.6,58.017450000000004,46.990366666666674,31.909844212962053,67.95095077922434,100,73,0,115,0
50.31239902777472,65.12952606724386,191.63,0.0,191.63,-141.734,141.31760097222528,8.41873666666669,2.791529658123369,20.479,0.0,0.0,20.479,36.99254999999999,41.867,31.027,3.9431730418099717,-5.069999999999997,0.5395833333333332,0.02402067729796782,0.602,0.06241666666666679,2544.31970000004,188.1158626526223,2951.6,57.968516666666645,47.27075,31.907895231480467,67.9450764026652,100,73,0,115,0
50.31707627777536,65.13035068618058,191.67,0.0,191.67,-141.667,141.35292372222463,8.417779166666683,2.7913143230578186,20.479,0.0,0.0,20.479,37.01207083333336,41.914,31.043,3.947176056274844,-5.047000000000001,0.5397833333333332,0.026617880868335542,0.603,0.06321666666666681,2544.9561666667432,188.1582880330587,2951.4,57.962999999999994,47.195916666666655,31.9156420925918,67.94828289010673,100,73,0,115,0
50.313104638886195,65.1314751200413,191.73,0.0,191.73,-141.75099999999998,141.4168953611138,8.414506666666693,2.7912947539851904,20.479,0.0,0.0,20.479,37.02960000000005,41.922,31.109,3.952555893390575,-5.120999999999999,0.5368166666666666,0.023441591074208148,0.609,0.07218333333333338,2543.1726666666896,188.48438483539343,2951.4,57.96303333333336,47.15113333333334,31.919070435184313,67.94621146510069,100,73,0,115,0
50.31660588888618,65.14223813304224,191.76,0.0,191.76,-141.70600000000002,141.4433941111138,8.417394166666686,2.782519814406349,20.479,0.0,0.0,20.479,37.04237083333336,41.914,31.105,3.96165030275534,-5.132999999999999,0.5408666666666666,0.02622036126053125,0.612,0.07113333333333338,2541.4471333333768,188.4745599324725,2947.8,58.10513333333335,47.23116666666668,31.925456962962073,67.95097830870913,100,73,0,115,0
50.30892124999772,65.13619169671269,191.68,0.0,191.68,-141.666,141.37107875000228,8.413403333333358,2.791079443101476,20.429,0.0,0.0,20.429,37.04542083333336,41.922,31.09,3.960205291631409,-5.132999999999999,0.5341500000000001,0.025710793749984404,0.595,0.06084999999999985,2541.6928333333694,188.15464867303996,2949.6,57.99533333333332,47.193549999999995,31.922581805554813,67.95298193356415,100,73,0,115,0
50.303537277774915,65.13563524166456,191.69,0.0,191.69,-141.738,141.38646272222508,8.414943333333364,2.7865965783605993,20.39,0.0,0.0,20.39,37.05567083333336,41.914,31.105,3.964969520846005,-5.129000000000001,0.5407166666666667,0.022463598928848375,0.606,0.06528333333333325,2542.3832000000534,189.24200173401442,2955.6,58.03361666666665,47.30438333333335,31.92471714814721,67.94469541895401,100,73,0,115,0
50.314465249997816,65.1403596581466,191.66,0.0,191.66,-141.547,141.34553475000217,8.417995000000026,2.7915394776934943,20.479,0.0,0.0,20.479,37.059758333333356,41.926,31.051,3.9649588705456393,-5.108999999999998,0.5383000000000001,0.02581045642790821,0.601,0.06269999999999987,2542.4888666667007,188.5664096930477,2949.8,58.050716666666666,47.37086666666666,31.930739527777064,67.95770959226799,100,73,0,115,0
50.3139204444425,65.13531624396595,191.67,0.0,191.67,-141.726,141.35607955555747,8.41639250000002,2.7930058679241916,20.479,0.0,0.0,20.479,37.067958333333344,41.922,31.117,3.9548849649670896,-5.120999999999999,0.5415333333333335,0.024840144290272977,0.599,0.057466666666666444,2542.443733333357,188.5684453732755,2949.0,58.00720000000002,47.16893333333334,31.932757092591956,67.9531622561804,100,73,0,115,0
50.30588130555294,65.12929054402794,191.69,0.0,191.69,-141.803,141.38411869444707,8.42027083333336,2.7782491187714373,20.363,0.0,0.0,20.363,37.07297916666669,41.957,31.105,3.9736352510454163,-5.097999999999995,0.5337333333333336,0.021319893365290176,0.588,0.05426666666666635,2542.3769000000293,188.4003724778208,2950.4,58.18371666666665,47.26943333333334,31.933043768517663,67.92885955616467,100,73,0,115,0
50.335000833330845,65.11115790826189,191.73,0.0,191.73,-141.671,141.39499916666915,8.426175000000022,2.769478671061798,19.984,0.0,0.0,19.984,37.083662500000024,41.996,31.117,3.974437057404993,-5.129000000000005,0.5335000000000001,0.020164156821920007,0.572,0.03849999999999987,2541.145133333348,187.5873041433282,2949.4,58.65526666666667,47.17301666666669,31.94827944444363,67.90080073614561,100,80,0,115,0
50.330455888886114,65.10629519106288,191.69,0.0,191.69,-141.676,141.35954411111388,8.429393333333357,2.7710294899159544,19.95,0.0,0.0,19.95,37.092666666666695,41.984,31.109,3.967413662420232,-5.117000000000001,0.53185,0.022374944370729063,0.582,0.05014999999999992,2541.3871333333723,187.60782315866774,2949.6,58.738100000000024,47.04130000000004,31.95083862962872,67.89969962534957,100,80,0,115,0
50.20926524999761,65.19173499432776,191.65,0.0,191.65,-141.7,141.4407347500024,8.429864166666686,2.7711068916987527,19.901,0.0,0.0,19.901,37.10081250000004,41.984,31.129,3.962697454427258,-5.182999999999996,0.5422499999999999,0.02012976967376039,0.592,0.04975000000000007,2542.444733333353,187.83537698492813,2953.8,58.72856666666666,46.988983333333344,31.91331397222144,67.98297165570027,100,80,0,115,0
48.82002583333084,66.12669279710818,191.63,0.0,191.63,-141.657,142.80997416666915,8.432160833333352,2.7787344116956536,19.462,0.0,0.0,19.462,37.09183749999999,41.984,31.109,3.9854726921881958,-5.113000000000003,0.5383333333333334,0.023399744071225848,0.593,0.05466666666666653,2542.210266666741,187.3093586927907,2949.4,58.79058333333334,47.47173333333335,31.448008055554727,68.92882695287506,100,80,0,115,0
48.889356194442335,66.09268199496715,191.65,0.0,191.65,-141.684,142.76064380555766,8.43490250000002,2.780021888296911,19.6,0.0,0.0,19.6,37.09799166666669,41.996,31.109,3.9731751549164995,-5.179000000000002,0.5428166666666667,0.028261785702135757,0.622,0.07918333333333327,2542.5290666667233,187.31631130757373,2949.4,58.803883333333324,47.398366666666675,31.474083453703013,68.90096566896621,100,80,0,115,0
48.83711849999707,66.11585592703527,191.66,0.0,191.66,-141.835,142.82288150000292,8.43223333333335,2.7788414613128762,19.447,0.0,0.0,19.447,37.10235833333335,41.977,31.117,3.9748466874901736,-5.179000000000002,0.5351166666666667,0.027672474034842614,0.596,0.06088333333333329,2541.4672000000255,187.32948625411333,2949.6,58.80641666666664,47.504766666666654,31.457236722221257,68.922369862383,100,80,0,115,0
48.6867304444421,66.23445388349076,191.7,0.0,191.7,-141.653,143.01326955555788,8.431354166666686,2.780847185893545,19.671,0.0,0.0,19.671,37.108616666666684,41.98,31.117,3.968654436523939,-5.050999999999998,0.5349500000000001,0.02313074482009178,0.596,0.06104999999999983,2541.379400000042,187.3095108755846,2947.6,58.80455000000001,47.45341666666666,31.408900425925157,69.0384318142044,100,80,0,115,0
48.85560136110868,66.11093204009609,191.73,0.0,191.73,-141.715,142.8743986388913,8.430640833333353,2.777959476404055,19.509,0.0,0.0,19.509,37.121462500000035,41.996,31.195,3.958844795611806,-5.023,0.5355666666666666,0.024296450648691324,0.592,0.056433333333333335,2540.7340666667246,187.40003819418345,2949.6,58.80618333333334,47.22205000000002,31.46923489814736,68.91318796714883,100,80,0,115,0
48.90905513888686,66.07294861661836,191.69,0.0,191.69,-141.805,142.78094486111314,8.42909000000002,2.7824951223955683,20.062,0.0,0.0,20.062,37.13377499999999,42.004,31.145,3.9510363599141956,-4.965,0.5319166666666667,0.022802238714553457,0.588,0.05608333333333326,2541.344900000031,187.16245193563557,2949.4,58.794799999999995,47.10289999999999,31.490640046295624,68.87824597772848,100,80,0,115,0
48.89206163888587,66.08029390048985,191.7,0.0,191.7,-141.667,142.8079383611141,8.427867500000012,2.7770718190540022,19.623,0.0,0.0,19.623,37.13368333333335,42.008,31.195,3.9656524712503005,-5.113000000000003,0.5366166666666665,0.026374802861608274,0.602,0.06538333333333346,2541.8379666666974,187.28319867146737,2951.6,58.754383333333344,47.24575000000001,31.484537490739744,68.88374052240546,100,80,0,115,0
48.85446199999832,66.09242506783868,191.63,0.0,191.63,-141.83100000000002,142.7755380000017,8.436351666666699,2.771500312643504,20.479,0.0,0.0,20.479,37.14772083333333,42.004,31.195,3.9491182524646047,-4.976999999999997,0.5374666666666668,0.023775408650476965,0.595,0.057533333333333214,2542.881033333376,187.75127883465817,2955.6,59.073933333333336,47.007416666666664,31.47951149999945,68.88770078913267,100,90,0,115,0
48.89686363888663,66.07915729238097,191.67,0.0,191.67,-141.755,142.77313636111336,8.435386666666686,2.7680319126375763,19.82,0.0,0.0,19.82,37.13860416666669,42.031,31.195,3.9643822089611054,-5.121000000000002,0.5302833333333334,0.02339860322259347,0.595,0.06471666666666653,2544.0098000000207,187.49536709673777,2955.6,59.04391666666667,47.21510000000001,31.49028482407333,68.87058780824114,100,90,0,115,0
49.04448683333102,65.97304267001259,191.65,0.0,191.65,-141.803,142.60551316666897,8.433740000000018,2.7707425327070947,20.236,0.0,0.0,20.236,37.156025,42.059,31.199,3.9513716424949163,-5.0660000000000025,0.5354833333333333,0.024135557612015888,0.6,0.06451666666666667,2544.489033333362,187.24618220012832,2951.8,59.016783333333336,46.95661666666667,31.544750611110345,68.76792076033169,100,90,0,115,0
49.16359713888694,65.88309956405749,191.67,0.0,191.67,-141.794,142.50640286111303,8.433555833333367,2.7699195316939003,20.331,0.0,0.0,20.331,37.15569999999996,42.035,31.199,3.95620870580021,-5.038999999999998,0.5334833333333335,0.022091866489089396,0.586,0.052516666666666434,2541.6662666666507,189.31777778528834,2955.6,59.109416666666654,47.00435000000002,31.584284324073423,68.67511096224048,100,90,0,115,0
49.39498288888647,65.7189231555422,191.67,0.0,191.67,-141.877,142.27501711111353,8.433522500000018,2.7696300026272995,20.243,0.0,0.0,20.243,37.15662916666669,42.051,31.195,3.96249617873756,-5.034999999999997,0.5346833333333333,0.019637815186795457,0.568,0.03331666666666666,2542.747866666683,187.02795343123532,2951.6,59.04126666666668,47.29745,31.661711518517723,68.50819097335629,100,90,0,115,0
49.70675711110938,65.52703176911602,191.62,0.0,191.62,-141.751,141.91324288889064,8.434254166666692,2.7634616606454885,19.851,0.0,0.0,19.851,37.16946249999998,42.074,31.227,3.9541868048045976,-5.051000000000002,0.5333000000000001,0.020426221101186973,0.582,0.048699999999999855,2544.9930333333314,189.5717527473582,2957.6,59.027183333333305,47.217933333333335,31.77015792592535,68.3109196508627,100,90,0,115,0
49.909951361109044,65.37239683462478,191.67,0.0,191.67,-141.736,141.76004863889094,8.43665083333336,2.768350769965868,20.068,0.0,0.0,20.068,37.180516666666634,42.086,31.273,3.9590823373221165,-5.055,0.5365500000000001,0.025265656330887343,0.584,0.04744999999999988,2540.8425000000343,188.34965933810128,2953.4,59.13898333333334,47.28578333333334,31.842372953703016,68.16601326092153,100,90,0,115,0
49.941433833331324,65.33813811458663,191.63,0.0,191.63,-141.707,141.68856616666866,8.43601083333336,2.7665280549119355,19.959,0.0,0.0,19.959,37.17967916666666,42.086,31.211,3.960058073142412,-5.042999999999999,0.5340833333333334,0.026930728254055535,0.607,0.07291666666666663,2541.4128666667257,187.81901537971402,2955.8,59.11840000000002,47.29750000000002,31.85237461111045,68.13159689775262,100,90,0,115,0
50.0420854999975,65.28105958434382,191.68,0.0,191.68,-141.697,141.63791450000252,8.435298333333355,2.7695547001328715,20.479,0.0,0.0,20.479,37.188595833333316,42.09,31.223,3.960640076432764,-5.0390000000000015,0.5368666666666667,0.019541755959705885,0.573,0.03613333333333324,2540.598166666716,187.51633656667212,2951.4,59.13843333333332,47.290450000000014,31.888659888888057,68.0701560404364,100,90,0,115,0
50.05320263888605,65.27739910732525,191.67,0.0,191.67,-141.732,141.61679736111392,8.433007500000015,2.769256886879889,20.113,0.0,0.0,20.113,37.19370416666666,42.113,31.262,3.9650521352346693,-5.042999999999999,0.5421833333333335,0.031072627698512954,0.595,0.05281666666666651,2544.0956333333716,188.14826475199575,2953.6,59.032533333333305,47.30456666666668,31.893304768517577,68.07772862190365,100,90,0,115,0
50.068129638886134,65.24980268712584,191.65,0.0,191.65,-141.583,141.5818703611139,8.433220000000032,2.7449145639228973,20.249,0.0,0.0,20.249,37.191016666666684,42.129,31.227,3.965817084304894,-5.034999999999997,0.5405833333333335,0.024431357779252726,0.595,0.05441666666666645,2543.2465666666926,188.15930714607194,2954.6,59.07263333333332,47.30518333333335,31.897455435184284,68.01914860882799,100,100,0,115,0
50.1461855277748,65.21065801576216,191.71,0.0,191.71,-141.743,141.5638144722252,8.430229166666686,2.745453483611563,19.999,0.0,0.0,19.999,37.19673749999997,42.098,31.227,3.9634559390782487,-5.030999999999999,0.53175,0.024492561997887005,0.589,0.05725000000000002,2542.2916666666797,188.00548178378295,2953.4,59.05520000000002,47.37391666666666,31.924384064813818,67.98060406137162,100,100,0,115,0
50.153087166664854,65.20411880180217,191.66,0.0,191.66,-141.873,141.50691283333515,8.432702500000028,2.7463747239037075,20.147,0.0,0.0,20.147,37.20689166666669,42.129,31.262,3.9629111173201497,-5.116999999999997,0.5325166666666665,0.017199223146298164,0.573,0.04048333333333343,2540.081466666696,188.17948153131303,2955.4,59.27296666666669,47.341849999999994,31.93089377777719,67.96769274885217,100,100,0,115,0
50.33032969444088,65.0984637899462,191.71,0.0,191.71,-141.605,141.37967030555913,8.431225833333363,2.745948126013722,20.181,0.0,0.0,20.181,37.20429166666665,42.145,31.262,3.9719429177909493,-5.109999999999999,0.5347333333333333,0.025429774798996607,0.608,0.0732666666666667,2540.244333333345,188.4693027902367,2957.4,59.253600000000006,47.40028333333335,31.988615731480298,67.8698416907589,100,100,0,115,0
50.357616472219526,65.07538215994947,191.71,0.0,191.71,-141.627,141.3523835277805,8.426231666666693,2.7570959443532606,20.479,0.0,0.0,20.479,37.21518749999997,42.16,31.262,3.9704657866581616,-5.102000000000004,0.5306833333333333,0.022224960518671278,0.582,0.05131666666666668,2537.1647666667163,186.8794456500767,2947.4,59.052300000000024,47.30163333333333,31.9996785462954,67.85470306482141,100,100,0,115,0
50.348227694440624,65.06864969505236,191.58,0.0,191.58,-141.6,141.2317723055594,8.423696666666684,2.7413514379001622,20.074,0.0,0.0,20.074,37.20889583333333,42.152,31.242,3.977026695983865,-5.132999999999996,0.5295833333333334,0.016406170466581507,0.566,0.03641666666666654,2539.7114000000083,186.39871541999702,2948.6,59.055616666666666,47.410066666666665,31.993606731480213,67.8264073034191,100,100,0,115,0
50.34338063888546,65.06508873241533,191.62,0.0,191.62,-141.659,141.27661936111454,8.425969166666706,2.740752228652752,19.988,0.0,0.0,19.988,37.207229166666686,42.117,31.266,3.970454960807195,-5.032,0.5301833333333331,0.019707601275208486,0.58,0.04981666666666684,2540.6379333333884,186.2005479809524,2947.6,59.21926666666666,47.414233333333335,31.992192990739614,67.8255485623433,100,100,0,115,0
50.352604972218714,65.07363551054978,191.58,0.0,191.58,-141.68,141.2273950277813,8.427890833333354,2.7432824160594897,20.161,0.0,0.0,20.161,37.20704583333328,42.133,31.254,3.9692859904573696,-5.030999999999999,0.5243666666666668,0.01832657297031168,0.564,0.03963333333333319,2542.088466666686,186.69525932284543,2951.4,59.174499999999995,47.38831666666666,31.99584721296178,67.83524449957957,100,100,0,115,0
50.349079361108025,65.07372290471464,191.68,0.0,191.68,-141.697,141.330920638892,8.429395833333352,2.74211035673069,20.188,0.0,0.0,20.188,37.212470833333334,42.152,31.254,3.970041364304935,-5.117000000000004,0.5306166666666665,0.02141288354988427,0.583,0.05238333333333345,2540.6699000000285,186.96619307657983,2947.6,59.25226666666666,47.391199999999984,31.996982009258236,67.83724614499522,100,100,0,115,0
50.34976763888583,65.0676174669944,191.68,0.0,191.68,-141.81,141.33023236111418,8.427161666666677,2.743558117326813,20.479,0.0,0.0,20.479,37.226220833333315,42.156,31.266,3.9591955964706105,-5.132000000000005,0.5373166666666667,0.023248467539557366,0.597,0.05968333333333331,2537.712766666709,186.79216722327575,2945.6,59.22853333333333,47.18471666666666,32.00105004629527,67.83442405186078,100,100,0,115,0
50.34003905555262,65.04859063084307,191.62,0.0,191.62,-141.627,141.2799609444474,8.426910833333352,2.730619534174675,19.658,0.0,0.0,19.658,37.22055,42.152,31.266,3.9519395796246917,-5.058,0.537,0.02514028437200113,0.58,0.04299999999999993,2542.290200000029,185.79327447667956,2953.8,59.04420000000004,46.99163333333331,31.995833296295327,67.80435044938974,100,100,0,100,1
50.34331180555217,65.06759749625618,191.67,0.0,191.67,-141.752,141.32668819444783,8.420993333333367,2.7331430690358562,19.776,0.0,0.0,19.776,37.22084583333331,42.145,31.273,3.948322047765303,-5.122000000000003,0.5391666666666668,0.026649747457490516,0.608,0.06883333333333319,2539.6926333333463,187.38486283636215,2951.6,59.03231666666667,47.02218333333333,31.995050324072945,67.82739031274954,100,100,0,100,1
50.34770788888625,65.06535920422046,191.69,0.0,191.69,-141.699,141.34229211111375,8.421139166666688,2.738022762628755,19.837,0.0,0.0,19.837,37.209520833333336,42.125,31.262,3.9544883285940737,-5.132000000000005,0.5427666666666667,0.023340781700608902,0.587,0.044233333333333236,2541.9816333333415,186.8486971373787,2951.6,58.91166666666667,47.19648333333332,31.992789296295427,67.82672274854983,100,100,0,100,1
50.35609027777416,65.072083485462,191.75,0.0,191.75,-141.695,141.39390972222583,8.42302083333336,2.7441990162158074,20.341,0.0,0.0,20.341,37.209845833333326,42.117,31.266,3.9614453319959635,-5.132999999999996,0.5320499999999999,0.02389129690486914,0.578,0.045950000000000046,2539.7588666666766,187.1692941488024,2947.8,58.987983333333325,47.304166666666646,31.996318981480282,67.84017379858267,100,100,0,100,1
50.34795380555274,65.06346357670563,191.63,0.0,191.63,-141.719,141.28204619444725,8.42779000000002,2.73400961008248,19.821,0.0,0.0,19.821,37.206912499999994,42.125,31.254,3.967237693534118,-5.042999999999999,0.5371666666666666,0.02192604415824656,0.586,0.048833333333333395,2542.893733333354,189.0551496318714,2963.6,59.12936666666668,47.33568333333332,31.994218768517584,67.81939923094636,100,100,0,100,1
50.34387294444088,65.06121647350326,191.63,0.0,191.63,-141.674,141.28612705555912,8.418960833333353,2.7364943925759846,19.858,0.0,0.0,19.858,37.21370000000002,42.105,31.266,3.9538844108962055,-5.0390000000000015,0.5408000000000003,0.02561236459874375,0.592,0.05119999999999969,2539.214400000057,187.64754416932504,2951.6,58.98879999999999,47.12615000000002,31.99217792592475,67.823323230678,100,100,0,100,1
50.34609719444109,65.06481686045976,191.62,0.0,191.62,-141.64,141.27390280555892,8.421265,2.73317914676577,19.873,0.0,0.0,19.873,37.21050416666664,42.129,31.277,3.962280626819981,-5.051000000000002,0.5339499999999998,0.022724902341719262,0.58,0.046050000000000146,2539.218066666701,186.98570127777847,2947.4,59.09045000000001,47.278466666666645,31.992622120369244,67.82072090956724,100,100,0,100,1
50.34930269444118,65.0709338487449,191.69,0.0,191.69,-141.81400000000002,141.34069730555882,8.426742500000021,2.731845500034204,19.814,0.0,0.0,19.814,37.2056875,42.133,31.266,3.9671382651611546,-5.082000000000001,0.5357,0.020895462162466055,0.581,0.04530000000000001,2540.1246333333515,189.1906551353175,2959.4,59.227683333333324,47.34868333333335,31.993910898147067,67.82367481094157,100,100,0,100,1
50.34880697221953,65.06992792000456,191.66,0.0,191.66,-141.649,141.31119302778046,8.419040000000022,2.7362250711091862,19.808,0.0,0.0,19.808,37.20847916666667,42.113,31.254,3.960327145047296,-5.065999999999999,0.5355000000000001,0.022084966894063123,0.587,0.05149999999999988,2537.3884333333763,187.02836139885346,2949.4,59.04068333333334,47.23175000000001,31.992108712962075,67.82823795800782,100,100,0,100,1
50.3462412499973,65.07277872238011,191.59,0.0,191.59,-141.692,141.2437587500027,8.42410666666669,2.733319290516352,20.014,0.0,0.0,20.014,37.20815416666665,42.098,31.273,3.9557036334320372,-5.061999999999998,0.5440333333333334,0.02225047450773148,0.595,0.050966666666666605,2537.5729,187.05695746611354,2947.4,59.22538333333336,47.24778333333333,31.99283402777688,67.82834848740418,100,100,0,100,1
50.14380763888736,64.79848228220767,191.63,0.0,191.63,-141.614,141.48619236111264,8.282370000000016,2.7657066618164716,19.715,0.0,0.0,19.715,37.19843333333334,42.074,31.273,3.953546485301082,-5.121000000000002,0.5306166666666666,0.02080669030821387,0.568,0.037383333333333324,2566.7418333334076,187.30586181684416,2981.6,55.7904,47.221000000000004,31.874870324073573,67.58499563433236,100,100,2,100,1
50.0853261388879,64.84165159799974,191.2,0.0,191.2,-141.084,141.1146738611121,8.267390000000015,2.8057652729464726,20.345,0.0,0.0,20.345,37.166870833333334,42.004,31.262,3.9349809391678594,-5.063000000000002,0.5319333333333333,0.026194103791623173,0.595,0.06306666666666672,2567.4885666667287,190.88449101685555,2979.6,54.84655,47.04735000000002,31.83986232407375,67.67361097473784,100,73,2,100,0
50.08932247222091,64.84034088289293,191.25,0.0,191.25,-140.83499999999998,141.1606775277791,8.265423333333358,2.813570124680439,20.479,0.0,0.0,20.479,37.14340000000001,41.996,31.266,3.9326143835290726,-5.047000000000001,0.5393999999999999,0.020242763929992944,0.585,0.045600000000000085,2568.7062333333524,190.52257793569444,2981.6,54.72373333333336,47.038866666666664,31.83271526851809,67.67415377150337,100,73,2,100,0
50.089403888888135,64.83929580408478,191.36,0.0,191.36,-140.92,141.27059611111187,8.266279166666681,2.8063005951652182,20.416,0.0,0.0,20.416,37.12520833333334,41.969,31.266,3.9248390685145043,-4.972000000000001,0.5388333333333332,0.019963667563823784,0.583,0.0441666666666668,2565.1806333333593,191.00876677026127,2977.6,54.88275000000001,47.01169999999999,31.826963796296052,67.66556006681382,100,73,2,100,0
50.09312013888787,64.8394646654394,191.25,0.0,191.25,-140.921,141.15687986111215,8.267485833333364,2.808924917554702,20.404,0.0,0.0,20.404,37.108100000000015,41.914,31.203,3.921099645950458,-4.9680000000000035,0.5397333333333335,0.0286645512292647,0.601,0.06126666666666647,2568.6688000000227,190.53189262407264,2981.6,54.78783333333332,47.03898333333333,31.822901990740416,67.67705413422337,100,73,2,100,0
50.09280836111065,64.83633300975126,191.24,0.0,191.24,-140.882,141.14719163888935,8.265407500000036,2.8123301721659235,20.479,0.0,0.0,20.479,37.102354166666636,41.922,31.254,3.908985744648529,-4.957000000000001,0.5350333333333334,0.023915080460795594,0.594,0.05896666666666661,2565.5814666666915,190.88440463407247,2977.8,54.785766666666646,46.98781666666665,31.820190009259107,67.67257826237798,100,73,2,100,0
50.09673155555422,64.84388263568272,191.27,0.0,191.27,-141.078,141.1732684444458,8.26771500000002,2.816029130204468,20.479,0.0,0.0,20.479,37.10132083333335,41.914,31.266,3.9042958907991894,-4.984999999999999,0.5372166666666665,0.024986838343325463,0.599,0.06178333333333352,2567.826066666696,190.43080786108638,2980.6,54.77031666666668,46.93883333333334,31.82192246296253,67.68489860423051,100,73,2,100,0
50.09726411111047,64.8461831877724,191.27,0.0,191.27,-140.85,141.17273588888955,8.26698333333336,2.812607057536769,20.479,0.0,0.0,20.479,37.101391666666714,41.922,31.262,3.9043386676528757,-5.067000000000004,0.5380999999999999,0.024932926973334414,0.597,0.05890000000000006,2564.9479333334148,190.50910848512777,2979.4,54.80093333333334,46.925066666666666,31.821879703703516,67.6837231722825,100,73,2,100,0
50.099995166665934,64.84879149453567,191.35,0.0,191.35,-140.927,141.25000483333406,8.264470000000028,2.812987104688292,20.479,0.0,0.0,20.479,37.10736666666667,41.914,31.266,3.9021583072642234,-4.863000000000003,0.5392166666666667,0.026985929583400035,0.609,0.06978333333333331,2565.9152666667137,190.3083297975348,2979.6,54.709349999999986,46.89725000000001,31.82394394444421,67.68876452880737,100,73,2,100,0
50.09063111110987,64.84053726218174,191.28,0.0,191.28,-140.823,141.18936888889013,8.265998333333366,2.8032817274937436,20.257,0.0,0.0,20.257,37.11410416666667,41.922,31.262,3.8920417571389327,-4.953000000000003,0.5418499999999999,0.02938570216151765,0.61,0.06815000000000004,2562.6215666667185,190.65460859411516,2975.6,54.94098333333336,46.73846666666667,31.82357787036997,67.673204691837,100,73,2,100,0
50.095150833332546,64.84736242486626,191.36,0.0,191.36,-141.01600000000002,141.26484916666746,8.263629166666693,2.8100824292830704,20.479,0.0,0.0,20.479,37.12407083333334,41.914,31.262,3.8937454351549614,-4.890000000000001,0.5326500000000001,0.022125087378933074,0.59,0.0573499999999999,2562.389600000028,190.56276516260394,2975.4,54.85254999999999,46.8279,31.82761694444419,67.67956994152827,100,73,2,100,0
50.11977416666515,64.82414856569169,191.27,0.0,191.27,-140.992,141.15022583333484,8.273898333333367,2.790138805111742,19.64,0.0,0.0,19.64,37.12815833333334,41.914,31.254,3.899316716232057,-4.983999999999998,0.5384333333333333,0.02661041383168974,0.603,0.06456666666666666,2560.84693333341,190.04856289899226,2975.4,55.401366666666654,46.85008333333332,31.840610277777284,67.64089778463511,100,80,2,100,0
50.12338147222129,64.832831059556,191.31,0.0,191.31,-140.997,141.1866185277787,8.275173333333361,2.7917858334894317,19.694,0.0,0.0,19.694,37.138154166666645,41.914,31.266,3.8976298727135137,-4.949000000000002,0.5367833333333333,0.019751070914253908,0.58,0.04321666666666668,2563.3506000000166,189.79941266808018,2977.8,55.41658333333336,46.80421666666669,31.8455696574071,67.64436796395968,100,80,2,100,0
50.11009133333149,64.81628390653145,191.28,0.0,191.28,-141.07899999999998,141.1699086666685,8.270849166666679,2.78778986056545,19.757,0.0,0.0,19.757,37.15950416666671,41.922,31.344,3.8870523052068044,-4.969000000000001,0.5311333333333331,0.02442523470502341,0.592,0.06086666666666685,2560.9155000000433,190.12388216154756,2975.8,55.366633333333304,46.62195,31.846814888888293,67.62849900180193,100,80,2,100,0
50.106395555554336,64.81323718684494,191.34,0.0,191.34,-141.13400000000001,141.23360444444566,8.27562666666669,2.797663844134281,19.35,0.0,0.0,19.35,37.15925416666668,41.93,31.281,3.8987506986780804,-5.047000000000004,0.5396833333333333,0.022970498151122756,0.595,0.05531666666666668,2563.176900000037,189.62971885080475,2976.4,55.4587833333333,46.755416666666676,31.84709212962923,67.63387152913035,100,80,2,100,0
50.10586363888735,64.81536902781319,191.33,0.0,191.33,-140.886,141.22413636111267,8.271196666666683,2.789762144342637,19.749,0.0,0.0,19.749,37.15917083333334,41.93,31.273,3.8980059691523588,-4.984999999999996,0.5345166666666668,0.019865216740780657,0.572,0.0374833333333332,2559.5207333333615,190.4070107648883,2973.8,55.487583333333305,46.76558333333334,31.845410379629126,67.6249963888966,100,80,2,100,0
50.1042674166645,64.80526109314393,191.32,0.0,191.32,-141.015,141.2157325833355,8.276581666666686,2.7987242762806694,19.132,0.0,0.0,19.132,37.15637916666671,41.922,31.273,3.906261888749551,-5.051000000000002,0.5443499999999998,0.03426161809629356,0.614,0.06965000000000021,2559.9555666667165,189.32062804242776,2973.8,55.61350000000001,46.87230000000001,31.8457427499993,67.63824698752089,100,80,2,100,0
50.112106305553866,64.81248256131725,191.31,0.0,191.31,-141.005,141.19789369444612,8.27393250000002,2.793594820829049,19.613,0.0,0.0,19.613,37.16025416666666,41.926,31.266,3.899186743602933,-4.9609999999999985,0.5408499999999999,0.03233082435370044,0.611,0.07015000000000005,2563.798733333404,190.06435645589818,2979.6,55.4065,46.83178333333335,31.848764324073517,67.6384082065,100,80,2,100,0
50.103731194442226,64.80879563525512,191.33,0.0,191.33,-141.037,141.2262688055578,8.27200166666668,2.789041900713188,19.717,0.0,0.0,19.717,37.188508333333324,41.93,31.273,3.8739299615778546,-4.894000000000002,0.5348500000000003,0.025921540679258247,0.594,0.0591499999999997,2559.686266666712,190.68252808218915,2975.6,55.42464999999998,46.4249,31.854747064814077,67.62375907664757,100,80,2,100,0
50.108293027776426,64.81572254037944,191.27,0.0,191.27,-140.977,141.16170697222358,8.272188333333366,2.787793360236737,19.681,0.0,0.0,19.681,37.187504166666635,41.953,31.34,3.898039622089552,-4.976000000000003,0.5370000000000001,0.023703679182347635,0.594,0.05699999999999983,2560.4759666667037,189.68971843674692,2975.6,55.443050000000014,46.787,31.855995175925475,67.62721957979852,100,80,2,100,0
50.111312583331454,64.82941096484329,191.35,0.0,191.35,-140.904,141.23868741666854,8.268023333333346,2.7901882875573545,19.843,0.0,0.0,19.843,37.20212499999999,41.98,31.344,3.8942341630322126,-4.952999999999996,0.5408833333333334,0.02128506412492712,0.58,0.03911666666666658,2561.568466666681,190.19695565204358,2977.8,55.38083333333334,46.66846666666666,31.860486972221594,67.64088431652557,100,80,2,100,0
50.12774994444251,64.79757115988977,191.28,0.0,191.28,-140.992,141.1522500555575,8.280464166666688,2.7888086476923877,19.472,0.0,0.0,19.472,37.20924999999999,41.977,31.348,3.8881283603352803,-4.879000000000001,0.5436833333333334,0.02952591029131994,0.629,0.0853166666666666,2557.515833333377,189.4901132156327,2973.4,55.938600000000015,46.72704999999999,31.8724880370364,67.61590571787349,100,90,2,100,0
50.132535638887305,64.80166904396899,191.27,0.0,191.27,-141.149,141.1374643611127,8.281707500000016,2.7915785524124144,19.549,0.0,0.0,19.549,37.20992083333335,42.004,31.367,3.893024236375043,-4.907,0.5437500000000003,0.023794761565649296,0.593,0.04924999999999968,2556.1069666666654,189.42556486802363,2971.0,55.98391666666667,46.76923333333333,31.87472132407356,67.61704235794706,100,90,2,100,0
50.136828499998856,64.7992243281783,191.36,0.0,191.36,-140.98,141.22317150000117,8.282312500000035,2.785136448609815,19.484,0.0,0.0,19.484,37.20449583333333,41.996,31.359,3.9070970561070406,-4.984999999999999,0.5369166666666668,0.025145199809234506,0.59,0.05308333333333315,2560.6328999999905,188.70236905844976,2978.0,55.81995000000002,46.810849999999995,31.874545611110744,67.60950597659735,100,90,2,100,0
50.13633638888766,64.80192781434155,191.34,0.0,191.34,-140.92899999999997,141.20366361111235,8.285708333333375,2.789389584982928,19.062,0.0,0.0,19.062,37.189279166666665,41.996,31.273,3.923109592087721,-4.981000000000002,0.5465500000000003,0.03193341855077502,0.626,0.07944999999999969,2565.1095666666765,189.2359318984262,2979.0,55.78126666666667,47.085366666666665,31.870441296295905,67.62325081787526,100,90,2,100,0
50.139300972219644,64.80820219018558,191.35,0.0,191.35,-140.909,141.21069902778035,8.283899166666686,2.78691852884232,19.393,0.0,0.0,19.393,37.195454166666686,41.977,31.301,3.910414906715193,-4.969000000000001,0.5444166666666667,0.026981030163812578,0.599,0.05458333333333332,2562.135700000029,188.62523581281724,2977.2,55.75913333333334,46.94679999999998,31.872884768517668,67.62210174919171,100,90,2,100,0
50.12250597221999,64.79244830264338,191.3,0.0,191.3,-141.07600000000002,141.17749402778003,8.280045000000024,2.7841325413819025,19.319,0.0,0.0,19.319,37.20464166666668,41.996,31.293,3.9028433102717277,-4.885999999999999,0.5389166666666667,0.03184086047016043,0.609,0.07008333333333328,2555.087166666695,189.26365196985145,2975.0,55.883083333333296,46.816383333333334,31.86906421296223,67.60842170449544,100,90,2,100,0
50.12727411110956,64.79332903304216,191.27,0.0,191.27,-141.015,141.14272588889045,8.27977416666668,2.7822820704292663,19.516,0.0,0.0,19.516,37.20617500000002,42.008,31.301,3.909776485949508,-5.038999999999998,0.5353833333333334,0.026402421349325984,0.613,0.07761666666666656,2554.406666666693,189.05044027203445,2969.8,55.939483333333335,46.87225,31.871074425925418,67.60201352482075,100,90,2,100,0
50.11890427777652,64.78376644980627,191.32,0.0,191.32,-140.98899999999998,141.20109572222347,8.284760833333348,2.791983388441584,20.053,0.0,0.0,20.053,37.21325833333334,41.996,31.355,3.899005410128945,-4.961000000000002,0.5416166666666666,0.024062131206360124,0.602,0.060383333333333344,2553.8232666667227,188.83426229129626,2965.8,56.015333333333345,46.66094999999999,31.872307814814405,67.59981196945421,100,90,2,100,0
50.114602499998234,64.7818644115016,191.39,0.0,191.39,-140.994,141.27539750000176,8.281790000000019,2.787266775468642,19.426,0.0,0.0,19.426,37.21939999999998,42.008,31.359,3.9007074798701122,-4.879000000000001,0.54185,0.026349556970514183,0.607,0.06514999999999993,2554.2682666667038,189.43426079475705,2970.0,55.99371666666665,46.72655000000001,31.871930833332744,67.59548074394075,100,90,2,100,0
50.11772966666525,64.78924619832799,191.27,0.0,191.27,-141.027,141.15227033333477,8.279818333333358,2.7881820725558777,19.282,0.0,0.0,19.282,37.215616666666655,42.012,31.34,3.908357542612064,-5.038999999999998,0.5379500000000002,0.02613875945340007,0.59,0.05204999999999982,2556.6870000000426,189.3713153573688,2971.6,55.943733333333306,46.83038333333334,31.87105488888842,67.60356703033727,100,90,2,100,0
50.131316416665086,64.77339916168512,191.25,0.0,191.25,-140.838,141.11868358333493,8.276962500000037,2.774830001226533,20.454,0.0,0.0,20.454,37.213345833333285,42.012,31.348,3.9161454547801364,-5.046999999999997,0.5385500000000002,0.022087211577160138,0.592,0.053449999999999775,2557.056066666725,188.6495357475121,2973.6,55.9155,46.9130333333333,31.873874916666136,67.57031637448881,100,100,2,100,0
50.12817661110881,64.77149475559187,191.25,0.0,191.25,-140.91899999999998,141.1218233888912,8.275035000000013,2.779501896521924,20.375,0.0,0.0,20.375,37.21570833333332,42.004,31.34,3.9145142832247317,-5.043000000000003,0.5430833333333334,0.021939278039715755,0.585,0.0419166666666666,2555.6648000000437,188.97904418431372,2971.8,55.863466666666675,46.925866666666664,31.87297331481405,67.5729359301535,100,100,2,100,0
50.13312861110884,64.77479801331177,191.24,0.0,191.24,-140.962,141.10687138889116,8.27752416666669,2.7773248835897486,20.308,0.0,0.0,20.308,37.231679166666645,41.996,31.359,3.8876876156725473,-5.047000000000001,0.5442166666666667,0.020943905441470123,0.582,0.03778333333333328,2557.877266666757,188.69880440265837,2973.6,55.82135,46.570499999999996,31.880777314814054,67.57306680234298,100,100,2,100,0
50.12208149999792,64.76594634256247,191.28,0.0,191.28,-141.00199999999998,141.1579185000021,8.280218333333352,2.772274528381791,20.312,0.0,0.0,20.312,37.22973750000001,42.008,31.344,3.8995711246123004,-5.062999999999995,0.5448166666666668,0.024017995842571555,0.604,0.059183333333333143,2554.557000000031,188.7792314602036,2969.8,55.96976666666667,46.860133333333316,31.877345777777094,67.56223886678683,100,100,2,100,0
50.123581777775215,64.76733321889496,191.31,0.0,191.31,-141.059,141.1864182222248,8.281150833333363,2.767604291502778,20.023,0.0,0.0,20.023,37.22908333333331,42.012,31.355,3.9008107677438244,-4.972000000000005,0.54795,0.028761688854493768,0.617,0.06904999999999994,2554.705000000007,188.34620919312277,2969.6,56.014,46.94438333333334,31.877938648147296,67.56369919925223,100,100,2,100,0
50.13234424999786,64.77815418566244,191.28,0.0,191.28,-140.922,141.14765575000214,8.28095750000002,2.7760897784008836,20.314,0.0,0.0,20.314,37.220962500000006,42.004,31.344,3.91217987403298,-5.038999999999998,0.5444833333333334,0.029916545882072064,0.604,0.05951666666666655,2555.5879000000673,188.1662826471422,2969.0,55.931183333333344,47.00356666666667,31.878088083332628,67.5841605099454,100,100,2,100,0
50.12916974999755,64.7781134528125,191.24,0.0,191.24,-140.83599999999998,141.11083025000246,8.280671666666686,2.7779567548782804,20.479,0.0,0.0,20.479,37.24252083333335,42.008,31.348,3.8799679030160092,-4.871000000000002,0.5440833333333334,0.02783382387334569,0.607,0.06291666666666662,2554.484933333386,189.03133350630017,2971.4,55.9797,46.39846666666665,31.884120749999198,67.58390403156413,100,100,2,100,0
50.12307638888706,64.7735275729724,191.19,0.0,191.19,-140.869,141.06692361111294,8.276007500000041,2.7739759963153725,20.372,0.0,0.0,20.372,37.25390416666665,42.008,31.437,3.8711351047394023,-4.875,0.5387500000000002,0.026287604219350603,0.592,0.0532499999999998,2556.7475333333723,188.37975751857206,2969.4,55.87424999999998,46.19863333333331,31.88432935185125,67.57379117350712,100,100,2,100,0
50.12567344444226,64.7746458441408,191.31,0.0,191.31,-141.027,141.18432655555773,8.277915833333346,2.7681975149274805,20.048,0.0,0.0,20.048,37.25607916666666,42.031,31.453,3.8775074530037617,-4.968999999999998,0.5369666666666667,0.02219708842310803,0.579,0.042033333333333256,2553.4231000000373,188.70067301696668,2967.6,56.06086666666665,46.267350000000015,31.886556148147424,67.5650404474914,100,100,2,100,0
50.12819833333124,64.77792941912901,191.23,0.0,191.23,-140.936,141.10180166666873,8.275035000000017,2.776604458213811,20.456,0.0,0.0,20.456,37.234904166666645,42.035,31.355,3.9018743359920984,-4.968999999999998,0.5415333333333335,0.01945134448463362,0.592,0.05046666666666644,2557.9622000000463,188.1356193982798,2969.6,55.841850000000015,46.63730000000001,31.879379166665966,67.57398522182746,100,100,2,100,0
50.214580861109454,64.89501671498766,191.38,0.0,191.38,-140.851,141.16541913889054,8.32166833333335,2.760896491998598,20.479,0.0,0.0,20.479,37.245629166666625,42.059,31.367,3.893725731904646,-4.969000000000001,0.5410833333333335,0.019483405948258443,0.588,0.046916666666666496,2543.7473000000605,189.27583184195296,2969.4,57.099766666666646,46.48979999999998,31.927292787036475,67.67539661293452,100,100,1,100,1
50.148012111109225,64.94566139212337,191.36,0.0,191.36,-141.118,141.2119878888908,8.30294500000001,2.7884579549960318,20.359,0.0,0.0,20.359,37.235679166666635,42.078,31.359,3.914708764714799,-5.055000000000003,0.5400333333333334,0.020946231946781288,0.584,0.0439666666666666,2545.700633333388,189.6186493420288,2955.6,56.20005000000001,46.844616666666674,31.89554542592529,67.75506557906618,100,73,1,100,0
50.14695186110976,64.94738012459493,191.34,0.0,191.34,-141.295,141.19304813889025,8.304441666666683,2.7923745291758197,20.366,0.0,0.0,20.366,37.245887499999995,42.074,31.348,3.902633181429824,-4.969000000000001,0.5442666666666668,0.026587792959613554,0.607,0.0627333333333332,2546.5782333333427,189.34668260604553,2957.4,56.15024999999999,46.70225000000001,31.89909367592548,67.76634244673036,100,73,1,100,0
50.15550924999818,64.95906265838816,191.43,0.0,191.43,-141.26899999999998,141.27449075000183,8.301850833333349,2.7929699860605677,20.221,0.0,0.0,20.221,37.255175000000015,42.086,31.359,3.9000933068175234,-5.055,0.5386833333333335,0.018223184773162898,0.576,0.03731666666666644,2549.3147333333677,189.8327447204255,2961.4,56.05354999999999,46.43331666666668,31.904178361110514,67.7702558292219,100,73,1,100,0
50.146965916665245,64.95164711772316,191.41,0.0,191.41,-141.20299999999997,141.26303408333476,8.301871666666683,2.7905948308181023,20.392,0.0,0.0,20.392,37.23911249999998,42.09,31.355,3.9285616529374923,-4.964000000000002,0.5391166666666665,0.019907490853706175,0.579,0.03988333333333349,2546.353833333373,189.73747704043916,2955.4,56.11985000000001,46.89788333333333,31.895983361110638,67.76214943939497,100,73,1,100,0
50.14524724999856,64.94540145704883,191.35,0.0,191.35,-141.221,141.20475275000143,8.304100833333365,2.788462063497657,20.184,0.0,0.0,20.184,37.25562500000003,42.098,31.367,3.911560364662889,-4.987999999999996,0.5338666666666667,0.020324875521679137,0.578,0.04413333333333325,2547.560833333352,189.82081142324841,2957.8,56.12711666666668,46.524783333333325,31.901657694443987,67.75418839606817,100,73,1,100,0
50.15279874999774,64.94822265282399,191.36,0.0,191.36,-141.29600000000002,141.20720125000227,8.304309166666691,2.7920305264508065,20.285,0.0,0.0,20.285,37.24848750000003,42.098,31.371,3.921494941632458,-5.038999999999998,0.5411833333333335,0.019912087859836614,0.581,0.0398166666666665,2548.8058333333847,188.99457116707697,2958.4,56.08385,46.70881666666666,31.901865138888155,67.76016526713462,100,73,1,100,0
50.157497555553405,64.96300439893685,191.43,0.0,191.43,-141.274,141.27250244444662,8.303130000000024,2.791778916933466,20.331,0.0,0.0,20.331,37.2392,42.086,31.355,3.9332916460925906,-5.043000000000003,0.5415666666666665,0.018281570479831293,0.578,0.03643333333333343,2547.782200000028,189.41099302101293,2957.4,56.09568333333335,46.890100000000004,31.899942518517808,67.77306488635014,100,73,1,100,0
50.163153555553656,64.96674240456801,191.41,0.0,191.41,-141.226,141.24684644444633,8.305043333333362,2.7925696017478345,20.311,0.0,0.0,20.311,37.233670833333335,42.09,31.355,3.9305081634028833,-5.081999999999997,0.5446333333333333,0.018032895239934787,0.6,0.055366666666666675,2551.2535333333535,190.0568034358963,2963.6,56.06458333333333,46.66633333333333,31.900622574073452,67.77734490155578,100,73,1,100,0
50.181272944441915,64.98506140519396,191.49,0.0,191.49,-141.18699999999998,141.3087270555581,8.305404166666682,2.7955574241838117,20.479,0.0,0.0,20.479,37.22469999999999,42.102,31.289,3.9398818188422244,-5.036000000000001,0.5440833333333334,0.02087679083288965,0.583,0.0389166666666666,2550.2119999999977,190.51910981456453,2960.6,56.10411666666665,46.822466666666664,31.90379237036953,67.80149562021066,100,73,1,100,0
50.164567249998385,64.96734186956526,191.52,0.0,191.52,-141.266,141.35543275000163,8.306363333333364,2.787589242722824,20.273,0.0,0.0,20.273,37.22679166666665,42.078,31.273,3.935302507117389,-5.055,0.5518166666666666,0.02240951044070551,0.609,0.057183333333333364,2549.077633333341,189.5863491139608,2959.4,56.17370000000002,46.72799999999999,31.899240749999468,67.7773406227288,100,73,1,100,0
50.181759333331144,64.93499270399425,191.47,0.0,191.47,-141.373,141.28824066666886,8.319659166666689,2.7825298548851327,19.198,0.0,0.0,19.198,37.223879166666634,42.086,31.34,3.92881321711298,-5.043000000000003,0.5502833333333332,0.020134372050131247,0.603,0.052716666666666745,2547.9538333333658,189.01021836331103,2957.6,56.82205000000001,46.65320000000001,31.90843255555482,67.73765693092952,100,80,1,100,0
50.18602913888728,64.93856144698559,191.49,0.0,191.49,-141.337,141.30397086111273,8.315337500000018,2.771814090637146,19.793,0.0,0.0,19.793,37.21820833333333,42.062,31.34,3.924167935994639,-4.969000000000001,0.5452000000000001,0.02174879696653415,0.59,0.04479999999999984,2547.765500000037,189.1976556987524,2959.6,56.67965000000001,46.61058333333333,31.90652499074021,67.73212433458927,100,80,1,100,0
50.181904444442566,64.93452944041682,191.51,0.0,191.51,-141.19,141.3280955555574,8.319219166666693,2.7816451437750906,19.319,0.0,0.0,19.319,37.21004583333332,42.059,31.266,3.940487797945405,-5.089999999999996,0.5457666666666666,0.022823097627419756,0.592,0.04623333333333335,2547.537200000042,189.57038840015693,2963.6,56.8449,46.86188333333332,31.903723148147524,67.73899768181934,100,80,1,100,0
50.18737294444312,64.94107513144942,191.46,0.0,191.46,-141.15200000000002,141.27262705555688,8.320734166666687,2.782569325319283,19.13,0.0,0.0,19.13,37.205395833333306,42.062,31.293,3.9257602634404036,-4.965,0.5416666666666667,0.01710552162479989,0.572,0.030333333333333212,2548.0702666667235,188.78369042254988,2959.6,56.83903333333333,46.6409,31.90450098148104,67.74074997839351,100,80,1,100,0
50.182865361109656,64.93670145529506,191.44,0.0,191.44,-141.26999999999998,141.25713463889034,8.318978333333359,2.773863098930244,19.629,0.0,0.0,19.629,37.19651249999995,42.051,31.266,3.9393575596925308,-5.082000000000001,0.5399666666666667,0.023473726146673833,0.592,0.052033333333333265,2548.9814333333698,188.97053519655995,2957.6,56.681466666666665,46.81349999999999,31.899452064814323,67.73403828037199,100,80,1,100,0
50.192174611109394,64.95097799987686,191.43,0.0,191.43,-141.133,141.2378253888906,8.313004166666689,2.7723759731073376,19.958,0.0,0.0,19.958,37.197158333333284,42.059,31.262,3.932004694863977,-5.067,0.5455333333333334,0.01862062522086244,0.587,0.04146666666666654,2549.39266666673,189.58220407404403,2963.8,56.57126666666666,46.709349999999986,31.900779037036454,67.74197459820506,100,80,1,100,0
50.1830449722212,64.93669033924212,191.44,0.0,191.44,-141.266,141.25695502777882,8.317652500000026,2.781992859199009,19.219,0.0,0.0,19.219,37.181758333333306,42.035,31.262,3.9396457670461618,-4.965,0.5330666666666667,0.01644906536592367,0.566,0.03293333333333326,2547.482400000067,189.03369412133608,2959.4,56.79841666666667,46.79394999999997,31.89415193518484,67.73513226380705,100,80,1,100,0
50.18638547222065,64.94304444386965,191.44,0.0,191.44,-141.28500000000003,141.25361452777935,8.319525000000018,2.7801116539416153,19.411,0.0,0.0,19.411,37.174195833333314,42.039,31.262,3.948847455282005,-5.051000000000002,0.54275,0.017958167019823154,0.585,0.04225000000000001,2547.313566666675,188.7179950514036,2959.4,56.79410000000003,46.95310000000001,31.89336876851799,67.7411142648311,100,80,1,100,0
50.18726219444263,64.93615008493217,191.38,0.0,191.38,-141.19299999999998,141.19273780555736,8.314285833333352,2.773397932899487,19.968,0.0,0.0,19.968,37.16348333333334,42.008,31.262,3.9440869326041272,-5.0390000000000015,0.5395333333333333,0.018247327797554697,0.573,0.033466666666666645,2545.5945999999876,189.59147823397328,2959.6,56.70365000000001,46.90646666666667,31.888343787036444,67.7277953456292,100,80,1,100,0
50.18725155555397,64.94155359732608,191.47,0.0,191.47,-141.291,141.28274844444604,8.316590833333349,2.7777229116479956,19.608,0.0,0.0,19.608,37.15945833333334,42.004,31.266,3.9352825833488665,-5.0390000000000015,0.5428666666666666,0.020282301432836186,0.581,0.03813333333333335,2547.9505999999897,189.35710149068655,2961.4,56.774883333333314,46.83128333333334,31.88776690740689,67.73955881040692,100,80,1,100,0
50.21322894444252,64.93063283736252,191.44,0.0,191.44,-141.255,141.2267710555575,8.326648333333353,2.774763519681575,19.491,0.0,0.0,19.491,37.16240416666665,42.004,31.262,3.925086016058167,-4.961000000000002,0.5431499999999999,0.021227440667403483,0.578,0.03485000000000005,2545.950366666686,188.73486755650325,2959.4,57.192166666666694,46.58183333333334,31.90076048148084,67.7266237977115,100,90,1,100,0
50.20388822221993,64.91264495130505,191.38,0.0,191.38,-141.365,141.17611177778008,8.32568833333336,2.7738294229434652,19.606,0.0,0.0,19.606,37.159525,41.992,31.289,3.9271711644669782,-5.022999999999996,0.5359666666666666,0.016209399519055662,0.565,0.029033333333333355,2544.970700000059,188.7680180952782,2959.6,57.215933333333346,46.590933333333346,31.89636718518443,67.70268377376757,100,90,1,100,0
50.208036944442476,64.91782194244091,191.44,0.0,191.44,-141.17399999999998,141.23196305555751,8.32797083333334,2.776937834155026,19.676,0.0,0.0,19.676,37.15295416666666,41.98,31.277,3.9212034435348113,-4.957000000000001,0.5388000000000001,0.02238779934075776,0.6,0.06119999999999992,2548.170533333332,189.25024525110527,2965.6,57.113799999999976,46.68198333333332,31.89632064814749,67.71714757593669,100,90,1,100,0
50.21031405555404,64.9186044994802,191.46,0.0,191.46,-141.297,141.24968594444596,8.329520000000025,2.7744458538772654,19.231,0.0,0.0,19.231,37.14858333333334,41.984,31.262,3.931789692429533,-5.042999999999999,0.5447000000000001,0.024355627895200946,0.6,0.055299999999999905,2546.9105666667115,189.01577470904476,2961.6,57.15025000000001,46.863616666666665,31.896139129629137,67.71740598125267,100,90,1,100,0
50.21511916666476,64.92421081835282,191.39,0.0,191.39,-141.226,141.17488083333524,8.327616666666703,2.766314708044292,19.683,0.0,0.0,19.683,37.14695833333334,41.953,31.266,3.928285915328243,-5.047000000000001,0.5446333333333333,0.027456570740647085,0.628,0.0833666666666667,2546.545333333348,188.1907548869667,2955.8,57.08995000000003,46.88060000000001,31.896564722221598,67.71798209713776,100,90,1,100,0
50.215714194442036,64.9236032047123,191.44,0.0,191.44,-141.21200000000002,141.22428580555797,8.329309166666683,2.7761281514326663,19.291,0.0,0.0,19.291,37.138124999999995,41.941,31.199,3.9281528041725755,-5.062000000000005,0.5456333333333332,0.024177988775804682,0.593,0.04736666666666678,2547.31143333337,188.0824357820807,2959.4,57.14773333333334,47.18490000000001,31.89438278703624,67.72390934492077,100,90,1,100,0
50.20878747222076,64.914955735755,191.41,0.0,191.41,-141.348,141.20121252777923,8.331509166666692,2.775410137759214,19.203,0.0,0.0,19.203,37.14151249999999,41.949,31.195,3.925600486519153,-5.055,0.5344333333333335,0.01876380094726814,0.569,0.03456666666666641,2548.2114666666853,188.09910600743345,2958.6,57.15063333333331,46.95460000000001,31.89393637962915,67.70912967446148,100,90,1,100,0
50.221286611109555,64.93203540852907,191.38,0.0,191.38,-141.187,141.15871338889045,8.327525000000028,2.766088135017376,19.856,0.0,0.0,19.856,37.14039999999999,41.926,31.273,3.922105460742774,-5.051000000000002,0.5461000000000001,0.02225331816811876,0.593,0.04689999999999983,2548.5990000000343,188.61080730374906,2960.4,56.99783333333333,46.84525000000001,31.896403870369863,67.72037686171457,100,90,1,100,0
50.22030858333163,64.9302810416435,191.43,0.0,191.43,-141.347,141.20969141666836,8.331548333333354,2.7735566561308715,19.311,0.0,0.0,19.311,37.13298333333334,41.93,31.223,3.923984081370714,-5.047000000000004,0.5488666666666668,0.03133659076708814,0.626,0.07713333333333316,2548.620533333378,188.1988549554699,2959.8,57.12851666666667,46.917233333333336,31.894946749999445,67.73517428854144,100,90,1,100,0
50.22152911110977,64.93246380956735,191.52,0.0,191.52,-141.289,141.29847088889025,8.32782333333337,2.770512885760329,19.374,0.0,0.0,19.374,37.120466666666694,41.93,31.129,3.9397198229573465,-5.187000000000001,0.5797166666666667,0.059332185128228625,0.757,0.17728333333333335,2547.6912333334144,188.78693696265157,2963.6,57.149016666666654,46.93454999999999,31.889939703703277,67.7623088804559,100,90,1,100,0
50.235234444443414,64.90880250115188,191.52,0.0,191.52,-141.3,141.2847655555566,8.325725000000014,2.7641561488794046,20.479,0.0,0.0,20.479,37.09279166666668,41.922,31.055,3.966741992079826,-4.957000000000001,0.5508666666666666,0.03455943868554416,0.644,0.0931333333333334,2545.5093000000547,189.14837683219235,2961.4,57.12021666666666,47.261716666666665,31.884583703703367,67.70751808871684,100,100,1,100,0
50.243327555554956,64.92275116560886,191.52,0.0,191.52,-141.27,141.27667244444507,8.327305000000013,2.7675041691772893,20.479,0.0,0.0,20.479,37.09805416666667,41.922,31.215,3.919895464565432,-4.984000000000002,0.54295,0.01993329979401217,0.586,0.04304999999999992,2545.057166666672,187.69963547513476,2957.6,57.13783333333332,46.559400000000004,31.889562240740545,67.71018863458016,100,100,1,100,0
50.24352941666571,64.91755635954014,191.46,0.0,191.46,-141.169,141.21647058333429,8.326900833333356,2.7702506917386627,20.479,0.0,0.0,20.479,37.08724583333335,41.914,31.187,3.9270596581360935,-5.039999999999996,0.5401666666666666,0.02257579825092938,0.584,0.04383333333333339,2547.5697333333746,189.73516452159896,2964.6,57.07944999999998,46.71246666666668,31.88589202777747,67.71038284952974,100,100,1,100,0
50.24085780555445,64.91417028994123,191.46,0.0,191.46,-141.173,141.21914219444557,8.33241500000002,2.762062692935859,20.188,0.0,0.0,20.188,37.072012500000014,41.914,31.117,3.94276284571919,-5.031000000000002,0.5455166666666666,0.02734803414783979,0.604,0.05848333333333333,2547.218933333365,188.98983988950076,2961.8,57.15780000000002,47.00776666666668,31.88176176851816,67.70358101702492,100,100,1,100,0
50.24199838888788,64.91010813559868,191.46,0.0,191.46,-141.272,141.21800161111213,8.336233333333357,2.760678680059368,20.213,0.0,0.0,20.213,37.07443750000001,41.914,31.187,3.930152392555967,-5.0390000000000015,0.5419166666666669,0.028442801160453703,0.607,0.06508333333333305,2547.117433333403,187.55165412913138,2961.6,57.19444999999999,46.82761666666668,31.88422307407375,67.6992296168185,100,100,1,100,0
50.25009263888752,64.91831654063147,191.43,0.0,191.43,-141.44899999999998,141.1799073611125,8.334337500000023,2.7608595282458697,20.19,0.0,0.0,20.19,37.07705000000003,41.914,31.187,3.9311156184800446,-5.051000000000002,0.5406166666666666,0.0279837069221957,0.589,0.048383333333333334,2546.888433333358,187.84306398958074,2958.4,57.17894999999998,46.77503333333334,31.88716004629586,67.70715977579954,100,100,1,100,0
50.25198466666573,64.92267232724843,191.41,0.0,191.41,-141.461,141.15801533333428,8.332325833333359,2.771242558088779,20.479,0.0,0.0,20.479,37.07065000000004,41.914,31.195,3.9323053820339564,-5.038999999999998,0.5486833333333333,0.02402646257680896,0.606,0.05731666666666668,2547.063766666697,187.67851632883855,2955.8,57.10753333333334,46.789883333333336,31.884986833333045,67.71794134791402,100,100,1,100,0
50.24839399999806,64.91978133308355,191.48,0.0,191.48,-141.364,141.23160600000193,8.332879166666704,2.7562334695525235,19.878,0.0,0.0,19.878,37.0651291666667,41.922,31.199,3.9321530077214946,-5.027000000000001,0.5422833333333335,0.02462470281446183,0.589,0.04671666666666652,2547.4805000000247,187.4899132691666,2957.8,57.18096666666667,46.768499999999996,31.882134111110485,67.70063950545054,100,100,1,100,0
50.2600950833326,64.93475342947686,191.41,0.0,191.41,-141.296,141.1499049166674,8.33137333333336,2.772232912002082,20.479,0.0,0.0,20.479,37.0500125,41.914,31.133,3.9423447555219235,-5.100999999999999,0.5409500000000002,0.0301135844113864,0.631,0.09004999999999985,2547.5695666667057,187.6235261858401,2958.6,57.084549999999986,46.93514999999999,31.88049363888865,67.73709992589032,100,100,1,100,0
50.25575499999822,64.92922982024955,191.41,0.0,191.41,-141.40099999999998,141.15424500000177,8.337375833333361,2.759541992721008,20.171,0.0,0.0,20.171,37.047745833333344,41.91,31.117,3.9387948709659177,-5.1250000000000036,0.5410833333333332,0.02815230469938482,0.599,0.05791666666666673,2547.431399999974,187.7332148574144,2959.6,57.26725000000003,46.98139999999999,31.88029222222164,67.71692411766995,100,100,1,100,0
50.37572738888644,65.07895391528818,191.65,0.0,191.65,-141.375,141.27427261111356,8.428308333333362,2.7474571787481543,20.479,0.0,0.0,20.479,37.05486666666666,41.922,31.117,3.935215605909418,-5.050999999999998,0.54805,0.032664927026202245,0.634,0.08594999999999997,2539.429966666681,187.5625755011386,2958.6,59.06096666666668,46.84675,31.952967462962153,67.85907602106253,100,100,0,100,1
50.31313136110812,65.14123174382782,191.65,0.0,191.65,-141.791,141.33686863889187,8.404981666666687,2.7830815421739286,20.479,0.0,0.0,20.479,37.0561666666667,41.91,31.121,3.952711514290188,-5.1250000000000036,0.5456,0.03444337037387403,0.638,0.09240000000000004,2538.871400000045,190.14476364224026,2951.0,58.12033333333334,47.13118333333334,31.92475989814717,67.95875665637563,100,73,0,100,0
50.30997216666333,65.14295577417177,191.75,0.0,191.75,-141.67,141.44002783333667,8.404055000000021,2.782355789630748,20.479,0.0,0.0,20.479,37.05595833333333,41.914,31.109,3.9587216743953793,-5.113000000000003,0.5447166666666665,0.032527480776256196,0.612,0.06728333333333347,2538.2325000000287,188.95055681995336,2945.8,58.12485000000001,47.16526666666666,31.92332849999889,67.95783904457876,100,73,0,100,0
50.307388861107945,65.14759339653536,191.69,0.0,191.69,-141.86,141.38261113889206,8.401254166666682,2.7782853880851306,20.479,0.0,0.0,20.479,37.07036666666667,41.93,31.105,3.9600701188444347,-5.109000000000002,0.5445333333333334,0.029421810580810736,0.615,0.07046666666666657,2538.760700000036,188.83705259892469,2947.6,58.1023,47.19069999999999,31.926336564813766,67.95530059520131,100,73,0,100,0
50.3020058055522,65.13937916580063,191.75,0.0,191.75,-141.658,141.4479941944478,8.399465000000008,2.77530403364646,20.479,0.0,0.0,20.479,37.07901666666669,41.922,31.117,3.9554984758168827,-5.120999999999999,0.544,0.022546374055507166,0.591,0.04699999999999993,2540.037466666692,188.34443119024152,2945.4,58.07518333333334,47.15420000000001,31.9268291574063,67.9372295735026,100,73,0,100,0
50.30456444444198,65.14166130292755,191.77,0.0,191.77,-141.579,141.46543555555803,8.398298333333363,2.7782700059903664,20.479,0.0,0.0,20.479,37.080370833333355,41.926,31.105,3.958709282063901,-5.047000000000001,0.5395999999999999,0.021869567121954984,0.592,0.05240000000000011,2540.077733333364,189.1918470143248,2947.8,58.06930000000003,47.15404999999999,31.927744537036233,67.94180087603986,100,73,0,100,0
50.30054919444087,65.13873444934164,191.7,0.0,191.7,-141.732,141.39945080555913,8.398731666666695,2.7766564330359316,20.479,0.0,0.0,20.479,37.0795416666667,41.926,31.109,3.9674176975132256,-5.207000000000001,0.5458833333333332,0.021027900486497834,0.606,0.06011666666666682,2539.606333333391,188.37876631887733,2945.6,58.0829166666667,47.25160000000002,31.926274175924757,67.93641878286408,100,73,0,100,0
50.303577499997346,65.13726605536166,191.71,0.0,191.71,-141.615,141.40642250000266,8.401888333333359,2.781446696529569,20.479,0.0,0.0,20.479,37.08507500000003,41.957,31.105,3.9766557555986117,-5.059000000000001,0.5454666666666668,0.0257869147389022,0.602,0.05653333333333321,2539.094800000059,188.58385230762786,2945.6,58.09871666666668,47.39676666666667,31.930180277776913,67.94449966663014,100,73,0,100,0
50.301429499997454,65.13389928409038,191.67,0.0,191.67,-141.75099999999998,141.36857050000253,8.403614166666687,2.7735457499360745,20.479,0.0,0.0,20.479,37.09610000000002,41.965,31.121,3.959844345024194,-5.117000000000001,0.5511333333333331,0.029185245091885824,0.604,0.05286666666666684,2539.877566666664,189.39388303365905,2950.4,58.15056666666664,47.09555,31.93371455555472,67.93663027911833,100,73,0,100,0
50.29842824999701,65.12625339411089,191.68,0.0,191.68,-141.84799999999998,141.381571750003,8.400758333333355,2.7800902331910846,20.479,0.0,0.0,20.479,37.08389166666667,41.953,31.117,3.9700547455640276,-5.199000000000002,0.5449,0.023547067901963082,0.599,0.054099999999999926,2541.4546666667256,188.69588349412967,2953.4,58.01458333333334,47.24143333333335,31.92769274999901,67.92989069520394,100,73,0,100,0
50.306712055552396,65.13657670982066,191.7,0.0,191.7,-141.85399999999998,141.3932879444476,8.403130833333357,2.7790914906332964,20.479,0.0,0.0,20.479,37.09049999999998,41.953,31.105,3.9664370044739465,-5.120999999999999,0.5509000000000003,0.024275746423267373,0.604,0.0530999999999997,2542.1786333333466,189.13791809719854,2955.8,58.04748333333334,47.22043333333334,31.933447629628574,67.93994394687722,100,73,0,100,0
50.329505722219096,65.10552779583236,191.7,0.0,191.7,-141.791,141.3704942777809,8.417616666666714,2.7624059480654077,19.569,0.0,0.0,19.569,37.08642083333336,41.937,31.105,3.9786957559472436,-5.1370000000000005,0.5519000000000001,0.02453617184512609,0.603,0.05109999999999992,2540.5399666667254,187.8980960478719,2947.4,58.774033333333335,47.42125000000001,31.944514407406388,67.8924699157429,100,80,0,100,0
50.32996516666419,65.10978009052305,191.67,0.0,191.67,-141.85,141.3400348333358,8.415419166666688,2.757610213610294,19.814,0.0,0.0,19.814,37.087516666666666,41.949,31.105,3.967835185374825,-5.129000000000001,0.5482833333333332,0.026973993543478406,0.615,0.06671666666666676,2540.7224333333675,188.17882665666505,2949.6,58.701066666666655,47.262650000000015,31.944300333332517,67.89436429767682,100,80,0,100,0
50.33448805555318,65.11813030578381,191.63,0.0,191.63,-141.675,141.29551194444682,8.417357500000008,2.7615719894481305,19.448,0.0,0.0,19.448,37.094066666666656,41.953,31.109,3.9671259481423062,-5.120999999999999,0.5458666666666666,0.023864353010982036,0.59,0.04413333333333336,2539.6522333333505,187.94669962162678,2949.6,58.81406666666669,47.214749999999995,31.94863740740662,67.90356664824291,100,80,0,100,0
50.33203983333057,65.11649584639787,191.75,0.0,191.75,-141.71699999999998,141.41796016666945,8.414708333333357,2.7585125341564316,19.558,0.0,0.0,19.558,37.09839583333336,41.969,31.121,3.9589963255125533,-5.113000000000003,0.5469166666666667,0.021992519272579968,0.592,0.04508333333333325,2539.447666666665,188.44695882556448,2949.8,58.76796666666665,47.08666666666667,31.94838133333243,67.89700089982689,100,80,0,100,0
50.32736436110791,65.11059813133059,191.73,0.0,191.73,-141.747,141.4026356388921,8.415247500000023,2.7604352906269205,19.444,0.0,0.0,19.444,37.089179166666696,41.941,31.109,3.970384435554239,-5.132999999999999,0.5442833333333336,0.02206853090935539,0.589,0.044716666666666405,2539.7887666667325,188.3493094338449,2949.4,58.79763333333333,47.11545,31.943930342591543,67.89310195286686,100,80,0,100,0
50.32150574999714,65.1031447302882,191.66,0.0,191.66,-141.692,141.33849425000287,8.414738333333354,2.7607449279125222,19.487,0.0,0.0,19.487,37.085241666666676,41.922,31.109,3.9658840303505705,-5.1250000000000036,0.5491666666666667,0.02084093646572439,0.593,0.04383333333333328,2540.283666666709,188.25671024263858,2949.6,58.74706666666666,47.2387,31.940495249999056,67.88473059466645,100,80,0,100,0
50.32983633333148,65.11118765793118,191.63,0.0,191.63,-141.695,141.3001636666685,8.414742500000017,2.7575158943845763,19.769,0.0,0.0,19.769,37.08452083333334,41.922,31.117,3.960610518792845,-5.050999999999998,0.54665,0.02193273615521411,0.601,0.05435000000000001,2541.840066666685,188.2270983539689,2951.6,58.68298333333334,47.06631666666668,31.94303322222161,67.89063628847097,100,80,0,100,0
50.326096138886186,65.11274217887821,191.66,0.0,191.66,-141.60899999999998,141.3339038611138,8.408905833333343,2.7548584521184836,19.948,0.0,0.0,19.948,37.08277499999999,41.93,31.109,3.9708103469050076,-5.195000000000004,0.5483333333333331,0.023822554948908906,0.598,0.04966666666666686,2541.123000000022,188.58517590847043,2951.4,58.58519999999999,47.282900000000005,31.93925899073984,67.8914231859456,100,80,0,100,0
50.3303689166636,65.11693703466527,191.6,0.0,191.6,-141.642,141.26963108333638,8.413856666666684,2.7561453748357048,19.849,0.0,0.0,19.849,37.08456666666665,41.941,31.117,3.968207724885155,-5.113000000000003,0.5491166666666667,0.025943283423696756,0.606,0.056883333333333286,2540.740800000048,188.49281579314268,2949.4,58.689466666666654,47.286066666666684,31.94293074999898,67.89902569292468,100,80,0,100,0
50.32603166666393,65.11561754243709,191.7,0.0,191.7,-141.837,141.37396833333605,8.414580000000026,2.764742969971773,19.434,0.0,0.0,19.434,37.07759166666669,41.926,31.109,3.9701563526346684,-5.108999999999998,0.55015,0.02308042313744245,0.595,0.044849999999999945,2539.9145000000194,188.59726338870777,2949.6,58.79568333333331,47.31304999999998,31.939401111110215,67.90344093554631,100,80,0,100,0
50.34342322221953,65.09046279955375,191.67,0.0,191.67,-141.704,141.32657677778047,8.417367500000024,2.7568036009460135,19.958,0.0,0.0,19.958,37.08564583333337,41.949,31.109,3.9623587597524224,-5.120999999999999,0.5485666666666666,0.022946043318071225,0.594,0.045433333333333326,2538.769366666687,187.4912816952231,2945.6,59.095783333333344,47.17933333333331,31.94881218518431,67.87021244381783,100,90,0,100,0
50.34649186110787,65.0944399148489,191.71,0.0,191.71,-141.692,141.36350813889214,8.415776666666687,2.7491282248716975,19.378,0.0,0.0,19.378,37.08257083333332,41.953,31.117,3.966396555455469,-5.1250000000000036,0.5442000000000001,0.01919374898241611,0.578,0.03379999999999983,2538.2743666667,188.10941344911544,2947.6,59.10591666666667,47.202400000000004,31.94827978703596,67.86276188870302,100,90,0,100,0
50.35134788888533,65.09665937993829,191.65,0.0,191.65,-141.653,141.29865211111468,8.414806666666683,2.749198949999397,19.386,0.0,0.0,19.386,37.07107916666666,41.965,31.121,3.9720116682168984,-5.120999999999999,0.5514833333333334,0.018822535777820795,0.591,0.03951666666666653,2539.40560000006,187.82891147345825,2946.4,59.05003333333335,47.03021666666666,31.94574457407289,67.8646808657155,100,90,0,100,0
50.354776055553096,65.09961361653163,191.63,0.0,191.63,-141.65300000000002,141.2752239444469,8.416208333333342,2.7484120534610947,19.658,0.0,0.0,19.658,37.07329166666668,41.93,31.109,3.9686932450833785,-5.219000000000005,0.5481833333333334,0.020153219591097716,0.596,0.04781666666666662,2537.07370000001,187.78326212391505,2945.6,59.089716666666654,46.901450000000004,31.948092018517702,67.86817888958382,100,90,0,100,0
50.360982777776066,65.09976594968509,191.69,0.0,191.69,-141.704,141.32901722222394,8.420068333333353,2.7493453691068743,19.6,0.0,0.0,19.6,37.05786666666664,41.922,31.117,3.971457527694553,-5.1250000000000036,0.5461666666666666,0.02197854629349131,0.619,0.07283333333333342,2537.9975333334087,187.68800126331624,2949.6,59.10811666666667,47.04021666666669,31.946305925925355,67.87108986508547,100,90,0,100,0
50.355164777774895,65.09344355908898,191.63,0.0,191.63,-141.725,141.2748352222251,8.419235000000029,2.749029818358989,19.52,0.0,0.0,19.52,37.050412500000014,41.926,31.105,3.968328403581481,-5.117000000000001,0.5458166666666667,0.02759850872086784,0.613,0.06718333333333326,2537.5764000000254,187.7945729158401,2947.8,59.09980000000001,46.94731666666667,31.941604092591646,67.87007188616884,100,90,0,100,0
50.35476036110821,65.09737947783145,191.63,0.0,191.63,-141.707,141.27523963889178,8.415198333333345,2.74731680438999,19.688,0.0,0.0,19.688,37.04039166666665,41.922,31.039,3.9742136640634977,-5.1250000000000036,0.5471166666666665,0.020997248945441287,0.591,0.043883333333333496,2537.8399666667005,188.00493702397762,2951.6,59.01273333333333,47.12403333333332,31.936783453702734,67.86569353116688,100,90,0,100,0
50.35646144444195,65.09721700711741,191.63,0.0,191.63,-141.74599999999998,141.27353855555805,8.418333333333347,2.7490775832124106,19.491,0.0,0.0,19.491,37.04919166666668,41.922,31.078,3.9601100493897325,-5.1129999999999995,0.5457500000000001,0.01773593976427619,0.59,0.0442499999999999,2536.652900000031,188.52418761653922,2949.6,59.138533333333335,46.9276,31.94132881481399,67.8640305300941,100,90,0,100,0
50.35381711110887,65.09009218197414,191.66,0.0,191.66,-141.743,141.30618288889113,8.42266416666667,2.7536058267158374,19.338,0.0,0.0,19.338,37.044316666666674,41.914,31.07,3.9613669082966605,-5.054999999999996,0.5463333333333333,0.016316433087552092,0.587,0.04066666666666663,2536.2911333333805,186.83287361121933,2944.6,59.16630000000003,46.88381666666666,31.940265981480735,67.86001444177754,100,90,0,100,0
50.36457327777577,65.09991677541507,191.67,0.0,191.67,-141.707,141.3054267222242,8.418605000000019,2.7436771677760876,19.761,0.0,0.0,19.761,37.042045833333326,41.914,31.051,3.9673971498117044,-5.135999999999999,0.5519166666666667,0.0252239405157331,0.61,0.058083333333333265,2538.39440000003,187.3211187833085,2949.4,59.05508333333335,46.93716666666667,31.94174137036971,67.86881788370688,100,90,0,100,0
50.37056422221954,65.07809097748873,191.69,0.0,191.69,-141.725,141.31943577778046,8.421250000000022,2.7404486755431257,20.449,0.0,0.0,20.449,37.03207083333334,41.914,31.031,3.9651907728701445,-5.117000000000001,0.5524499999999998,0.024744405291304495,0.6,0.0475500000000002,2537.6092000000594,187.50486317509842,2947.6,59.13636666666666,46.93833333333335,31.941295018517636,67.84328405832315,100,100,0,100,0
50.382095138886235,65.09292687017275,191.7,0.0,191.7,-141.763,141.31790486111376,8.418421666666697,2.745622350932876,20.479,0.0,0.0,20.479,37.029116666666674,41.91,31.051,3.967045388704175,-5.129000000000001,0.54145,0.02012539082681882,0.602,0.06054999999999999,2539.2465666667144,187.2407949070531,2947.6,59.0263,46.97139999999998,31.943211157406534,67.85867461193244,100,100,0,100,0
50.3860155277753,65.09674557082033,191.69,0.0,191.69,-141.691,141.3039844722247,8.41949750000004,2.742354689744573,20.479,0.0,0.0,20.479,37.02181666666669,41.914,31.039,3.9755435963840653,-5.1129999999999995,0.5456833333333333,0.019323728863113877,0.586,0.04031666666666667,2538.7034000000463,187.26474365402927,2947.4,59.12096666666666,47.13351666666667,31.942443231480677,67.85842398942802,100,100,0,100,0
50.37854877777486,65.08902692328924,191.67,0.0,191.67,-141.83100000000002,141.29145122222513,8.417875000000025,2.744936539924954,20.479,0.0,0.0,20.479,37.00940000000004,41.922,31.039,3.9757710410323304,-5.128999999999998,0.5464000000000001,0.022077828436569018,0.601,0.05459999999999987,2537.9711333333885,187.57136772363162,2949.6,59.08463333333335,47.205000000000005,31.93527459259164,67.85604129165075,100,100,0,100,0
50.378255611108024,65.09236807110743,191.68,0.0,191.68,-141.63299999999998,141.301744388892,8.415746666666683,2.7436378997466715,20.479,0.0,0.0,20.479,36.99790833333334,41.922,30.984,3.9810064201260813,-5.1179999999999986,0.5459333333333334,0.020522717191053284,0.586,0.040066666666666584,2537.273733333349,187.10923838204835,2945.6,59.09193333333335,47.30619999999999,31.93063687036935,67.85652868804516,100,100,0,100,0
50.375507527775135,65.09431839284417,191.66,0.0,191.66,-141.716,141.28449247222485,8.414571666666696,2.746795183120182,20.479,0.0,0.0,20.479,36.99583750000004,41.922,30.965,3.989070694655093,-5.135999999999999,0.5419333333333334,0.017654755605225055,0.576,0.03406666666666658,2537.4909333333426,186.9370885003073,2949.6,59.02611666666668,47.48425,31.928638898147295,67.85876833156958,100,100,0,100,0
50.37260013888622,65.09213036634533,191.7,0.0,191.7,-141.68599999999998,141.32739986111378,8.414272500000004,2.7425992799871266,20.479,0.0,0.0,20.479,37.00440416666667,41.914,31.039,3.9658350441580534,-5.125,0.5443833333333333,0.021773169359438727,0.59,0.04561666666666664,2538.072766666694,187.34132094504528,2949.6,59.0619,47.08018333333332,31.93042560185096,67.8565028156919,100,100,0,100,0
50.36736058333075,65.07721179217826,191.67,0.0,191.67,-141.868,141.30263941666925,8.413235833333346,2.740765819610934,20.479,0.0,0.0,20.479,36.992558333333356,41.902,31.039,3.9739288829139183,-5.1370000000000005,0.5404166666666665,0.021040148599934944,0.587,0.04658333333333342,2537.3739000000387,187.58677047755714,2945.8,59.071500000000015,47.263766666666655,31.924384916665815,67.83901776038913,100,100,0,100,0
50.3751703333311,65.08510668769308,191.69,0.0,191.69,-141.548,141.3148296666689,8.412928333333353,2.7470203546548326,20.479,0.0,0.0,20.479,36.98710000000004,41.902,31.039,3.9618366971725076,-5.120999999999995,0.5435833333333334,0.021811435087241992,0.586,0.04241666666666655,2537.332800000034,187.36490854030998,2949.4,59.02618333333334,47.16391666666665,31.9250662222215,67.85393847743516,100,100,0,100,0
50.38186238888711,65.0911144992598,191.68,0.0,191.68,-141.79600000000002,141.2981376111129,8.415370000000019,2.745637406639962,20.479,0.0,0.0,20.479,36.97406250000003,41.887,30.949,3.9723390125198317,-5.117000000000001,0.5466333333333332,0.020288567931240592,0.603,0.05636666666666679,2538.4023666667326,187.1582793198987,2949.4,59.05274999999998,47.32701666666667,31.923764962962384,67.857040473831,100,100,0,100,0
50.3721011666639,65.08040986822937,191.65,0.0,191.65,-141.707,141.2778988333361,8.416769166666695,2.724188454964972,19.583,0.0,0.0,19.583,36.95322500000005,41.84,30.973,3.9703873349247107,-5.171999999999997,0.5502833333333332,0.023723042982753725,0.621,0.07071666666666676,2543.0021333333625,187.22637987652587,2961.6,58.996066666666664,47.396566666666644,31.914031777776884,67.8283213661771,100,100,0,90,1
50.37934622221976,65.09660419272825,191.68,0.0,191.68,-141.75,141.30065377778024,8.411791666666685,2.734755447212896,20.066,0.0,0.0,20.066,36.94369166666671,41.84,30.945,3.9727226128847812,-5.222999999999995,0.5449666666666668,0.021055187103295982,0.593,0.04803333333333315,2541.1325000000315,187.88615701646677,2949.8,58.918533333333315,47.57909999999999,31.91160985185105,67.85241482704444,100,100,0,90,1
50.375306555553394,65.09178304380256,191.7,0.0,191.7,-141.678,141.3246934444466,8.414400000000024,2.731392243219918,19.944,0.0,0.0,19.944,36.941366666666724,41.832,30.934,3.9687922826704676,-5.082000000000004,0.5485833333333333,0.02425800002002948,0.604,0.05541666666666667,2539.8859666666845,187.54320785408606,2951.4,58.97891666666666,47.48465,31.91035774074005,67.8474332870425,100,100,0,90,1
50.38018577777537,65.08903146052636,191.73,0.0,191.73,-141.65200000000002,141.3498142222246,8.41124000000002,2.7378014585469885,20.253,0.0,0.0,20.253,36.95204583333335,41.848,31.027,3.951324776782385,-5.109000000000002,0.5421833333333332,0.019227885529118995,0.592,0.04981666666666673,2539.6302333333783,187.20084839253633,2947.8,58.93119999999998,46.913383333333314,31.914490537036244,67.84606080460246,100,100,0,90,1
50.38331527777605,65.0985704937456,191.79,0.0,191.79,-141.791,141.40668472222393,8.412882500000014,2.7311471889727237,20.002,0.0,0.0,20.002,36.94045833333335,41.883,30.965,3.96010680067263,-5.104999999999997,0.54695,0.02384513950401844,0.596,0.04904999999999993,2539.4570333333845,187.21714197754594,2947.4,58.95140000000001,46.90783333333333,31.912218703703143,67.85356282222234,100,100,0,90,1
50.38287830555289,65.09841292696977,191.73,0.0,191.73,-141.625,141.34712169444708,8.411648333333353,2.7274901879325393,19.556,0.0,0.0,19.556,36.924962500000056,41.84,30.949,3.978303457012475,-5.129000000000001,0.5428166666666666,0.01748848693115681,0.581,0.03818333333333335,2539.746833333386,187.0131598764288,2946.8,58.93001666666666,47.390016666666675,31.906496379628766,67.84339160183347,100,100,0,90,1
50.39378338888646,65.103929411807,191.73,0.0,191.73,-141.60899999999998,141.3362166111135,8.417081666666691,2.7369213471309095,20.289,0.0,0.0,20.289,36.92197083333336,41.828,30.945,3.9664005555851998,-5.152000000000001,0.5413666666666666,0.019611451745039737,0.586,0.044633333333333414,2542.063100000044,186.99544500994068,2951.4,58.911049999999996,47.18663333333333,31.910945296295505,67.86046221068294,100,100,0,90,1
50.38868491666361,65.09796279174834,191.87,0.0,191.87,-141.83,141.4813150833364,8.417301666666686,2.7268799162036914,19.694,0.0,0.0,19.694,36.919445833333334,41.828,30.937,3.971318522703659,-5.136999999999997,0.5392666666666669,0.024883366349912426,0.586,0.04673333333333307,2542.0829000000267,187.65826530783661,2953.4,59.00235000000001,47.24005000000001,31.90847747222121,67.84972607430194,100,100,0,90,1
50.38974097221883,65.0949141389787,191.82,0.0,191.82,-141.80200000000002,141.43025902778118,8.41475250000002,2.7322849364079604,19.633,0.0,0.0,19.633,36.90707083333336,41.82,30.945,3.9711378478563453,-5.129000000000005,0.5405666666666668,0.02010596223795628,0.582,0.04143333333333321,2540.7435333333783,187.2245129460622,2951.4,58.93075000000001,47.28728333333333,31.9038547685174,67.84730503762462,100,100,0,90,1
50.38663713888624,65.09794915246323,191.77,0.0,191.77,-141.678,141.38336286111377,8.413473333333362,2.7343630486868253,19.939,0.0,0.0,19.939,36.903608333333395,41.801,30.945,3.969121408837132,-5.176000000000002,0.5482833333333336,0.022592252809439977,0.596,0.04771666666666641,2540.495766666689,187.84376006434553,2949.8,58.955666666666666,47.26996666666666,31.901239601851,67.8549044539595,100,100,0,90,1
50.19159233333196,64.8321127916864,191.79,0.0,191.79,-141.74900000000002,141.59840766666804,8.28111250000002,2.762742308056922,19.769,0.0,0.0,19.769,36.88287083333338,41.762,30.871,3.9626009182908475,-5.219000000000005,0.5426666666666669,0.021997431796682922,0.581,0.03833333333333311,2566.0930333333645,188.56838925007983,2983.8,55.83046666666667,47.213583333333325,31.785191888888452,67.61685253154,100,100,2,90,1
50.13797380555405,64.89253372767246,191.35,0.0,191.35,-141.078,141.21202619444594,8.259814166666704,2.8074087057284944,20.479,0.0,0.0,20.479,36.824720833333316,41.699,30.852,3.9766551546256834,-5.211000000000002,0.5447000000000001,0.018584940139801352,0.576,0.031299999999999883,2568.4176000000184,190.8438688578182,2981.4,54.746599999999994,47.487399999999994,31.740836268518024,67.71852737354075,100,73,2,90,0
50.14411599999889,64.89175493718375,191.35,0.0,191.35,-140.988,141.2058840000011,8.26081583333337,2.8087086951173243,20.479,0.0,0.0,20.479,36.803162499999964,41.652,30.855,3.964115010777506,-5.168000000000003,0.5405500000000001,0.016984963439785415,0.577,0.03644999999999987,2567.611533333368,191.30479645800884,2982.4,54.85363333333332,47.432599999999994,31.73603144444407,67.71744859574085,100,73,2,90,0
50.133098333332626,64.88045527683478,191.33,0.0,191.33,-141.113,141.19690166666737,8.258482500000023,2.804063167958597,20.142,0.0,0.0,20.142,36.78433333333331,41.613,30.855,3.9545551751358667,-5.120999999999999,0.5486500000000001,0.02120826909406094,0.6,0.051349999999999896,2566.6323666667145,190.6231926060558,2981.6,54.828966666666666,47.361716666666666,31.72530472222199,67.70572671388744,100,73,2,90,0
50.13842433333218,64.88553440786262,191.32,0.0,191.32,-141.0,141.1815756666678,8.260775000000022,2.8055484884972897,20.316,0.0,0.0,20.316,36.7761166666666,41.598,30.832,3.950436979554056,-5.043000000000003,0.5428833333333334,0.0186302939619144,0.581,0.03811666666666658,2566.607933333368,190.67006906242065,2978.4,54.82948333333333,47.34528333333331,31.725105333332937,67.70971319032184,100,73,2,90,0
50.14140380555469,64.88301991737524,191.32,0.0,191.32,-141.043,141.1785961944453,8.258880833333365,2.806893095994738,20.268,0.0,0.0,20.268,36.77039583333333,41.59,30.855,3.9374102098526667,-5.055000000000003,0.5461333333333335,0.01926485046079609,0.595,0.0488666666666665,2566.0372333333753,190.641736106245,2977.4,54.77326666666666,47.171349999999975,31.72356015740713,67.70917786383077,100,73,2,90,0
50.1411871944441,64.88213003934818,191.27,0.0,191.27,-141.03900000000002,141.12881280555592,8.262599166666709,2.8062294037351907,20.353,0.0,0.0,20.353,36.76256250000003,41.586,30.855,3.930955885253563,-4.972999999999999,0.5470833333333334,0.02090680828745413,0.595,0.04791666666666661,2565.7992333333623,190.68236036186218,2977.8,54.82348333333333,47.17028333333333,31.722116287036943,67.70926625137082,100,73,2,90,0
50.13979658333286,64.88037387892258,191.27,0.0,191.27,-141.22,141.13020341666714,8.260476666666698,2.8069770987932636,20.188,0.0,0.0,20.188,36.75660416666663,41.586,30.867,3.9330595952640843,-5.035,0.5560833333333335,0.02475527108168445,0.622,0.06591666666666651,2565.065766666701,190.73637868999063,2977.4,54.83983333333333,47.256783333333345,31.71895913888873,67.71210624879754,100,73,2,90,0
50.144743722221804,64.88042130485434,191.32,0.0,191.32,-141.074,141.1752562777782,8.265389166666688,2.8079844556731537,20.369,0.0,0.0,20.369,36.758720833333314,41.586,30.867,3.9311880933765533,-5.035,0.5536833333333336,0.0286175788495295,0.612,0.05831666666666635,2566.955999999996,191.0033941236677,2979.0,54.78079999999999,47.24703333333334,31.7229512407406,67.71702333937702,100,73,2,90,0
50.14784422222122,64.88487906500544,191.33,0.0,191.33,-141.108,141.1821557777788,8.265276666666686,2.812275983130621,20.479,0.0,0.0,20.479,36.76120416666665,41.582,30.859,3.930208405791387,-5.038999999999998,0.5540500000000002,0.027356668074449274,0.615,0.06094999999999984,2567.9862333333463,191.57248346221905,2985.0,54.815016666666665,47.27621666666666,31.724775018518187,67.7245117162105,100,73,2,90,0
50.14523577777713,64.88723411307959,191.28,0.0,191.28,-141.114,141.13476422222288,8.263157500000023,2.8085565713320415,20.321,0.0,0.0,20.321,36.75222083333327,41.574,30.859,3.9264009440736856,-5.047000000000001,0.55415,0.023639112232032806,0.622,0.06784999999999997,2566.4136333333768,191.58543339855976,2983.0,54.794516666666645,47.23933333333331,31.720204703703473,67.71942979664367,100,73,2,90,0
50.16647011111023,64.86025420076973,191.25,0.0,191.25,-141.125,141.08352988888976,8.27663083333337,2.789741339294041,18.967,0.0,0.0,18.967,36.74867083333331,41.574,30.867,3.9268898970535053,-5.035,0.5532000000000001,0.022978103062241274,0.609,0.05579999999999985,2562.4151666666885,190.0437493168734,2973.8,55.54816666666666,47.22514999999999,31.730590592592304,67.67297364312601,100,80,2,90,0
50.16723202777725,64.85297602102682,191.31,0.0,191.31,-141.062,141.14276797222274,8.276250000000024,2.7825465285393234,19.233,0.0,0.0,19.233,36.75217499999997,41.574,30.867,3.9281281586999612,-5.038999999999998,0.5564833333333333,0.02788808850075579,0.617,0.06051666666666666,2562.9454333333565,189.74085478482127,2977.2,55.46091666666667,47.08031666666666,31.731885675925753,67.6634106380669,100,80,2,90,0
50.18599666666543,64.8744326326719,191.31,0.0,191.31,-141.024,141.12400333333457,8.272860833333342,2.790253449669725,19.956,0.0,0.0,19.956,36.74739166666666,41.586,30.871,3.925682331855388,-5.027000000000001,0.5526666666666668,0.028933393215069887,0.641,0.08833333333333326,2567.6492333333895,189.58276416073102,2981.0,55.181900000000006,46.923016666666655,31.735416388888478,67.69361947555669,100,80,2,90,0
50.18351080555512,64.87412414831591,191.38,0.0,191.38,-141.111,141.19648919444487,8.272747500000039,2.785567764727146,19.616,0.0,0.0,19.616,36.743558333333326,41.582,30.84,3.9226115069223826,-5.050999999999998,0.5533666666666668,0.02949631787802642,0.626,0.07263333333333322,2566.0236000000687,190.10611750377402,2979.8,55.251416666666664,46.87275000000001,31.733272212962827,67.68918823092109,100,80,2,90,0
50.17675405555493,64.86487568408137,191.39,0.0,191.39,-141.121,141.21324594444505,8.273213333333365,2.7862558866773033,19.761,0.0,0.0,19.761,36.74145833333333,41.559,30.832,3.9199896120941546,-5.038999999999998,0.5531666666666665,0.029590519935555306,0.624,0.07083333333333353,2565.282033333323,190.0723906554565,2981.4,55.19608333333334,46.974016666666664,31.730475240740542,67.68072209069423,100,80,2,90,0
50.18306599999935,64.87209973653016,191.3,0.0,191.3,-141.18099999999998,141.11693400000067,8.270948333333354,2.7897174902476025,19.809,0.0,0.0,19.809,36.742820833333305,41.559,30.855,3.9171599668967714,-5.058000000000003,0.5469166666666668,0.02725603131304798,0.615,0.06808333333333316,2565.020233333378,190.86654193463005,2983.0,55.20991666666666,46.91451666666668,31.73227838888867,67.6890732580908,100,80,2,90,0
50.16679016666561,64.85661864772068,191.38,0.0,191.38,-141.137,141.2132098333344,8.276389166666695,2.7875165425120416,19.099,0.0,0.0,19.099,36.74675416666666,41.562,30.855,3.91977005905731,-5.038999999999998,0.5505833333333333,0.026593800517953414,0.617,0.06641666666666668,2565.123100000072,189.41852303616335,2975.6,55.403483333333334,46.94163333333333,31.729977833332992,67.67072899075067,100,80,2,90,0
50.16907024999898,64.85679235364243,191.33,0.0,191.33,-141.19299999999998,141.16092975000103,8.277422500000009,2.7870657393017737,19.073,0.0,0.0,19.073,36.74899583333329,41.574,30.828,3.9192113613000297,-5.047000000000001,0.5492499999999999,0.0263011406596748,0.606,0.05675000000000008,2565.1046333333875,189.7414602790431,2977.6,55.443899999999985,46.95063333333336,31.731829527777425,67.67015923360388,100,80,2,90,0
50.17567119444479,64.86709103521606,191.39,0.0,191.39,-141.124,141.2143288055552,8.274263333333352,2.784539019349664,19.386,0.0,0.0,19.386,36.73962916666666,41.559,30.871,3.9160143761386816,-5.035,0.5500333333333333,0.029385783872228243,0.617,0.06696666666666673,2563.3494333333797,189.56388307720115,2981.6,55.388983333333336,46.863616666666665,31.729854564814932,67.68101583843796,100,80,2,90,0
50.175854777777225,64.86830005763154,191.33,0.0,191.33,-141.095,141.15414522222278,8.267432500000025,2.791049523024818,20.109,0.0,0.0,20.109,36.745054166666606,41.574,30.867,3.918823300407305,-5.028000000000002,0.5477333333333333,0.02451970267374869,0.6,0.052266666666666683,2562.610200000042,189.8772677075695,2973.8,55.23280000000002,46.93565000000001,31.729447148147955,67.68386928333011,100,80,2,90,0
50.19078986111052,64.83846746737679,191.38,0.0,191.38,-141.142,141.18921013888948,8.279115000000012,2.7762835395575776,19.194,0.0,0.0,19.194,36.74329166666665,41.57,30.793,3.921044496008585,-5.0660000000000025,0.5509,0.0186190170688511,0.597,0.04610000000000003,2562.285033333359,188.87092778021446,2975.8,55.78435,46.97874999999999,31.737732175925725,67.63337002400323,100,90,2,90,0
50.190993166666416,64.84471031837622,191.34,0.0,191.34,-141.13899999999998,141.1490068333336,8.282526666666687,2.779379784102163,18.931,0.0,0.0,18.931,36.73863749999996,41.562,30.859,3.920317170512651,-5.050999999999998,0.5457833333333332,0.021863282172277603,0.584,0.03821666666666679,2562.735833333384,189.05852645069862,2977.6,55.83131666666668,46.92555000000002,31.73738577777769,67.64595338465065,100,90,2,90,0
50.19256708333248,64.84620672330769,191.38,0.0,191.38,-141.017,141.18743291666752,8.279493333333356,2.7772390067065764,19.023,0.0,0.0,19.023,36.73943749999996,41.582,30.871,3.923808692732773,-5.047000000000001,0.5467,0.021086826154927504,0.604,0.05730000000000002,2562.7977000000046,188.8389246896845,2975.8,55.79871666666668,46.96366666666668,31.73716597222193,67.6445325561692,100,90,2,90,0
50.189287666664995,64.84404903822723,191.38,0.0,191.38,-141.126,141.190712333335,8.281538333333366,2.778259933617835,18.828,0.0,0.0,18.828,36.73096666666665,41.535,30.871,3.9167258943027674,-4.980999999999998,0.5439166666666666,0.024343788868973832,0.596,0.05208333333333337,2566.239500000029,188.4446442780377,2978.8,55.721233333333345,46.94413333333334,31.733930888888338,67.64665276071403,100,90,2,90,0
50.18966436111088,64.84167321587229,191.38,0.0,191.38,-140.971,141.1903356388891,8.273936666666707,2.7739304099517232,19.641,0.0,0.0,19.641,36.72850416666664,41.543,30.824,3.9153381349865093,-4.957000000000004,0.5401166666666666,0.018632113399115895,0.584,0.043883333333333385,2563.3287000000105,189.62894495770144,2977.6,55.57278333333334,46.92008333333333,31.730701731481407,67.63423573922313,100,90,2,90,0
50.18989238888821,64.84594365250898,191.38,0.0,191.38,-141.013,141.19010761111178,8.280123333333357,2.778761444557693,18.974,0.0,0.0,18.974,36.72873749999999,41.559,30.816,3.915085924054557,-5.047000000000001,0.5452499999999999,0.01657098239776743,0.587,0.041750000000000065,2563.218700000047,188.84216797203263,2975.8,55.78599999999998,46.88833333333334,31.73291774074052,67.64127607946443,100,90,2,90,0
50.197462638888176,64.85287141099502,191.31,0.0,191.31,-141.066,141.11253736111183,8.275624166666693,2.773594531488617,19.633,0.0,0.0,19.633,36.725925000000004,41.543,30.828,3.912758372048225,-4.957000000000004,0.5470500000000001,0.02435849832559399,0.591,0.04394999999999982,2562.16390000002,189.5523798520467,2975.6,55.62853333333333,46.86095,31.733003935184957,67.65082444080923,100,90,2,90,0
50.200652333332584,64.85580854614523,191.3,0.0,191.3,-141.055,141.09934766666743,8.28280166666671,2.7796016579379197,19.072,0.0,0.0,19.072,36.724849999999954,41.531,30.801,3.911744248448762,-5.047000000000001,0.5438333333333333,0.02775264022661667,0.604,0.0601666666666667,2562.4829333333637,188.9751596830258,2977.8,55.844583333333325,46.71785000000001,31.736101333333085,67.66316284430977,100,90,2,90,0
50.19716199999915,64.84798506955599,191.31,0.0,191.31,-141.048,141.11283800000086,8.280504166666699,2.778772359004712,19.071,0.0,0.0,19.071,36.72094166666664,41.52,30.801,3.911595535935477,-4.961000000000002,0.5437,0.02839031823512242,0.599,0.055300000000000016,2563.484233333356,189.32061807284347,2975.8,55.78586666666665,46.6329,31.732869277777496,67.65514774679582,100,90,2,90,0
50.19366674999901,64.84974576523899,191.31,0.0,191.31,-141.076,141.116333250001,8.278166666666694,2.7760849564257395,19.084,0.0,0.0,19.084,36.72227499999997,41.535,30.789,3.912047322108771,-4.969000000000005,0.5452666666666668,0.020336046869042324,0.592,0.04673333333333318,2561.5410000000625,189.54704499422917,2977.6,55.805633333333304,46.59320000000002,31.73136947222189,67.64616676853377,100,90,2,90,0
50.218050305554854,64.84312019132066,191.41,0.0,191.41,-141.066,141.19194969444516,8.279816666666695,2.7812076363190066,20.479,0.0,0.0,20.479,36.71851249999998,41.527,30.816,3.913759199410818,-4.965,0.5447499999999998,0.022156320596454653,0.608,0.06325000000000014,2561.838133333371,188.5562211488602,2975.4,55.81158333333333,46.72301666666668,31.738793157407176,67.64648414823613,100,100,2,90,0
50.21478211110968,64.83186087641623,191.33,0.0,191.33,-141.105,141.11521788889033,8.28179916666669,2.773715414054665,20.046,0.0,0.0,20.046,36.70011249999997,41.559,30.785,3.9336649173323677,-5.034999999999997,0.5453166666666666,0.02653778353220666,0.605,0.05968333333333342,2562.793066666709,189.0663621592841,2978.0,55.79643333333334,47.20505,31.732231259258782,67.6321140740031,100,100,2,90,0
50.23149241666576,64.85512266087676,191.33,0.0,191.33,-141.093,141.09850758333425,8.281290000000029,2.7755485053387026,20.131,0.0,0.0,20.131,36.70954999999999,41.52,30.766,3.9280333913867604,-4.956999999999997,0.5454833333333333,0.02615565639745866,0.611,0.06551666666666667,2564.647633333375,188.96811922318008,2979.6,55.74515000000002,47.04003333333332,31.740777472221925,67.65682682261293,100,100,2,90,0
50.210908888888305,64.83242133243492,191.34,0.0,191.34,-141.07899999999998,141.1290911111117,8.28151083333336,2.7695780470464344,19.912,0.0,0.0,19.912,36.69702499999999,41.52,30.789,3.930450018337941,-5.106000000000002,0.5423500000000001,0.024804882652208413,0.597,0.054649999999999865,2563.500533333363,188.7141283796488,2977.6,55.74496666666666,46.95,31.729814907407217,67.62680426213356,100,100,2,90,0
50.21166913888793,64.83342272107203,191.34,0.0,191.34,-141.13,141.1283308611121,8.27892833333335,2.77493904205176,20.176,0.0,0.0,20.176,36.681395833333326,41.496,30.785,3.9382021658019712,-5.016000000000002,0.5444333333333333,0.02370036591769771,0.594,0.04956666666666665,2563.0359666667123,188.6573119087136,2979.4,55.72699999999999,47.241299999999995,31.723997768518203,67.63206212904147,100,100,2,90,0
50.21626797222147,64.83638411576975,191.32,0.0,191.32,-141.03799999999998,141.1037320277785,8.282839166666683,2.7795112209083217,20.479,0.0,0.0,20.479,36.67776666666664,41.496,30.777,3.936871050615847,-5.035000000000004,0.54595,0.024490347458622694,0.595,0.04904999999999993,2563.125500000061,188.76066025762225,2975.4,55.79061666666667,47.13918333333332,31.725624601851603,67.64038568413669,100,100,2,90,0
50.21700738888831,64.83560208120682,191.41,0.0,191.41,-140.946,141.1929926111117,8.283661666666688,2.777818668066325,20.163,0.0,0.0,20.163,36.676966666666644,41.492,30.789,3.932728895807833,-5.117000000000001,0.5410166666666665,0.022351954881075817,0.598,0.0569833333333335,2564.1814000000363,188.3021833279716,2977.6,55.72109999999999,47.05143333333333,31.725878574073885,67.63577270415422,100,100,2,90,0
50.227232222221964,64.84389589375208,191.28,0.0,191.28,-141.10399999999998,141.05276777777803,8.283688333333364,2.784206742895819,20.479,0.0,0.0,20.479,36.671220833333315,41.492,30.773,3.9310371406586575,-5.117000000000001,0.5410333333333335,0.015956473280396975,0.578,0.03696666666666648,2564.5942666666733,188.74246987306415,2977.4,55.706033333333366,46.956716666666665,31.727380462962884,67.64405910992829,100,100,2,90,0
50.22326769444425,64.83626223354611,191.41,0.0,191.41,-141.08399999999997,141.18673230555575,8.28531666666668,2.7838301070245297,20.479,0.0,0.0,20.479,36.663295833333315,41.488,30.785,3.928653469531841,-5.043000000000003,0.5487666666666667,0.030375819256115953,0.622,0.07323333333333326,2563.6539666667027,189.75135498080567,2981.8,55.776716666666665,46.919866666666685,31.723960064814747,67.65046815982676,100,100,2,90,0
50.21650749999921,64.84016862791529,191.41,0.0,191.41,-141.123,141.1934925000008,8.28055583333335,2.7807526117562364,20.479,0.0,0.0,20.479,36.66886666666664,41.488,30.777,3.923190725887232,-5.0589999999999975,0.5451166666666665,0.027718984295884277,0.598,0.052883333333333504,2560.4742333333716,189.31845987459096,2975.8,55.85918333333334,46.83036666666665,31.721976666666404,67.64864022396742,100,100,2,90,0
50.29906661110926,64.95180143059659,191.41,0.0,191.41,-141.128,141.11093338889074,8.327602500000017,2.770754421250552,20.479,0.0,0.0,20.479,36.667587499999975,41.496,30.695,3.9337493321526344,-5.120999999999999,0.5442666666666668,0.022899831001276072,0.596,0.05173333333333319,2549.226766666685,188.74390558071326,2969.4,56.93161666666668,46.978833333333334,31.764752203703086,67.74545568284843,100,100,1,90,1
50.239763361109944,65.01559375049057,191.41,0.0,191.41,-141.31799999999998,141.17023663889006,8.308195833333363,2.799536339094547,20.479,0.0,0.0,20.479,36.67179583333332,41.504,30.773,3.9350552892798953,-5.132999999999999,0.5509833333333333,0.022195962120693837,0.593,0.0420166666666667,2550.722133333381,190.3144966050981,2960.6,56.07418333333335,46.96976666666668,31.73991834259221,67.8373260517058,100,73,1,90,0
50.231349722221346,65.00676494604826,191.48,0.0,191.48,-141.49,141.24865027777864,8.307320833333346,2.798725786482587,20.479,0.0,0.0,20.479,36.6648875,41.504,30.723,3.9350126910219974,-5.117000000000001,0.5533499999999998,0.023989280798313608,0.62,0.06665000000000021,2549.1920333333633,189.9532781796112,2957.6,56.0616,46.92803333333334,31.73451935185156,67.82948001332917,100,73,1,90,0
50.23767577777681,65.01356770768693,191.44,0.0,191.44,-141.32899999999998,141.20232422222318,8.3110666666667,2.797600697372752,20.431,0.0,0.0,20.431,36.66621666666664,41.496,30.711,3.93907445893404,-5.1370000000000005,0.5515333333333333,0.021697040856321924,0.594,0.04246666666666665,2552.212233333395,189.5005705568872,2960.6,56.02631666666668,46.935766666666645,31.738319703703382,67.83286544591601,100,73,1,90,0
50.23854108333259,65.00680577651049,191.55,0.0,191.55,-141.541,141.31145891666742,8.312317500000033,2.797273620828902,20.387,0.0,0.0,20.387,36.65787916666666,41.492,30.699,3.949005847827404,-5.129000000000001,0.5475500000000001,0.022855793316697463,0.599,0.051449999999999885,2553.3012333333536,189.65087605284128,2963.6,56.01075000000002,46.92974999999999,31.73624591666643,67.82693519065609,100,73,1,90,0
50.238152361110124,65.01146154499423,191.44,0.0,191.44,-141.326,141.2018476388899,8.311042500000022,2.7923881900379888,20.211,0.0,0.0,20.211,36.67785416666665,41.508,30.695,3.928487769938959,-5.042999999999999,0.5505666666666669,0.019445156833869565,0.612,0.06143333333333312,2552.866000000013,190.05795167483123,2965.4,56.06706666666668,46.57548333333334,31.742349675925595,67.82329489186608,100,73,1,90,0
50.24159041666608,65.00855493449612,191.39,0.0,191.39,-141.349,141.14840958333392,8.310860000000018,2.799734165934315,20.479,0.0,0.0,20.479,36.666158333333314,41.492,30.777,3.9297665958474193,-5.148000000000003,0.5484333333333334,0.023255665733333975,0.592,0.04356666666666653,2553.311900000014,189.92518853818083,2963.4,56.00663333333336,46.66823333333332,31.739536249999805,67.83154476616376,100,73,1,90,0
50.23263361111072,65.00194246193578,191.44,0.0,191.44,-141.37099999999998,141.20736638888928,8.31219750000001,2.800743983756079,20.479,0.0,0.0,20.479,36.66000416666667,41.488,30.734,3.929527404056298,-5.046999999999997,0.5477666666666666,0.02323452039214725,0.598,0.05023333333333335,2552.380733333399,190.24284797506365,2964.4,56.03535,46.61868333333333,31.734945092592465,67.82592096608401,100,73,1,90,0
50.24205136110998,65.00432398857045,191.44,0.0,191.44,-141.402,141.19794863889,8.313548333333351,2.8009589989428063,20.479,0.0,0.0,20.479,36.63673333333334,41.477,30.707,3.945130256443611,-5.1129999999999995,0.5515666666666664,0.027009958406249788,0.6,0.04843333333333355,2551.3678666666947,190.76048829557098,2966.4,56.10375,47.11660000000002,31.730777675925555,67.8322929459195,100,73,1,90,0
50.23551633333203,64.99830711634479,191.38,0.0,191.38,-141.60999999999999,141.14448366666795,8.31376250000002,2.7978869030089073,20.456,0.0,0.0,20.456,36.62240416666665,41.426,30.684,3.951318866626259,-5.109000000000002,0.5484999999999999,0.026458474019822577,0.604,0.055500000000000105,2551.2250000000613,189.8299075329429,2961.6,56.09386666666665,47.175049999999985,31.723894333332897,67.82265249337351,100,73,1,90,0
50.233141444443774,65.00803436582237,191.41,0.0,191.41,-141.32100000000003,141.17685855555624,8.309648333333351,2.8014613340187697,20.479,0.0,0.0,20.479,36.62819999999997,41.426,30.699,3.9332101661211367,-5.121000000000002,0.5547166666666666,0.025611234072852915,0.609,0.05428333333333335,2548.7465000000634,191.79634611782194,2965.2,56.16776666666668,46.866016666666674,31.72366325925903,67.83510693391399,100,73,1,90,0
50.25949761110977,64.98805751110243,191.48,0.0,191.48,-141.46800000000002,141.22050238889022,8.32292083333336,2.769938304621389,19.291,0.0,0.0,19.291,36.62382083333335,41.441,30.695,3.936190731941891,-5.039000000000005,0.5580666666666665,0.026418962544371476,0.619,0.060933333333333506,2546.703766666704,189.5647963832337,2959.6,56.74974999999998,46.94998333333332,31.735413092592164,67.78441477826819,100,80,1,90,0
50.268433999999,64.98953762638006,191.43,0.0,191.43,-141.402,141.16156600000102,8.318577500000023,2.7786729167552284,19.996,0.0,0.0,19.996,36.642124999999986,41.434,30.785,3.9106155452139015,-5.062999999999995,0.55345,0.02056855012482132,0.601,0.04754999999999998,2547.960800000079,189.36886762268355,2958.4,56.50581666666666,46.52941666666667,31.74304549999967,67.7887790932601,100,80,1,90,0
50.268815888888376,64.99304175268944,191.52,0.0,191.52,-141.512,141.25118411111163,8.325245833333366,2.7700695080868156,19.294,0.0,0.0,19.294,36.62009166666664,41.422,30.707,3.936294290916285,-5.1129999999999995,0.5537500000000003,0.023649721394424443,0.61,0.05624999999999969,2549.2060000000415,189.9759527267484,2965.2,56.78335,46.921416666666666,31.738051129629458,67.78676098217068,100,80,1,90,0
50.273414861110076,64.99621782803959,191.44,0.0,191.44,-141.431,141.16658513888993,8.315176666666694,2.781082868906521,20.115,0.0,0.0,20.115,36.610112500000014,41.434,30.695,3.9460375771794864,-5.136999999999997,0.5522166666666666,0.020401970382299475,0.598,0.0457833333333334,2548.8326666666885,189.5592539498276,2961.6,56.49761666666669,47.00019999999999,31.73290134259226,67.79770266732841,100,80,1,90,0
50.269374749998995,64.98851661899533,191.51,0.0,191.51,-141.28900000000002,141.240625250001,8.322289166666696,2.770626500731336,19.459,0.0,0.0,19.459,36.60665416666667,41.422,30.695,3.9434683554827545,-5.027000000000001,0.5461500000000001,0.0199744115969424,0.583,0.03684999999999983,2550.231433333362,188.83757969181576,2961.8,56.6513666666667,46.96903333333333,31.732772694444122,67.77911753132362,100,80,1,90,0
50.2790202777765,64.9916801298245,191.47,0.0,191.47,-141.49800000000002,141.1909797222235,8.326449166666693,2.7737901661181974,19.3,0.0,0.0,19.3,36.5834875,41.398,30.613,3.9489735067692306,-5.027000000000001,0.5485333333333334,0.02662321318372348,0.61,0.06146666666666656,2551.381166666716,189.0198458425092,2961.8,56.68531666666665,47.159499999999994,31.7296523148144,67.79209350912643,100,80,1,90,0
50.27527633333246,64.98840570984646,191.49,0.0,191.49,-141.36599999999999,141.21472366666757,8.3240591666667,2.771602756625322,19.486,0.0,0.0,19.486,36.58761666666667,41.395,30.695,3.928657086735923,-5.0589999999999975,0.5468500000000003,0.023775664099869635,0.593,0.04614999999999969,2550.9910666666883,189.21346674112527,2961.0,56.613350000000004,46.945949999999996,31.728984055555276,67.78378413057166,100,80,1,90,0
50.28204158333226,64.9990984917807,191.47,0.0,191.47,-141.24,141.18795841666775,8.32046166666669,2.7805583442512725,19.926,0.0,0.0,19.926,36.58634166666665,41.395,30.687,3.9300618762806647,-5.054999999999996,0.5514500000000001,0.019574650677663223,0.586,0.03454999999999986,2551.265400000056,188.93943751375642,2960.4,56.46164999999999,46.9527,31.729614972221867,67.79923148670964,100,80,1,90,0
50.278709305554635,64.99194388383043,191.44,0.0,191.44,-141.24800000000002,141.16129069444537,8.320974166666685,2.7780750969936756,19.885,0.0,0.0,19.885,36.58175833333335,41.395,30.687,3.9336161107870242,-5.047000000000004,0.5482999999999999,0.021146222165304287,0.59,0.04170000000000007,2550.6412000000255,188.9153242130287,2963.2,56.489233333333324,46.96071666666666,31.727147268518223,67.7911652029894,100,80,1,90,0
50.270083333332096,64.98550734796466,191.52,0.0,191.52,-141.495,141.2499166666679,8.32374666666671,2.7727567405816407,19.438,0.0,0.0,19.438,36.57625416666666,41.371,30.633,3.932551046090577,-5.035000000000004,0.5489833333333335,0.021988048885367473,0.6,0.05101666666666649,2549.232033333355,189.54652540932534,2961.6,56.722283333333344,46.928933333333326,31.723361388888488,67.78025213743166,100,80,1,90,0
50.294640722221025,64.97000598110131,191.47,0.0,191.47,-141.37,141.17535927777897,8.334495000000032,2.768778890671757,19.114,0.0,0.0,19.114,36.56462500000002,41.371,30.605,3.9413036871299454,-5.165000000000003,0.5502166666666667,0.02550579307188835,0.617,0.0667833333333333,2548.665833333391,188.00867431116467,2965.8,57.10608333333333,47.110566666666664,31.73125357407369,67.76429066484495,100,90,1,90,0
50.29295380555403,64.96090968092204,191.46,0.0,191.46,-141.294,141.167046194446,8.330389166666695,2.762486763222608,19.604,0.0,0.0,19.604,36.544879166666675,41.344,30.605,3.9501176750099587,-5.055,0.5456500000000003,0.022387061184411312,0.588,0.042349999999999666,2548.9891666666886,188.4956289935229,2958.6,56.98793333333334,47.26723333333332,31.722740712962466,67.74578350532907,100,90,1,90,0
50.293605138887656,64.96141861070178,191.41,0.0,191.41,-141.363,141.11639486111233,8.32710333333337,2.7649943946883093,19.912,0.0,0.0,19.912,36.550220833333356,41.344,30.617,3.9358120837458657,-4.957000000000001,0.5478833333333333,0.02345359042779594,0.593,0.045116666666666694,2548.8304000000267,188.78795176324633,2961.8,56.91245,47.08505000000001,31.72364310185146,67.74986659581789,100,90,1,90,0
50.30201024999877,64.97177121155335,191.38,0.0,191.38,-141.475,141.07798975000122,8.327191666666682,2.7649687828688205,19.893,0.0,0.0,19.893,36.53907083333335,41.344,30.613,3.9428662809694677,-5.073999999999998,0.5447833333333334,0.01631479693008944,0.578,0.03321666666666656,2549.904199999999,188.34028680281205,2961.4,56.82984999999998,47.13703333333332,31.722757583332935,67.75305479135226,100,90,1,90,0
50.30631772222083,64.97097010890471,191.41,0.0,191.41,-141.306,141.10368227777917,8.328065000000027,2.7670394229962363,19.924,0.0,0.0,19.924,36.52139166666669,41.344,30.613,3.9472918258078242,-5.035,0.5475166666666669,0.019738538117237782,0.589,0.041483333333333094,2549.6678000000475,188.4546969396795,2960.6,56.87045000000001,47.22615000000001,31.718591462962518,67.75774807001818,100,90,1,90,0
50.296878388887876,64.9636904289995,191.49,0.0,191.49,-141.232,141.19312161111213,8.328102500000027,2.762194095070581,19.501,0.0,0.0,19.501,36.51793333333334,41.34,30.602,3.9450813997644065,-5.074000000000002,0.5501333333333336,0.020325709416323823,0.596,0.04586666666666639,2550.0350666666827,189.0873074145903,2960.4,56.923716666666664,47.01203333333333,31.714304740740413,67.74621023348641,100,90,1,90,0
50.299990722221146,64.96814640994823,191.47,0.0,191.47,-141.361,141.17000927777886,8.324313333333357,2.7626240149591315,19.653,0.0,0.0,19.653,36.516654166666704,41.344,30.613,3.9454328823150524,-5.038999999999998,0.5412833333333334,0.016483264925337755,0.57,0.0287166666666665,2549.537900000014,188.83305146030617,2961.6,56.87026666666668,46.93941666666667,31.7136527407404,67.7472536898327,100,90,1,90,0
50.304256055553786,64.96802108292825,191.54,0.0,191.54,-141.33599999999998,141.2357439444462,8.326659166666701,2.7643743552527917,19.801,0.0,0.0,19.801,36.51037083333335,41.344,30.605,3.9442723114572322,-5.043000000000003,0.5484000000000003,0.01844570594465306,0.582,0.03359999999999963,2550.712033333333,188.28572883026942,2959.8,56.80451666666665,46.96711666666667,31.713762018517944,67.7508411441257,100,90,1,90,0
50.29822488888828,64.96102818792684,191.44,0.0,191.44,-141.441,141.1417751111117,8.32718750000003,2.766695989730966,19.841,0.0,0.0,19.841,36.50153333333337,41.344,30.605,3.937219639873815,-5.074999999999999,0.5506333333333333,0.020375264720473636,0.603,0.05236666666666667,2551.615233333368,188.84590715903977,2963.6,56.78981666666666,46.89043333333333,31.708981907407225,67.74809944237828,100,90,1,90,0
50.29652083333233,64.96744671280908,191.52,0.0,191.52,-141.524,141.2234791666677,8.324769166666679,2.7642983595118014,19.883,0.0,0.0,19.883,36.50555000000001,41.344,30.605,3.9413165267479773,-5.0710000000000015,0.5431166666666668,0.017458999589514464,0.575,0.03188333333333315,2550.696400000027,189.14630157880475,2963.6,56.830833333333345,46.891516666666675,31.70894666666634,67.74920407191038,100,90,1,90,0
50.31450688888767,64.95307163705051,191.46,0.0,191.46,-141.379,141.14549311111233,8.330062500000029,2.7688585295311765,20.479,0.0,0.0,20.479,36.49872500000003,41.34,30.602,3.9359695768428695,-5.055,0.5449499999999998,0.024032058391000834,0.605,0.06005000000000016,2550.0383666666758,188.34643859517882,2963.6,57.004000000000005,46.871750000000006,31.71443146296258,67.74596222497269,100,100,1,90,0
50.31903877777618,64.95248273456554,191.39,0.0,191.39,-141.279,141.07096122222381,8.335647500000018,2.770422350456757,20.479,0.0,0.0,20.479,36.48861666666667,41.344,30.555,3.9348433593324357,-5.055,0.5544333333333333,0.02529444681245315,0.608,0.05356666666666665,2549.3606666666687,188.36305419655218,2962.4,57.09811666666667,46.79593333333334,31.714434314814287,67.74819953183474,100,100,1,90,0
50.31816622222097,64.95096184056762,191.46,0.0,191.46,-141.29999999999998,141.14183377777903,8.335549166666695,2.7698701021711694,20.479,0.0,0.0,20.479,36.48475833333337,41.344,30.535,3.939932626902747,-5.128999999999998,0.54895,0.02521462112830702,0.607,0.058049999999999935,2550.681766666687,188.7105029311608,2963.6,57.00784999999999,46.914383333333326,31.712824574073675,67.7460465638671,100,100,1,90,0
50.31806030555382,64.94847821200923,191.52,0.0,191.52,-141.358,141.2019396944462,8.330495000000028,2.7667597156984938,20.354,0.0,0.0,20.354,36.47913750000001,41.332,30.602,3.9307069761658755,-5.050999999999998,0.5443833333333336,0.022040095716875607,0.591,0.04661666666666642,2550.66506666672,188.35533844814665,2962.4,56.9788,46.75278333333333,31.70923093518462,67.73727802342461,100,100,1,90,0
50.323965666664606,64.9558036708927,191.47,0.0,191.47,-141.444,141.1460343333354,8.334520000000019,2.7698805825585144,20.479,0.0,0.0,20.479,36.467941666666654,41.324,30.555,3.9229739813702142,-4.957000000000001,0.5427833333333335,0.018634842221837238,0.584,0.04121666666666646,2550.8058666667157,187.97530136847672,2963.6,57.04378333333336,46.73673333333334,31.708809111110426,67.74431909567306,100,100,1,90,0
50.32813266666523,64.95831717195227,191.55,0.0,191.55,-141.509,141.22186733333479,8.336695833333353,2.7725294840210046,20.479,0.0,0.0,20.479,36.46660000000002,41.324,30.566,3.9217103889623717,-5.059000000000001,0.5527333333333334,0.023311353650947577,0.608,0.055266666666666575,2551.7150666667017,188.2917221452755,2965.6,57.01409999999997,46.68216666666665,31.7104761666662,67.75415800962423,100,100,1,90,0
50.31644905555459,64.9449609168814,191.39,0.0,191.39,-141.385,141.0735509444454,8.337488333333356,2.7721166796514702,20.479,0.0,0.0,20.479,36.46032916666666,41.34,30.551,3.9332641937144,-5.011000000000003,0.5500166666666667,0.02507310779427384,0.613,0.06298333333333328,2553.1034000000827,187.5983266195759,2967.6,57.00386666666667,46.84296666666669,31.7047555185182,67.74215070432714,100,100,1,90,0
50.32204416666603,64.94902635200971,191.44,0.0,191.44,-141.455,141.11795583333395,8.338642500000027,2.7719618401768416,20.479,0.0,0.0,20.479,36.440783333333336,41.289,30.535,3.9449424232469616,-5.108999999999998,0.5529833333333333,0.02337425185364257,0.596,0.0430166666666667,2548.4133000000575,189.51086420322144,2965.8,57.10063333333333,47.20358333333335,31.7004899999998,67.74436244404019,100,100,1,90,0
50.333529361109726,64.96204620112673,191.48,0.0,191.48,-141.368,141.14647063889026,8.339523333333355,2.773950374770662,20.479,0.0,0.0,20.479,36.450166666666654,41.312,30.523,3.930782057958538,-4.953000000000003,0.5550333333333332,0.022306012465037193,0.61,0.05496666666666683,2547.8180000000534,187.40516586271576,2959.0,57.10644999999999,46.964516666666675,31.707739787036576,67.75830258836243,100,100,1,90,0
50.326882249999215,64.95305617204583,191.38,0.0,191.38,-141.28500000000003,141.05311775000078,8.339779166666693,2.7728773246600693,20.479,0.0,0.0,20.479,36.46353333333334,41.316,30.551,3.9187146640360413,-4.961000000000002,0.5585666666666664,0.026684196215805613,0.606,0.04743333333333355,2550.34213333337,189.09206288513693,2963.2,57.06556666666666,46.616799999999984,31.710064916666415,67.75261769292172,100,100,1,90,0
50.45900186110883,65.1276349911704,191.67,0.0,191.67,-141.40200000000002,141.21099813889117,8.430970833333358,2.74805187133642,20.479,0.0,0.0,20.479,36.46395416666667,41.328,30.547,3.921868864609825,-5.0269999999999975,0.5509999999999999,0.02423682588157035,0.609,0.05800000000000005,2539.040566666725,188.08410552942627,2959.0,59.07923333333335,46.46369999999999,31.784642287036288,67.89992368838838,100,100,0,90,1
50.3909991388864,65.1861581689416,191.71,0.0,191.71,-141.803,141.3190008611136,8.40959583333336,2.7817356110872518,20.479,0.0,0.0,20.479,36.47081666666673,41.34,30.555,3.9220320601561394,-5.038999999999998,0.5567,0.02565633367469166,0.608,0.05130000000000001,2541.4277000000598,190.47688251641506,2951.0,58.113400000000006,46.485533333333336,31.757137212962164,67.99355011370355,100,73,0,90,0
50.3973019444422,65.19437649563217,191.71,0.0,191.71,-141.69899999999998,141.3126980555578,8.40833833333337,2.7838085363706075,20.479,0.0,0.0,20.479,36.48192916666665,41.332,30.605,3.9274138199269606,-5.047000000000001,0.5503666666666668,0.02050379598312257,0.592,0.04163333333333319,2540.132800000041,188.99369149982525,2947.4,58.16079999999997,46.552283333333335,31.76252314814741,67.9986888279859,100,73,0,90,0
50.3914011944419,65.18630115403353,191.66,0.0,191.66,-141.888,141.2685988055581,8.411266666666688,2.782147840738997,20.479,0.0,0.0,20.479,36.481575000000014,41.332,30.551,3.9413028943246315,-5.038999999999998,0.5618166666666669,0.02575799475474187,0.619,0.05718333333333314,2541.6603333333487,188.84714370932403,2950.8,58.11373333333333,46.69206666666667,31.7614142870362,67.99420698952727,100,73,0,90,0
50.39622763888653,65.18875423513379,191.81,0.0,191.81,-141.832,141.41377236111347,8.41105750000001,2.7831832233804104,20.479,0.0,0.0,20.479,36.49111249999999,41.332,30.535,3.936177855309604,-5.043000000000003,0.5552666666666668,0.025457086966818438,0.609,0.05373333333333319,2539.108066666682,187.7461119935386,2942.4,58.16473333333334,46.57963333333334,31.766132546295513,67.99739454548101,100,73,0,90,0
50.40067461110922,65.1922470832418,191.68,0.0,191.68,-141.698,141.27932538889078,8.411445000000036,2.784457899388956,20.479,0.0,0.0,20.479,36.493804166666685,41.34,30.555,3.9388186533633394,-5.063000000000002,0.5565333333333332,0.029757475441185656,0.637,0.0804666666666668,2542.136466666668,190.00725497466158,2952.2,58.11693333333335,46.558333333333316,31.768641259258647,68.00646245807194,100,73,0,90,0
50.40633630555355,65.20004012139981,191.66,0.0,191.66,-141.767,141.25366369444646,8.412580833333344,2.781927621789737,20.442,0.0,0.0,20.442,36.495895833333336,41.328,30.539,3.9406446058488958,-5.125,0.5509166666666668,0.026367218776137527,0.605,0.05408333333333315,2544.116366666631,188.50193205516572,2951.0,58.09241666666666,46.57419999999998,31.77160432407341,68.00833496196569,100,73,0,90,0
50.41247186110912,65.20221686032978,191.81,0.0,191.81,-141.709,141.3975281388909,8.414779166666678,2.785582691198958,20.479,0.0,0.0,20.479,36.49423333333334,41.324,30.535,3.937811513842367,-5.050999999999998,0.5607333333333334,0.027096104333584482,0.618,0.05726666666666658,2545.236066666642,189.2208560419695,2949.2,58.118533333333325,46.55746666666666,31.77382812036971,68.01489565586232,100,73,0,90,0
50.40358844444237,65.18765504369982,191.76,0.0,191.76,-141.811,141.35641155555763,8.413549166666701,2.7819073723088015,20.479,0.0,0.0,20.479,36.493508333333345,41.328,30.555,3.9374854867147464,-5.047000000000001,0.5612666666666666,0.03042348928977363,0.642,0.08073333333333343,2544.603400000001,189.35647463850094,2953.2,58.08498333333332,46.44476666666669,31.77021531481414,67.9999859052984,100,73,0,90,0
50.404179222220414,65.19439538950071,191.7,0.0,191.7,-141.81099999999998,141.29582077777957,8.413040833333355,2.784148587743028,20.479,0.0,0.0,20.479,36.47625,41.324,30.523,3.948920415467846,-5.02,0.5561166666666665,0.02431996575785574,0.622,0.06588333333333352,2544.0592000000197,188.9865843656767,2953.0,58.08344999999997,46.68149999999999,31.76449001851792,68.0028639430016,100,73,0,90,0
50.40733505555342,65.19675534406899,191.63,0.0,191.63,-141.86100000000002,141.2226649444466,8.414580000000019,2.781255114202081,20.479,0.0,0.0,20.479,36.471237499999994,41.332,30.527,3.9364591428751177,-5.125,0.5537500000000001,0.02759490557257482,0.619,0.06524999999999992,2546.271266666635,188.82039799285081,2951.2,58.05524999999999,46.37893333333333,31.76438418518448,68.00560536384364,100,73,0,90,0
50.444189333331884,65.18229820249906,191.73,0.0,191.73,-141.87099999999998,141.2858106666681,8.421035000000023,2.7619559915980925,20.033,0.0,0.0,20.033,36.45655833333333,41.34,30.516,3.950880291287107,-4.952999999999999,0.5577833333333332,0.0282879214007523,0.609,0.0512166666666668,2545.300233333321,188.34580737871073,2949.6,58.441866666666684,46.55278333333335,31.773927555555076,67.97254211549789,100,80,0,90,0
50.435894833331545,65.17080129494327,191.77,0.0,191.77,-141.815,141.33410516666845,8.421760833333348,2.758702717922115,19.891,0.0,0.0,19.891,36.464641666666644,41.34,30.535,3.937840248264367,-5.031000000000002,0.5584333333333333,0.030238244202158582,0.623,0.06456666666666666,2544.066433333346,188.9995711448249,2951.4,58.51209999999998,46.371750000000006,31.774099111110512,67.95974225706755,100,80,0,90,0
50.43498705555332,65.17866375211176,191.75,0.0,191.75,-141.87599999999998,141.31501294444666,8.426419166666676,2.759607474740718,19.287,0.0,0.0,19.287,36.44459166666668,41.324,30.535,3.953617957504893,-5.112999999999996,0.5488166666666668,0.024262331595773644,0.609,0.060183333333333144,2542.2045333333804,188.56934195560478,2951.2,58.79599999999997,46.68671666666666,31.768665962962228,67.96253355844826,100,80,0,90,0
50.44562952777552,65.18247248461542,191.75,0.0,191.75,-141.804,141.3043704722245,8.42214500000003,2.759931506198555,20.076,0.0,0.0,20.076,36.435720833333306,41.312,30.457,3.9501161416619825,-5.1370000000000005,0.5566999999999998,0.022833442615928814,0.603,0.04630000000000023,2543.332466666655,187.01875835125406,2950.2,58.49903333333332,46.74888333333331,31.767831787036286,67.9652374334299,100,80,0,90,0
50.432162472219986,65.17657614132938,191.77,0.0,191.77,-141.726,141.33783752778004,8.419702500000025,2.761303092678367,20.084,0.0,0.0,20.084,36.411825000000015,41.273,30.441,3.965305640528022,-5.231000000000002,0.5550999999999999,0.02917782998634174,0.621,0.06590000000000007,2542.7481666667363,188.46568155898606,2953.6,58.48706666666667,47.20065000000001,31.75456332407334,67.96705706399408,100,80,0,90,0
50.43810144444259,65.18158838345204,191.73,0.0,191.73,-141.83499999999998,141.2918985555574,8.419966666666694,2.7583892833356405,20.039,0.0,0.0,20.039,36.426933333333345,41.285,30.445,3.938383746043777,-5.1129999999999995,0.5447833333333334,0.018626654554347782,0.59,0.04521666666666657,2541.663666666692,187.85575151460867,2949.6,58.55101666666665,46.61371666666667,31.76166714814754,67.95860432134204,100,80,0,90,0
50.44375733333096,65.18274563630163,191.82,0.0,191.82,-141.839,141.37624266666904,8.42111000000002,2.76004582667954,20.191,0.0,0.0,20.191,36.42523333333334,41.25,30.527,3.935770815463592,-4.969000000000001,0.5471166666666668,0.022907397714635687,0.604,0.056883333333333175,2543.0850000000737,188.0486666756944,2951.6,58.49208333333331,46.574366666666684,31.763366888888104,67.96569886069581,100,80,0,90,0
50.44541411110926,65.18448101755679,191.82,0.0,191.82,-141.814,141.37458588889075,8.42216583333335,2.7554649606355697,19.881,0.0,0.0,19.881,36.43401250000003,41.27,30.539,3.9028683685124643,-5.027000000000001,0.5453500000000002,0.02193659970869825,0.585,0.03964999999999974,2543.0411666667173,187.85804887306077,2951.4,58.57749999999999,46.08948333333333,31.767197481480878,67.96188257790105,100,80,0,90,0
50.43991783333096,65.1800967727036,191.76,0.0,191.76,-141.82,141.32008216666904,8.427033333333348,2.7559896751978328,19.546,0.0,0.0,19.546,36.39516666666665,41.23,30.469,3.950477979307444,-5.109000000000002,0.5435833333333334,0.022498430579288693,0.595,0.051416666666666555,2542.839633333367,187.96306861116585,2949.8,58.686999999999976,46.89409999999999,31.754039277776986,67.95858487848074,100,80,0,90,0
50.44176933333154,65.18743293842543,191.88,0.0,191.88,-141.999,141.43823066666846,8.423181666666688,2.7552630084141096,19.583,0.0,0.0,19.583,36.40069166666665,41.246,30.445,3.934981655937706,-5.035,0.5558333333333333,0.025332478427442406,0.617,0.0611666666666667,2540.6484000000273,188.21499204715838,2949.6,58.70868333333332,46.68300000000001,31.75521422222163,67.96802842526698,100,80,0,90,0
50.462341805552974,65.17158615571734,191.87,0.0,191.87,-141.966,141.40765819444704,8.429135833333346,2.746001523006303,19.434,0.0,0.0,19.434,36.39925833333332,41.23,30.449,3.9265309142869063,-5.132999999999999,0.5478,0.023171285561579668,0.592,0.04420000000000002,2538.5088666667198,188.09397994689854,2949.8,59.10148333333334,46.583216666666665,31.763578657406544,67.94075896428521,100,90,0,90,0
50.46232733333118,65.16804893155981,191.7,0.0,191.7,-141.861,141.2376726666688,8.43206416666669,2.745394133970872,19.363,0.0,0.0,19.363,36.39526250000002,41.223,30.445,3.9249381310383837,-4.9609999999999985,0.5544166666666667,0.02612375480232025,0.608,0.053583333333333316,2538.18190000008,188.0584339192246,2951.0,59.18483333333333,46.602799999999995,31.7632179999993,67.939566820333,100,90,0,90,0
50.46649049999782,65.17080469624364,191.73,0.0,191.73,-141.768,141.26350950000216,8.426608333333359,2.7459302362434155,19.878,0.0,0.0,19.878,36.385091666666675,41.164,30.527,3.915576317671749,-4.968999999999998,0.5557166666666666,0.022145965440927007,0.612,0.05628333333333335,2538.1190000000197,187.46799403399822,2946.6,59.014083333333346,46.48778333333332,31.75939683333262,67.93888089792797,100,90,0,90,0
50.45962661110901,65.1599004892807,191.84,0.0,191.84,-141.845,141.380373388891,8.426080833333364,2.7437578851050315,19.784,0.0,0.0,19.784,36.38187083333337,41.164,30.523,3.9156200805294334,-4.980999999999998,0.5563666666666667,0.026527227245053964,0.621,0.06463333333333332,2538.2068333333546,188.37961938633092,2950.0,58.968566666666675,46.494199999999985,31.75585942592525,67.93018560163078,100,90,0,90,0
50.47769677777488,65.17244857448695,191.81,0.0,191.81,-141.82799999999997,141.3323032222251,8.426466666666686,2.7479686215778623,19.876,0.0,0.0,19.876,36.36154166666666,41.141,30.469,3.9192102000784397,-4.968999999999998,0.5484166666666668,0.024169803030456672,0.599,0.0505833333333332,2539.5484333333725,186.92279035956224,2947.6,58.885299999999994,46.590033333333324,31.755235037036073,67.94458699909528,100,90,0,90,0
50.47982399999711,65.1698128993227,191.82,0.0,191.82,-141.82,141.34017600000288,8.431066666666682,2.7466304692600674,19.776,0.0,0.0,19.776,36.35489166666669,41.141,30.461,3.922044960783501,-4.952999999999996,0.5513166666666667,0.022482755475815453,0.605,0.053683333333333305,2543.2120000000496,187.59535198225876,2953.4,58.894066666666646,46.71348333333334,31.755260777776826,67.93892612405858,100,90,0,90,0
50.47824511110908,65.16667138615514,191.81,0.0,191.81,-141.87599999999998,141.3317548888909,8.433739166666681,2.747337363391971,19.709,0.0,0.0,19.709,36.35582916666668,41.129,30.449,3.9117279780221357,-5.038999999999998,0.5475999999999998,0.02366589479126419,0.6,0.052400000000000224,2543.4975333333346,187.1557870029235,2956.8,58.90884999999999,46.589900000000014,31.75593781481415,67.93767464433839,100,90,0,90,0
50.47897758332994,65.16543087498327,191.73,0.0,191.73,-141.91500000000002,141.25102241667005,8.42990250000002,2.7478941263754244,19.885,0.0,0.0,19.885,36.341658333333335,41.152,30.441,3.9281604646339905,-5.050999999999998,0.5493333333333335,0.02550683967206632,0.603,0.05366666666666653,2543.0644666666813,187.4920548783049,2951.0,58.888483333333355,46.80245000000003,31.750179472221095,67.93883184103076,100,90,0,90,0
50.47738455555315,65.1633698356699,191.81,0.0,191.81,-141.82,141.33261544444684,8.438865833333336,2.7518007390171535,19.064,0.0,0.0,19.064,36.330037499999975,41.125,30.445,3.925953338723567,-5.063000000000002,0.5463000000000001,0.02363873580605514,0.603,0.05669999999999986,2544.1666,187.00968071525122,2953.4,59.05808333333333,46.83543333333334,31.748762629628818,67.93880931049311,100,90,0,90,0
50.477528361108256,65.16470996552887,191.81,0.0,191.81,-141.83499999999998,141.33247163889175,8.43255833333334,2.7475397380397086,19.901,0.0,0.0,19.901,36.32709583333333,41.109,30.445,3.9159185527940257,-4.8870000000000005,0.5470166666666667,0.02284174862452496,0.6,0.05298333333333327,2543.716533333374,187.51070976798945,2953.6,58.87868333333334,46.568033333333325,31.745727509258312,67.9350914521931,100,90,0,90,0
50.4939702222196,65.15427426862117,191.76,0.0,191.76,-141.73000000000002,141.26602977778037,8.436343333333346,2.75285318460724,20.479,0.0,0.0,20.479,36.33723333333333,41.113,30.449,3.9019163251009448,-4.969000000000001,0.5474833333333334,0.022946135649449494,0.609,0.06151666666666655,2542.2990333333096,186.8244612168074,2949.8,59.06771666666668,46.220433333333325,31.75584896296209,67.93007358887786,100,100,0,90,0
50.49648761110822,65.1586564774684,191.81,0.0,191.81,-141.968,141.31351238889178,8.436770833333346,2.744279679463308,20.194,0.0,0.0,20.194,36.30656666666667,41.074,30.383,3.9332293230462487,-4.963999999999999,0.5484500000000001,0.03043716784526242,0.614,0.06554999999999989,2544.3746666667284,187.4610035612694,2953.0,59.04936666666667,46.73595,31.746608370369415,67.93337332477697,100,100,0,90,0
50.492273027774885,65.1522539096523,191.81,0.0,191.81,-141.966,141.3177269722251,8.434867500000017,2.748195794525557,20.359,0.0,0.0,20.359,36.322475000000004,41.074,30.445,3.899732810206897,-4.981000000000002,0.5463333333333331,0.025372256746875654,0.601,0.05466666666666686,2542.8455666666846,186.58879616281305,2949.8,59.031866666666666,46.1851,31.749871842591634,67.92582196092474,100,100,0,90,0
50.50259383333096,65.15940358600265,191.79,0.0,191.79,-141.80100000000002,141.28740616666903,8.437893333333344,2.7426005925576313,20.122,0.0,0.0,20.122,36.30141666666668,41.074,30.402,3.91583035986653,-4.949000000000002,0.5494166666666668,0.026602721707747985,0.6,0.0505833333333332,2545.0042999999964,186.75082259470764,2952.0,59.04314999999999,46.492533333333334,31.747301277776995,67.92860690026804,100,100,0,90,0
50.49752577777583,65.15547963413158,191.76,0.0,191.76,-141.957,141.26247422222417,8.439002500000019,2.746207783499313,20.26,0.0,0.0,20.26,36.291766666666675,41.07,30.375,3.9117610160365093,-4.9609999999999985,0.5528833333333335,0.026813285137912594,0.608,0.05511666666666648,2544.8149999999887,186.74581648592783,2951.0,59.035683333333346,46.530899999999995,31.742764981480843,67.92850070276882,100,100,0,90,0
50.50271116666435,65.15797993945998,191.75,0.0,191.75,-141.909,141.24728883333566,8.439259166666663,2.7451618759380216,20.186,0.0,0.0,20.186,36.292591666666674,41.074,30.367,3.920979795994838,-4.8870000000000005,0.5513666666666667,0.02571088713977258,0.602,0.05063333333333331,2545.0493666666875,187.24872584476324,2953.4,59.06866666666665,46.58191666666665,31.744853999999226,67.92885270253777,100,100,0,90,0
50.50938480555354,65.16344014062668,191.76,0.0,191.76,-142.03,141.25061519444645,8.438460000000022,2.7503159011945586,20.249,0.0,0.0,20.249,36.29554999999998,41.074,30.391,3.8912820527720604,-5.023000000000003,0.5495,0.028511965968516264,0.623,0.07350000000000001,2545.4626666666877,186.3400598615528,2955.8,58.97991666666668,46.09940000000002,31.747798268517844,67.94226800778975,100,100,0,90,0
50.50573736110934,65.16451411751515,191.76,0.0,191.76,-142.117,141.25426263889065,8.441365833333355,2.749572133884137,20.253,0.0,0.0,20.253,36.271408333333326,41.07,30.355,3.919692889933432,-4.965,0.5517333333333333,0.028141209704201028,0.615,0.0632666666666667,2545.6679333333377,186.7292231517571,2954.0,59.043499999999995,46.56576666666665,31.73950384259201,67.9422274611035,100,100,0,90,0
50.51232952777537,65.16209200348348,191.86,0.0,191.86,-141.993,141.34767047222465,8.440636666666672,2.757703949341868,20.479,0.0,0.0,20.479,36.28241666666664,41.074,30.441,3.9069028752591874,-4.952999999999996,0.5533833333333333,0.027797751199537906,0.624,0.07061666666666666,2546.1621666666665,187.97798699822505,2953.0,59.02426666666664,46.352416666666656,31.745127620369562,67.9475937040249,100,100,0,90,0
50.49886730555368,65.15026622334966,191.84,0.0,191.84,-141.935,141.34113269444632,8.440490833333337,2.741911096352242,20.059,0.0,0.0,20.059,36.25700416666668,41.082,30.363,3.929805214649597,-5.152999999999999,0.5504166666666667,0.024928570272264076,0.61,0.05958333333333332,2546.288766666638,187.49561755299547,2955.2,59.04566666666664,46.90066666666666,31.7321207685179,67.91710588997417,100,100,0,90,0
50.507643472220416,65.16117377107197,191.79,0.0,191.79,-141.906,141.28235652777957,8.440060833333332,2.7509794110885,20.203,0.0,0.0,20.203,36.244187499999995,41.07,30.363,3.9125625170790945,-4.964999999999996,0.5527666666666666,0.03216607680733135,0.625,0.07223333333333337,2548.4924333333265,187.75032438533015,2961.0,58.99555,46.930483333333314,31.73063060185125,67.9443192589678,100,100,0,90,0
50.51232072222022,65.16214408002891,191.7,0.0,191.7,-142.039,141.18767927777978,8.442734166666684,2.7431549529837667,20.083,0.0,0.0,20.083,36.258358333333334,41.055,30.445,3.883221985980055,-4.940999999999995,0.5500666666666667,0.026017508229330414,0.618,0.06793333333333329,2547.4347666666713,187.55213662322683,2957.0,59.05353333333334,46.28921666666668,31.737804407406742,67.93131654124201,100,100,0,90,0
50.51482988888764,65.16783292951467,191.84,0.0,191.84,-141.912,141.32517011111236,8.44387583333335,2.753279908090146,20.433,0.0,0.0,20.433,36.2396625,41.07,30.367,3.907466984236397,-4.969000000000001,0.5493,0.0248707165633176,0.607,0.057699999999999974,2546.977033333282,186.74079845291806,2953.4,59.0681,46.552916666666654,31.732789407406997,67.94598355416814,100,100,0,90,0
50.5112573055543,65.16367977988028,191.81,0.0,191.81,-141.979,141.2987426944457,8.44062583333334,2.7496637181605403,20.161,0.0,0.0,20.161,36.24019583333334,41.047,30.375,3.885080056468701,-5.0390000000000015,0.5515166666666668,0.02593308969719838,0.61,0.05848333333333322,2547.040400000037,187.11861153727406,2957.2,59.007066666666674,46.30835,31.730692990740327,67.93927658773802,100,100,0,90,0
50.50557686110907,65.16040570937349,191.81,0.0,191.81,-141.846,141.30442313889094,8.437222499999995,2.748899959465551,20.228,0.0,0.0,20.228,36.21564583333336,40.977,30.363,3.898353920881374,-5.035,0.5508333333333334,0.029820460878491616,0.618,0.0671666666666666,2543.9110333334256,187.53021170373898,2953.2,59.0331,46.62851666666666,31.719481731480812,67.93912612971754,100,100,0,90,0
50.5002145555534,65.15732638891741,191.81,0.0,191.81,-142.06300000000002,141.30978544444662,8.434974166666699,2.7484008655818233,20.308,0.0,0.0,20.308,36.21874166666667,40.977,30.367,3.8916853863556056,-5.0589999999999975,0.5474833333333333,0.02146300851379591,0.584,0.03651666666666664,2543.411333333386,187.06203149087509,2950.8,59.06800000000001,46.689816666666644,31.71797679629559,67.92719026301303,100,100,0,90,0
50.490918638886725,65.14899325881136,191.84,0.0,191.84,-141.85999999999999,141.3490813611133,8.434724166666687,2.7396318515421543,20.071,0.0,0.0,20.071,36.216937499999986,40.977,30.367,3.8875216594870787,-5.054999999999996,0.5452333333333335,0.02404682343915977,0.597,0.051766666666666517,2542.7297666667073,186.84623223307315,2949.4,59.132349999999995,46.472300000000004,31.714193435184466,67.91267193379268,100,100,0,90,0
50.50389786110877,65.15618249001781,191.77,0.0,191.77,-141.928,141.26610213889126,8.431240833333339,2.7501358339944755,20.28,0.0,0.0,20.28,36.21521250000005,40.977,30.363,3.8916097690829914,-5.073999999999998,0.5370166666666666,0.017652475378984383,0.585,0.04798333333333338,2544.0463333333782,186.7998160646021,2951.6,58.970800000000025,46.54496666666668,31.716783731480717,67.92397079939127,100,100,0,90,0
50.50678461110914,65.15693738541995,191.69,0.0,191.69,-141.976,141.18321538889086,8.437847500000002,2.751015332935361,20.395,0.0,0.0,20.395,36.20533750000001,40.973,30.355,3.8958340058450034,-5.046999999999997,0.5465833333333331,0.022179003406158596,0.6,0.05341666666666689,2543.8183000000126,186.5295352208195,2951.4,59.05390000000001,46.64793333333333,31.716656537036386,67.93013172176148,100,100,0,90,0
